vehicle_type,battery_capacity_kwh,start_soc_percent,target_soc_percent,charger_power_kw,ambient_temp_c,charging_time_minutes
Hatchback,31.58,60.4,89.5,30.0,-0.0,37.2
SUV,92.51,10.7,53.7,30.0,14.7,108.7
Two-Wheeler,4.06,32.2,51.4,30.0,24.4,1.6
Two-Wheeler,3.58,53.5,73.2,60.0,46.4,1.2
SUV,71.81,33.7,41.4,30.0,3.2,20.4
Two-Wheeler,4.42,24.2,55.4,30.0,19.9,3.4
Sedan,51.89,17.4,74.4,3.3,18.2,668.3
Two-Wheeler,4.01,28.3,52.6,60.0,31.2,1.1
Two-Wheeler,2.02,55.5,86.8,3.3,32.4,12.7
SUV,84.91,11.5,26.1,11.0,30.4,81.1
Two-Wheeler,3.91,45.2,77.8,11.0,24.6,7.9
SUV,80.29,16.6,53.6,3.3,40.2,639.4
Two-Wheeler,2.7,22.0,75.3,3.3,24.5,28.8
Two-Wheeler,3.02,57.4,68.6,30.0,-3.8,1.3
Two-Wheeler,3.15,13.0,59.1,30.0,3.1,5.2
Sedan,49.53,22.5,73.2,11.0,14.2,161.1
Sedan,64.05,63.8,90.6,3.3,9.1,541.1
Sedan,57.92,32.6,54.6,30.0,0.1,50.2
Hatchback,28.04,22.8,69.6,11.0,4.4,110.2
Hatchback,35.79,31.4,76.3,30.0,26.0,35.2
SUV,79.55,4.8,54.4,3.3,12.5,993.5
SUV,85.57,13.6,93.9,3.3,25.8,1412.4
SUV,65.8,67.2,85.6,11.0,36.5,84.5
Sedan,52.27,65.8,87.5,11.0,20.1,74.4
Two-Wheeler,3.3,31.8,38.2,7.2,38.8,2.1
SUV,84.39,9.4,71.9,3.3,9.9,1390.5
SUV,91.9,9.3,92.8,30.0,7.2,239.5
Hatchback,30.56,58.4,93.0,11.0,11.8,95.0
SUV,83.03,19.4,95.2,7.2,3.7,1004.8
Sedan,64.81,62.6,91.9,11.0,42.2,153.3
Hatchback,29.74,54.5,86.3,11.0,14.8,69.4
SUV,74.19,65.7,77.8,30.0,1.5,38.2
Two-Wheeler,2.45,42.8,93.4,3.3,5.4,38.0
Two-Wheeler,4.43,36.1,49.5,30.0,-4.3,2.6
Sedan,56.94,10.3,58.2,3.3,31.8,510.7
Sedan,60.1,50.6,88.4,3.3,1.9,780.7
Two-Wheeler,3.22,47.1,97.9,7.2,10.2,22.9
Sedan,53.88,45.1,55.4,3.3,2.4,185.7
Hatchback,33.94,65.4,94.2,60.0,19.8,13.8
Two-Wheeler,2.27,58.4,92.6,3.3,7.3,23.8
Two-Wheeler,4.17,43.0,69.5,30.0,14.8,2.9
Hatchback,38.01,32.9,53.3,30.0,7.5,21.8
Two-Wheeler,2.26,6.5,64.1,60.0,2.7,2.5
Sedan,43.6,64.6,74.7,7.2,10.1,50.1
Sedan,40.53,5.8,26.4,3.3,-2.2,315.1
SUV,78.78,23.6,64.6,30.0,41.4,80.5
SUV,71.35,18.1,42.3,3.3,25.3,364.7
Sedan,49.34,37.6,48.4,3.3,39.2,119.7
Sedan,42.48,59.4,96.5,60.0,46.9,34.3
SUV,87.49,55.0,65.4,30.0,23.4,20.8
Two-Wheeler,3.16,28.2,75.9,60.0,9.1,2.1
Sedan,50.42,17.8,51.2,11.0,14.4,115.4
Sedan,57.14,22.2,96.3,7.2,43.6,598.8
Two-Wheeler,3.34,59.7,87.7,7.2,37.6,9.3
Two-Wheeler,2.72,52.0,65.7,30.0,31.8,1.0
Two-Wheeler,2.24,51.3,60.0,30.0,44.6,1.0
Two-Wheeler,4.0,42.4,88.6,60.0,37.1,2.1
Hatchback,33.85,8.5,66.8,7.2,4.1,299.8
Hatchback,31.99,37.5,86.4,11.0,37.4,111.4
Hatchback,38.97,10.1,25.1,11.0,-0.4,65.6
SUV,92.1,47.6,68.4,11.0,42.6,142.0
SUV,77.75,23.4,39.7,7.2,2.8,204.7
SUV,78.42,51.6,80.6,11.0,44.6,176.6
SUV,78.17,69.1,92.7,11.0,45.4,222.3
Sedan,55.93,10.3,65.1,60.0,31.4,34.3
Hatchback,37.38,22.1,60.5,11.0,18.4,96.4
SUV,92.35,9.5,99.7,60.0,41.6,131.9
Two-Wheeler,2.27,69.9,91.6,60.0,29.5,1.0
SUV,66.01,18.4,34.3,60.0,36.2,12.9
Hatchback,34.84,4.5,10.0,60.0,-2.3,3.4
Two-Wheeler,2.6,59.8,66.8,60.0,37.5,1.0
Hatchback,35.47,59.0,65.4,30.0,5.7,7.9
SUV,94.79,12.6,78.1,30.0,5.2,203.0
Hatchback,39.7,43.6,51.4,30.0,27.7,7.1
Hatchback,35.64,13.8,26.2,60.0,4.7,6.9
SUV,92.44,45.3,78.7,11.0,2.7,335.2
SUV,85.23,49.6,84.1,7.2,44.9,358.2
Sedan,50.1,34.2,46.5,11.0,2.1,62.3
Hatchback,31.42,43.5,81.2,7.2,16.8,115.4
Two-Wheeler,3.47,23.6,31.1,7.2,17.2,2.9
Hatchback,33.59,40.5,83.8,7.2,29.3,137.0
SUV,92.56,39.3,68.4,7.2,28.2,293.9
Two-Wheeler,3.84,62.3,97.4,11.0,21.7,11.0
Sedan,47.86,58.9,81.8,30.0,1.1,43.7
Two-Wheeler,2.14,21.1,50.8,60.0,4.2,1.1
Hatchback,25.22,58.2,94.7,30.0,14.7,30.2
Hatchback,26.8,26.8,97.2,30.0,47.8,78.3
Sedan,57.19,50.0,72.4,7.2,29.0,118.4
SUV,83.38,13.1,31.7,7.2,39.3,176.3
Two-Wheeler,4.1,69.3,78.0,11.0,18.8,2.2
Sedan,58.88,31.5,66.3,3.3,3.0,625.4
Hatchback,25.67,17.8,45.4,60.0,21.0,8.4
SUV,67.94,18.6,88.0,11.0,28.8,296.4
Sedan,59.07,6.0,43.6,30.0,23.6,51.4
Two-Wheeler,3.21,54.3,94.0,60.0,21.8,1.6
Sedan,61.26,25.2,65.0,11.0,23.2,140.0
Hatchback,38.76,44.9,58.8,7.2,13.0,61.7
Sedan,63.19,32.5,56.7,3.3,26.7,308.0
Sedan,57.58,45.1,99.1,7.2,27.9,418.9
Two-Wheeler,4.26,51.0,98.4,30.0,36.4,5.7
Hatchback,35.99,31.9,71.8,3.3,29.7,318.0
Hatchback,29.32,51.9,89.2,60.0,13.4,13.7
Sedan,59.43,35.3,99.1,3.3,19.6,944.4
Hatchback,36.91,7.8,61.2,11.0,37.5,130.0
Sedan,40.92,27.3,35.6,60.0,0.8,6.7
Two-Wheeler,3.93,60.9,91.1,30.0,37.4,3.1
Two-Wheeler,3.55,60.4,65.5,7.2,22.3,1.6
SUV,79.05,62.9,89.5,3.3,7.6,548.1
SUV,94.87,22.3,70.2,7.2,16.0,474.9
SUV,71.57,7.8,42.6,60.0,33.0,29.5
SUV,75.37,29.7,43.7,60.0,25.5,10.7
Hatchback,38.73,35.8,48.7,7.2,14.4,50.1
Sedan,40.44,32.8,77.3,7.2,13.2,192.5
Two-Wheeler,3.88,38.8,59.8,60.0,42.5,1.0
SUV,96.82,38.0,85.3,7.2,26.3,446.8
Hatchback,28.62,23.9,40.0,7.2,41.3,49.8
Hatchback,36.88,55.3,77.7,11.0,20.2,53.8
SUV,93.51,63.4,93.3,30.0,4.8,119.1
Sedan,56.32,67.0,86.3,3.3,17.9,266.1
Two-Wheeler,2.26,4.8,32.0,60.0,-1.5,1.1
Sedan,47.81,5.5,20.5,11.0,15.4,52.4
Two-Wheeler,2.52,22.5,56.1,30.0,17.1,2.0
Sedan,61.57,2.1,54.3,3.3,20.9,588.6
Sedan,59.51,59.2,73.5,11.0,12.1,53.6
Two-Wheeler,3.71,17.5,48.1,11.0,44.3,7.7
Sedan,57.79,12.2,21.2,11.0,2.3,52.2
Hatchback,27.82,4.1,19.2,3.3,27.9,89.7
Hatchback,33.85,59.8,64.9,11.0,40.2,13.1
Sedan,59.32,60.2,74.0,3.3,43.7,188.8
Two-Wheeler,4.46,26.6,87.2,30.0,11.9,7.5
Hatchback,28.25,30.2,55.8,30.0,-0.9,29.8
SUV,65.67,13.3,77.5,7.2,32.5,441.2
Two-Wheeler,4.23,42.4,54.0,7.2,2.6,6.8
Hatchback,32.61,69.4,74.5,3.3,-4.1,67.7
SUV,69.44,63.0,96.2,11.0,23.4,176.3
Hatchback,25.76,42.4,62.9,7.2,30.2,43.6
Hatchback,33.94,17.7,90.3,3.3,8.4,646.0
Hatchback,30.94,48.1,87.1,11.0,25.0,75.0
SUV,79.67,37.0,42.7,60.0,37.2,5.5
Sedan,42.35,62.5,80.3,11.0,31.2,46.5
Sedan,44.46,15.6,88.8,60.0,43.4,41.6
Sedan,58.34,61.7,79.3,11.0,22.4,66.8
SUV,92.4,40.8,51.4,30.0,42.9,25.4
Two-Wheeler,2.25,15.9,79.7,30.0,-3.8,6.3
Two-Wheeler,3.8,62.4,80.2,7.2,11.9,8.8
SUV,79.32,42.9,96.6,11.0,19.8,358.0
Sedan,49.85,10.9,29.6,7.2,31.3,76.3
Hatchback,28.65,8.7,78.7,60.0,41.7,24.7
Sedan,44.64,37.5,69.4,7.2,8.8,174.6
Hatchback,39.39,46.4,75.5,11.0,0.9,121.4
Hatchback,36.47,61.6,96.7,7.2,47.2,227.7
Sedan,41.8,11.4,41.8,60.0,24.3,12.0
Two-Wheeler,3.54,38.9,53.2,60.0,8.4,1.0
Hatchback,33.76,52.0,69.7,60.0,14.7,7.8
Hatchback,36.59,16.1,95.4,30.0,1.4,121.3
SUV,74.26,59.6,70.9,3.3,16.9,199.3
Hatchback,35.65,59.9,95.6,7.2,13.0,182.3
SUV,73.57,13.0,95.1,7.2,42.1,710.6
Sedan,52.27,38.0,73.6,11.0,18.0,123.0
Sedan,63.81,34.8,97.2,3.3,3.7,1568.0
Two-Wheeler,2.63,4.0,19.9,7.2,43.6,4.8
Two-Wheeler,3.16,29.2,69.2,30.0,4.9,3.4
Hatchback,36.12,33.9,48.2,60.0,43.8,6.5
SUV,76.98,56.0,85.3,3.3,34.8,487.3
Two-Wheeler,4.31,31.8,77.2,7.2,-4.9,29.6
Sedan,41.55,33.2,46.1,7.2,3.1,79.2
Sedan,63.05,23.7,80.5,7.2,19.4,343.3
SUV,81.55,66.6,81.3,11.0,4.4,118.0
Two-Wheeler,2.1,32.6,93.3,60.0,34.7,1.6
Sedan,56.5,22.6,96.2,11.0,14.4,359.7
Sedan,54.05,50.9,78.4,11.0,43.1,112.4
Hatchback,30.14,29.8,63.5,30.0,1.7,38.9
Sedan,56.39,47.1,53.0,30.0,12.3,9.7
Hatchback,37.91,18.8,74.7,30.0,1.9,77.7
Two-Wheeler,2.71,47.9,95.8,3.3,5.7,46.2
SUV,98.35,43.5,61.6,30.0,28.2,43.1
SUV,78.99,48.6,54.7,60.0,16.2,6.1
Two-Wheeler,3.11,65.6,95.7,30.0,12.1,3.4
SUV,87.13,24.7,46.9,11.0,43.4,148.4
Sedan,64.46,52.7,90.0,60.0,35.4,33.3
SUV,73.41,45.8,65.1,11.0,8.7,117.1
Sedan,45.47,57.5,94.8,11.0,3.9,192.4
Hatchback,36.96,59.1,69.0,7.2,36.0,32.5
Hatchback,39.98,15.1,32.4,7.2,17.4,82.1
Two-Wheeler,4.45,6.7,23.9,60.0,36.9,1.0
Sedan,56.59,9.6,85.7,60.0,4.3,72.1
SUV,82.53,48.7,83.9,11.0,47.6,300.5
Hatchback,35.92,68.4,81.9,3.3,19.4,108.0
Hatchback,35.08,26.0,85.3,3.3,39.1,440.9
Two-Wheeler,2.8,52.9,91.6,11.0,21.0,7.0
Sedan,61.98,8.5,26.8,3.3,23.3,215.2
SUV,65.02,31.7,85.7,3.3,-3.2,1317.1
SUV,70.88,12.0,88.4,60.0,38.6,67.0
Sedan,42.32,28.8,82.6,60.0,8.6,33.2
Hatchback,36.25,33.6,61.2,11.0,6.6,82.0
SUV,69.16,7.8,28.2,30.0,4.3,51.7
Hatchback,39.86,11.3,71.0,7.2,18.8,237.9
Hatchback,39.63,61.4,72.8,60.0,6.7,6.9
Two-Wheeler,3.84,40.5,75.5,7.2,38.9,14.6
Sedan,41.24,42.9,73.2,3.3,8.8,308.6
Sedan,60.67,40.2,66.3,30.0,9.3,46.1
Hatchback,33.46,48.0,56.1,7.2,-4.9,41.9
SUV,87.62,13.7,91.1,60.0,19.9,90.2
Two-Wheeler,2.15,16.6,67.5,60.0,5.4,1.6
Hatchback,26.49,16.1,54.4,7.2,4.3,142.0
SUV,76.21,26.5,35.3,60.0,13.9,9.0
Two-Wheeler,2.51,62.4,97.7,30.0,0.3,4.5
Hatchback,34.29,10.3,87.5,3.3,35.0,586.9
SUV,99.88,5.0,46.1,11.0,12.2,295.2
Hatchback,37.09,13.6,98.3,11.0,21.4,227.8
Two-Wheeler,3.46,10.7,42.8,7.2,5.2,16.1
Two-Wheeler,3.47,26.4,59.4,60.0,17.9,1.4
Sedan,63.32,28.6,55.5,60.0,18.9,22.1
Sedan,56.47,39.7,62.4,11.0,13.3,91.3
SUV,70.81,51.2,73.2,3.3,6.4,442.7
Two-Wheeler,2.64,58.2,97.3,30.0,26.7,3.1
Two-Wheeler,4.36,28.7,95.0,3.3,25.7,64.5
SUV,88.81,40.3,46.7,3.3,34.4,103.0
Hatchback,31.99,2.4,80.2,11.0,12.5,179.9
Two-Wheeler,3.41,20.4,37.4,7.2,36.1,4.7
Hatchback,39.48,67.5,96.0,11.0,4.9,130.1
Two-Wheeler,2.94,8.9,83.7,60.0,20.5,2.4
SUV,86.25,30.9,59.6,60.0,17.1,28.8
Two-Wheeler,4.09,21.3,48.7,30.0,41.3,2.8
Two-Wheeler,3.16,48.9,61.5,11.0,30.4,2.3
Two-Wheeler,2.1,33.4,70.6,30.0,6.4,2.4
SUV,77.04,8.6,95.4,3.3,16.5,1747.6
Sedan,42.02,46.3,93.7,60.0,28.6,24.0
Hatchback,25.54,38.4,99.6,11.0,45.8,201.0
Hatchback,29.53,63.4,69.8,30.0,44.6,4.8
Two-Wheeler,2.15,58.8,69.4,3.3,23.3,4.4
Two-Wheeler,2.99,32.3,41.2,11.0,46.3,2.6
Two-Wheeler,2.72,67.6,75.2,3.3,41.0,4.9
SUV,99.16,59.3,98.0,60.0,1.7,104.7
Sedan,53.59,63.1,99.1,11.0,32.4,148.2
Sedan,49.66,26.6,58.4,11.0,-0.2,162.6
SUV,80.61,65.3,88.5,30.0,-3.1,85.9
Two-Wheeler,4.44,16.9,62.2,7.2,44.6,20.6
Hatchback,25.74,12.4,22.7,7.2,5.3,37.1
Sedan,53.43,44.6,59.7,60.0,37.4,10.7
SUV,98.21,25.7,36.9,60.0,7.0,18.4
SUV,78.24,54.4,81.3,60.0,4.7,39.0
Hatchback,35.09,31.6,51.1,30.0,33.3,15.9
SUV,71.58,9.3,56.9,60.0,22.5,38.6
Two-Wheeler,4.49,35.1,68.7,11.0,17.4,10.0
SUV,72.98,45.4,52.9,11.0,47.0,57.1
Sedan,51.89,6.1,84.2,60.0,29.4,44.2
Two-Wheeler,3.59,60.2,87.2,11.0,13.4,7.2
Two-Wheeler,4.4,27.2,61.0,30.0,38.0,3.5
Hatchback,31.9,16.7,80.0,30.0,2.0,80.1
Sedan,58.68,62.8,76.6,30.0,0.9,28.7
Two-Wheeler,2.49,21.8,65.6,3.3,41.8,25.4
Hatchback,27.63,26.3,64.2,30.0,2.8,37.9
Hatchback,26.91,39.4,83.6,7.2,-1.3,188.0
Hatchback,36.22,57.4,79.3,30.0,38.5,18.2
Sedan,44.41,33.8,62.8,7.2,7.8,159.8
Hatchback,29.09,10.9,52.8,7.2,11.1,121.8
Two-Wheeler,3.91,65.2,85.1,7.2,29.1,6.4
SUV,86.47,62.5,97.0,60.0,36.9,51.3
Two-Wheeler,2.04,34.4,69.4,3.3,16.6,16.0
Two-Wheeler,4.09,9.4,33.7,11.0,37.0,5.5
Two-Wheeler,4.18,62.5,77.7,60.0,16.3,1.0
Two-Wheeler,4.35,25.4,69.2,30.0,10.7,5.2
Hatchback,25.87,66.6,83.0,3.3,39.2,91.4
SUV,71.14,57.2,72.2,3.3,43.4,267.3
Sedan,60.36,18.0,44.3,30.0,46.1,54.7
Hatchback,31.49,19.2,83.0,11.0,35.9,124.3
SUV,72.46,2.3,60.2,60.0,47.7,74.9
Hatchback,32.78,57.1,65.5,7.2,15.9,25.8
Hatchback,27.83,15.3,53.0,7.2,20.4,88.9
SUV,89.16,68.8,84.6,30.0,16.4,37.3
Hatchback,35.95,53.3,62.4,7.2,19.8,29.2
Hatchback,31.96,21.7,85.0,3.3,43.1,481.3
SUV,74.59,19.3,34.5,7.2,45.0,170.7
Two-Wheeler,4.12,29.1,36.5,7.2,3.6,4.3
Sedan,45.27,64.4,95.4,30.0,40.0,49.3
SUV,95.36,22.8,72.5,3.3,35.3,983.5
Hatchback,39.08,51.5,75.7,30.0,41.5,23.8
Two-Wheeler,4.05,53.0,70.1,30.0,1.2,2.4
Sedan,52.63,41.6,67.7,11.0,36.7,83.5
Two-Wheeler,3.84,48.1,77.6,7.2,5.0,15.6
Sedan,58.05,64.4,99.5,60.0,13.7,42.0
SUV,99.53,8.4,49.1,11.0,41.4,293.0
SUV,78.4,68.6,96.9,30.0,11.0,87.7
Hatchback,34.1,46.8,91.8,7.2,-3.7,257.6
Two-Wheeler,3.41,35.7,44.0,30.0,13.5,1.0
Two-Wheeler,2.99,66.3,72.7,3.3,34.7,3.8
SUV,91.11,62.2,74.3,60.0,23.2,12.2
Two-Wheeler,2.58,3.8,96.2,7.2,32.6,24.3
Sedan,53.29,34.4,66.6,30.0,28.9,40.5
Hatchback,37.18,25.8,70.8,60.0,2.5,28.6
Hatchback,38.83,24.6,41.5,60.0,6.2,11.0
Hatchback,26.07,69.3,76.2,3.3,2.0,57.1
SUV,92.1,44.9,94.1,11.0,28.8,317.0
Two-Wheeler,3.12,25.5,63.0,30.0,4.0,3.7
Two-Wheeler,2.38,18.8,88.0,7.2,12.5,19.0
SUV,67.72,54.0,71.6,60.0,6.5,18.1
SUV,75.33,40.7,61.4,60.0,24.4,19.6
Sedan,55.59,11.2,74.3,30.0,30.8,75.0
SUV,80.64,29.8,40.5,3.3,6.8,233.0
Two-Wheeler,2.59,58.4,83.4,30.0,35.3,1.3
SUV,86.69,65.1,84.8,11.0,23.0,101.3
Two-Wheeler,2.18,37.1,70.0,30.0,43.8,2.0
SUV,98.68,32.6,48.9,11.0,6.5,125.9
SUV,80.12,54.3,89.2,3.3,-3.3,1095.6
Two-Wheeler,4.35,13.4,69.5,3.3,12.3,56.8
Sedan,58.99,17.7,92.7,11.0,21.5,287.8
Sedan,64.97,17.2,44.5,60.0,8.3,26.3
SUV,99.77,69.3,87.9,11.0,28.9,108.6
Sedan,45.1,37.9,90.5,60.0,11.1,36.0
Hatchback,39.78,63.6,93.7,60.0,9.3,19.3
SUV,84.63,36.4,78.7,11.0,16.6,268.7
Two-Wheeler,2.83,10.7,31.6,7.2,40.1,5.5
Hatchback,36.39,39.7,45.8,7.2,11.8,24.2
Sedan,46.88,6.4,16.3,30.0,25.8,10.2
Hatchback,27.33,43.2,71.3,60.0,18.5,10.0
Sedan,62.33,2.7,24.2,60.0,42.9,17.3
SUV,72.1,46.9,86.8,3.3,26.8,571.6
Two-Wheeler,2.75,34.5,61.2,11.0,6.9,6.3
Hatchback,35.67,3.3,48.5,7.2,29.1,140.1
SUV,93.37,50.4,60.0,30.0,20.2,19.0
SUV,66.49,17.2,57.6,7.2,16.9,273.7
Hatchback,38.89,15.7,94.4,60.0,-4.1,70.3
SUV,65.42,53.9,98.8,60.0,43.0,53.0
Hatchback,26.17,59.8,86.4,11.0,27.6,42.2
SUV,70.38,52.3,60.5,11.0,33.7,31.7
SUV,82.84,23.2,97.8,11.0,33.9,482.3
Two-Wheeler,2.55,33.5,96.5,3.3,33.9,34.4
Two-Wheeler,2.95,59.9,73.4,60.0,27.8,1.0
Hatchback,35.39,69.1,78.0,7.2,-0.3,50.6
Two-Wheeler,2.18,34.3,85.1,7.2,10.1,11.3
Hatchback,32.8,59.3,80.2,60.0,45.5,11.5
Hatchback,38.28,35.3,48.7,3.3,3.1,158.6
Hatchback,29.3,11.5,53.3,3.3,17.0,269.9
Sedan,40.8,43.8,67.9,7.2,29.5,80.8
Sedan,46.21,33.0,62.5,3.3,37.9,292.3
Two-Wheeler,3.48,3.5,55.6,11.0,13.3,12.1
SUV,92.4,66.1,71.7,3.3,26.9,108.3
Two-Wheeler,3.97,45.0,96.5,7.2,47.0,33.7
Sedan,53.67,12.0,44.9,11.0,47.3,163.8
Hatchback,37.64,24.0,63.1,11.0,46.8,142.5
Hatchback,25.78,66.3,78.9,3.3,21.7,63.2
SUV,97.55,36.2,98.3,11.0,8.7,614.7
SUV,80.69,21.0,89.3,60.0,15.7,71.1
Two-Wheeler,2.47,22.5,29.7,60.0,15.8,1.0
SUV,71.35,47.9,65.3,30.0,13.8,34.2
Sedan,51.66,26.6,89.9,30.0,25.3,78.2
Hatchback,30.14,4.7,54.3,60.0,1.6,33.1
SUV,69.58,56.9,97.6,30.0,27.1,83.6
Sedan,64.82,25.2,41.6,30.0,22.5,23.1
Two-Wheeler,3.53,3.0,93.3,3.3,9.0,85.0
Two-Wheeler,2.6,20.6,28.1,3.3,9.8,4.4
Two-Wheeler,2.96,25.1,53.0,7.2,-0.2,13.9
Hatchback,36.35,69.4,98.2,7.2,21.7,146.0
Two-Wheeler,3.93,54.0,93.6,7.2,42.5,20.2
Hatchback,37.1,23.0,94.9,30.0,0.0,131.4
Sedan,42.33,46.6,53.3,30.0,35.8,6.2
Two-Wheeler,4.14,8.7,37.5,30.0,17.0,3.0
SUV,74.28,28.7,61.9,11.0,41.6,177.2
Two-Wheeler,3.06,24.3,64.8,60.0,17.1,1.5
Sedan,43.8,25.9,70.0,11.0,16.9,137.8
Two-Wheeler,4.42,55.4,98.7,7.2,39.4,26.3
Two-Wheeler,2.42,57.6,84.5,11.0,9.0,5.0
Two-Wheeler,3.41,51.0,58.6,3.3,26.7,5.4
Hatchback,32.68,19.6,74.6,3.3,1.3,583.4
Sedan,44.65,24.0,70.7,60.0,33.1,22.1
Sedan,42.6,70.0,86.4,3.3,41.2,177.2
Two-Wheeler,2.22,9.8,94.0,60.0,45.2,3.3
Sedan,51.31,30.3,47.6,7.2,42.6,97.2
Sedan,41.68,4.6,68.7,30.0,13.0,71.3
Sedan,63.75,52.9,94.8,3.3,2.2,1032.9
Two-Wheeler,3.34,22.2,31.6,7.2,14.6,3.3
SUV,71.89,19.8,72.0,7.2,15.6,382.1
SUV,92.02,27.8,72.3,11.0,46.2,383.6
Hatchback,36.91,6.0,49.2,60.0,32.0,18.8
Two-Wheeler,2.23,40.2,52.2,11.0,34.8,1.6
Hatchback,38.04,44.8,80.5,30.0,35.0,28.8
SUV,66.28,39.8,56.8,60.0,40.6,14.6
Sedan,44.7,25.1,79.3,11.0,5.8,197.9
Sedan,59.11,15.6,43.8,60.0,46.5,27.1
SUV,75.77,22.3,30.2,30.0,33.6,12.9
Two-Wheeler,3.82,66.5,93.1,3.3,20.0,22.0
Two-Wheeler,2.81,37.5,67.3,11.0,26.7,5.1
SUV,67.76,28.2,45.2,60.0,13.7,16.1
Sedan,59.1,35.7,95.2,3.3,-3.3,1385.3
Hatchback,26.2,19.9,99.0,11.0,6.1,246.0
Hatchback,32.47,41.5,66.6,11.0,38.8,54.5
SUV,89.14,61.0,78.6,11.0,25.1,87.8
Sedan,41.73,51.5,69.0,3.3,33.4,156.0
Two-Wheeler,4.09,8.0,15.1,60.0,-2.0,1.0
SUV,84.19,31.0,86.9,7.2,20.9,455.6
Two-Wheeler,2.38,58.5,65.4,60.0,20.3,1.0
Hatchback,35.28,19.9,56.3,30.0,14.4,32.4
Sedan,48.17,22.8,45.9,11.0,14.3,80.4
Two-Wheeler,3.51,11.1,74.3,60.0,39.9,2.4
Sedan,40.22,5.2,78.7,3.3,47.3,963.9
Sedan,41.8,42.3,87.1,30.0,14.0,49.2
Sedan,64.78,19.5,38.8,11.0,1.6,134.4
SUV,92.73,53.2,95.5,11.0,37.7,272.7
SUV,75.41,24.4,95.2,11.0,31.1,349.6
Sedan,53.44,35.1,46.5,11.0,7.5,48.9
Hatchback,38.97,10.4,32.2,3.3,35.6,189.7
Hatchback,35.89,6.7,72.8,60.0,28.5,26.2
Hatchback,35.78,41.9,64.0,60.0,32.0,8.5
Hatchback,34.97,31.7,84.6,11.0,47.9,181.1
Hatchback,33.09,34.7,74.2,7.2,-2.4,217.3
Two-Wheeler,3.46,46.7,86.5,11.0,29.0,8.0
Two-Wheeler,3.34,43.2,53.5,30.0,9.5,1.0
Two-Wheeler,3.7,8.1,64.6,60.0,6.8,2.9
Two-Wheeler,3.48,42.2,65.1,60.0,18.7,1.0
Hatchback,32.8,27.0,35.5,30.0,2.6,10.7
Hatchback,39.16,36.4,55.1,7.2,0.6,127.9
Hatchback,30.75,54.5,92.0,60.0,0.9,22.6
Two-Wheeler,3.01,5.5,93.1,60.0,41.8,3.7
Two-Wheeler,2.53,57.7,81.3,11.0,-3.2,6.3
Two-Wheeler,4.07,20.8,29.8,60.0,44.8,1.0
Hatchback,34.63,33.5,64.3,11.0,1.3,98.2
SUV,94.28,11.9,35.8,7.2,24.1,202.9
Sedan,54.08,27.0,74.6,3.3,43.3,607.5
Two-Wheeler,4.26,58.4,86.5,60.0,27.9,1.4
SUV,65.58,67.2,88.5,30.0,36.4,35.5
Sedan,52.74,36.5,67.1,3.3,13.0,385.4
Hatchback,27.59,23.7,49.7,60.0,23.8,9.0
Hatchback,39.25,21.4,77.4,30.0,-3.7,90.1
Sedan,40.77,44.0,83.6,11.0,34.6,100.6
SUV,78.86,4.8,18.8,30.0,29.7,26.3
Sedan,53.94,53.1,92.7,3.3,23.9,439.8
Sedan,61.47,10.3,93.7,30.0,-3.6,199.4
Sedan,44.87,2.3,48.6,3.3,12.7,482.8
Hatchback,31.04,54.2,95.6,11.0,29.6,102.0
SUV,68.11,29.7,96.2,60.0,45.4,94.4
Two-Wheeler,3.14,53.2,59.6,30.0,2.6,1.0
Two-Wheeler,3.67,25.9,92.2,7.2,38.4,22.1
Sedan,46.78,35.6,52.3,30.0,40.6,21.3
Two-Wheeler,4.19,67.3,78.6,60.0,44.4,1.0
Hatchback,33.41,25.3,50.4,11.0,7.8,70.9
SUV,96.07,44.9,76.0,11.0,17.7,190.7
SUV,93.8,15.5,77.5,7.2,35.3,564.9
Sedan,47.28,61.9,91.1,60.0,37.3,18.7
Hatchback,39.9,30.6,88.0,60.0,34.5,24.9
Two-Wheeler,2.99,40.5,51.2,60.0,7.0,1.0
SUV,78.79,18.7,61.2,7.2,37.7,331.3
SUV,85.12,33.8,76.4,3.3,18.7,786.3
Sedan,54.55,36.1,68.9,11.0,38.3,127.9
Hatchback,37.01,60.0,70.4,7.2,25.9,35.2
Two-Wheeler,2.6,47.7,64.7,30.0,22.1,1.0
Sedan,61.89,69.1,96.8,7.2,3.8,377.5
SUV,78.77,61.2,89.5,3.3,23.2,498.0
SUV,89.83,33.9,93.4,60.0,7.2,89.1
SUV,99.02,18.8,42.8,30.0,2.4,95.5
Two-Wheeler,3.26,69.4,74.7,7.2,24.5,1.6
Two-Wheeler,2.89,29.9,45.8,60.0,34.3,1.0
Sedan,49.84,62.7,67.8,3.3,10.8,65.7
Hatchback,29.08,33.3,49.5,7.2,23.1,47.7
Hatchback,26.4,59.4,70.6,11.0,35.5,19.2
Sedan,45.16,14.7,59.6,30.0,-3.3,88.3
Hatchback,37.56,7.5,89.7,30.0,37.3,80.4
SUV,88.6,37.7,80.1,30.0,43.7,108.7
SUV,67.54,66.2,84.0,7.2,30.8,118.9
Two-Wheeler,2.4,56.4,95.7,60.0,-2.4,2.3
SUV,87.7,37.0,57.0,7.2,2.2,293.2
Two-Wheeler,3.59,25.9,45.9,3.3,31.7,13.7
SUV,97.72,28.2,89.0,11.0,-1.0,645.6
Hatchback,37.7,41.4,80.0,60.0,13.7,17.8
Two-Wheeler,4.5,35.5,44.1,30.0,26.6,1.0
Sedan,48.22,51.7,64.7,7.2,3.8,88.8
Hatchback,35.4,4.7,12.3,60.0,24.6,3.0
Two-Wheeler,3.09,64.8,78.5,11.0,31.0,2.6
Two-Wheeler,4.45,52.3,77.1,60.0,6.7,1.6
SUV,72.77,32.7,66.5,30.0,38.8,62.7
Sedan,56.25,20.4,53.1,30.0,-2.6,72.3
Sedan,50.96,18.7,39.7,11.0,26.2,68.9
SUV,91.86,27.6,58.2,3.3,17.9,616.2
Sedan,58.95,65.9,90.1,7.2,17.9,168.1
Two-Wheeler,3.31,23.6,36.0,11.0,17.0,2.9
Two-Wheeler,3.39,65.3,71.4,11.0,27.9,1.1
Hatchback,28.74,10.1,33.5,3.3,9.6,168.0
Sedan,40.02,13.0,25.7,11.0,24.1,32.1
Sedan,45.55,3.6,94.6,11.0,0.7,480.3
Hatchback,39.72,44.0,80.1,3.3,47.3,421.5
Sedan,45.1,44.4,70.6,60.0,15.3,15.5
Sedan,64.93,27.8,76.4,3.3,46.3,1015.1
Sedan,54.2,49.9,61.6,60.0,23.3,7.4
Hatchback,27.32,18.6,88.9,11.0,-3.2,207.2
Two-Wheeler,2.02,13.0,73.3,60.0,-1.8,2.2
Sedan,54.7,26.8,79.4,30.0,26.5,65.8
Two-Wheeler,4.2,47.3,74.8,11.0,12.0,7.7
Two-Wheeler,2.03,69.1,79.9,7.2,38.2,2.0
SUV,79.64,24.1,85.7,7.2,45.8,723.7
Two-Wheeler,3.94,12.1,92.8,3.3,22.4,63.8
SUV,65.41,18.9,93.5,3.3,37.3,1097.8
Two-Wheeler,3.48,19.5,65.5,3.3,12.0,36.8
Hatchback,27.75,33.9,78.7,11.0,1.8,135.2
Two-Wheeler,4.05,46.5,85.9,11.0,33.0,9.7
Hatchback,29.17,8.8,66.0,30.0,-1.5,63.4
Sedan,53.72,12.9,68.0,3.3,36.9,596.7
Hatchback,33.23,40.3,71.2,7.2,29.7,90.8
Two-Wheeler,2.25,58.4,85.1,60.0,8.0,1.0
Hatchback,36.62,42.1,53.0,3.3,-0.8,146.2
Sedan,62.23,53.8,87.6,7.2,9.8,266.5
Two-Wheeler,2.23,24.2,45.8,60.0,15.8,1.0
SUV,84.98,23.4,38.5,11.0,9.1,114.3
Hatchback,30.67,55.7,63.2,30.0,8.5,6.1
Hatchback,35.59,44.0,49.3,60.0,4.8,3.1
Two-Wheeler,4.31,54.0,77.3,7.2,34.7,8.4
Hatchback,34.64,64.5,77.1,11.0,42.0,33.6
Two-Wheeler,3.96,43.8,74.2,30.0,27.7,2.6
Two-Wheeler,2.67,42.6,70.8,7.2,8.0,9.1
Sedan,51.15,29.9,46.7,7.2,33.8,83.7
Sedan,64.1,57.5,89.6,3.3,41.1,503.8
SUV,86.38,43.4,62.2,7.2,6.8,244.1
Hatchback,36.71,53.7,71.8,30.0,5.9,20.3
SUV,97.17,61.5,97.2,11.0,40.1,302.4
Hatchback,25.71,7.7,46.8,11.0,8.7,76.9
Two-Wheeler,2.49,67.2,93.4,60.0,29.0,1.0
SUV,87.62,14.7,95.0,7.2,11.0,898.5
Sedan,56.41,32.7,77.1,30.0,3.5,84.9
Two-Wheeler,2.68,13.0,45.3,7.2,12.6,10.1
Hatchback,27.9,38.8,51.1,3.3,31.5,64.3
Hatchback,38.52,8.7,17.4,11.0,33.2,20.6
SUV,66.99,54.8,75.0,60.0,11.1,19.3
Sedan,41.59,58.2,86.7,60.0,34.0,14.3
Hatchback,27.76,2.1,62.7,60.0,13.8,23.2
Sedan,48.29,6.8,16.8,3.3,43.5,123.2
Two-Wheeler,4.41,11.7,76.3,60.0,26.8,3.0
Hatchback,27.83,7.2,65.2,3.3,47.3,482.2
Hatchback,39.77,48.1,55.0,30.0,41.0,7.3
SUV,82.75,65.7,78.3,3.3,21.1,203.9
Hatchback,26.21,51.4,94.1,3.3,2.6,446.9
Sedan,40.67,39.6,83.4,3.3,29.3,365.4
Sedan,42.35,12.5,94.4,11.0,35.4,236.7
Two-Wheeler,3.62,65.1,82.6,60.0,-4.8,1.2
Hatchback,26.43,25.9,79.4,3.3,36.9,331.8
SUV,91.18,26.1,32.0,3.3,9.9,136.0
Two-Wheeler,4.03,53.7,87.4,7.2,2.4,21.4
Two-Wheeler,2.49,46.1,74.7,30.0,18.3,1.9
Hatchback,26.5,13.2,29.0,11.0,45.6,40.5
Hatchback,29.83,63.1,86.1,7.2,43.7,75.3
Hatchback,33.34,25.5,86.2,3.3,41.6,500.9
Hatchback,33.3,20.4,61.9,60.0,-3.0,26.2
Hatchback,29.63,40.4,47.8,3.3,-0.8,75.2
Sedan,51.93,25.0,46.0,3.3,5.0,327.3
Sedan,43.5,67.3,88.8,60.0,29.0,12.1
SUV,93.69,34.9,71.9,30.0,12.2,97.3
SUV,66.18,20.7,32.7,30.0,5.1,26.7
Hatchback,31.32,8.1,50.8,30.0,13.7,32.0
SUV,82.2,35.1,98.0,11.0,35.1,358.9
Two-Wheeler,2.07,66.1,80.3,11.0,8.6,2.4
Two-Wheeler,2.06,42.8,51.5,3.3,44.5,4.3
SUV,86.58,21.8,31.5,11.0,34.1,55.4
Hatchback,29.67,2.8,47.8,3.3,32.5,256.0
SUV,94.64,29.6,90.1,30.0,21.8,124.9
Hatchback,29.12,3.8,30.9,60.0,14.4,9.6
Sedan,62.08,21.9,65.0,11.0,13.0,186.1
Sedan,42.59,36.2,80.7,3.3,37.2,426.2
Two-Wheeler,2.98,4.2,19.8,30.0,-2.9,1.9
Hatchback,30.34,40.1,71.5,11.0,30.9,55.8
Two-Wheeler,2.87,41.8,78.5,7.2,11.7,11.3
SUV,87.66,11.2,53.2,30.0,42.3,94.5
Two-Wheeler,2.41,36.5,66.3,60.0,-4.5,1.5
SUV,98.4,21.5,90.2,11.0,43.9,546.8
SUV,88.98,39.3,96.9,7.2,18.3,630.6
Two-Wheeler,3.75,68.2,74.0,3.3,34.2,4.6
Two-Wheeler,2.28,49.1,83.8,3.3,-1.4,30.2
Sedan,62.68,61.7,93.8,11.0,22.3,146.9
Two-Wheeler,2.25,46.8,58.3,11.0,22.1,1.5
Sedan,45.8,44.2,89.2,7.2,-2.0,401.5
Sedan,48.56,46.8,71.2,60.0,3.2,21.6
SUV,95.75,64.9,94.6,3.3,24.8,728.6
Two-Wheeler,2.62,7.2,61.5,60.0,12.4,1.9
Sedan,54.91,20.0,39.1,3.3,-2.9,355.5
Hatchback,30.05,48.2,88.6,60.0,12.4,15.4
Hatchback,33.39,2.1,10.3,30.0,47.5,9.3
Sedan,62.56,3.4,80.9,60.0,18.9,55.4
Sedan,47.2,53.1,91.3,3.3,27.8,389.5
Sedan,64.17,31.9,65.1,7.2,24.3,204.6
Sedan,50.81,58.2,96.7,11.0,44.4,199.6
Sedan,57.63,59.0,84.3,11.0,32.1,98.6
Two-Wheeler,3.25,42.0,47.1,7.2,40.4,1.5
Sedan,60.41,50.8,89.3,3.3,15.8,595.2
Two-Wheeler,3.43,2.0,67.0,11.0,33.1,12.4
SUV,93.35,48.3,66.3,11.0,45.8,167.6
Hatchback,39.57,64.5,92.5,60.0,27.3,15.0
Hatchback,36.48,37.4,92.4,11.0,0.8,233.1
Two-Wheeler,3.08,9.4,27.5,11.0,39.4,3.8
Sedan,40.41,34.2,49.2,3.3,32.4,127.7
SUV,85.73,12.5,42.5,7.2,42.1,297.5
SUV,72.88,24.4,62.7,60.0,20.4,35.6
Hatchback,37.78,60.7,84.7,3.3,13.2,215.8
Sedan,59.98,35.9,95.6,7.2,28.0,379.6
SUV,82.64,63.5,74.3,30.0,46.6,33.7
Two-Wheeler,3.21,58.9,75.0,60.0,35.4,1.0
Hatchback,31.69,23.9,56.4,7.2,38.5,102.2
SUV,67.58,54.1,91.5,30.0,16.3,76.8
Sedan,60.02,28.6,65.7,60.0,36.3,26.1
Sedan,48.2,56.8,65.1,60.0,-2.6,8.6
SUV,95.9,66.7,84.1,60.0,10.2,24.0
Hatchback,28.3,65.6,70.7,11.0,2.6,12.9
SUV,72.9,46.6,67.5,3.3,27.6,311.9
Two-Wheeler,3.74,26.9,42.7,30.0,12.0,1.4
SUV,74.71,32.7,89.7,30.0,30.4,103.6
Two-Wheeler,3.68,45.7,60.1,60.0,0.6,1.1
SUV,79.55,42.1,50.3,11.0,38.6,39.4
Sedan,53.36,20.8,28.0,60.0,38.2,4.4
Sedan,58.9,25.8,57.7,3.3,8.1,555.9
Two-Wheeler,2.53,23.0,42.6,7.2,11.8,5.7
SUV,79.6,61.8,68.7,3.3,6.3,163.9
Sedan,56.99,18.4,55.5,60.0,6.2,33.6
Two-Wheeler,3.44,26.5,73.3,7.2,10.7,17.1
Two-Wheeler,4.2,23.9,69.5,30.0,9.7,5.1
Hatchback,27.57,30.9,67.1,30.0,4.8,35.0
SUV,98.33,43.8,68.3,7.2,-2.9,374.0
SUV,83.99,53.1,75.9,3.3,10.9,468.4
Sedan,50.75,62.1,75.1,3.3,25.4,143.2
SUV,70.36,24.5,76.8,3.3,18.3,778.0
SUV,91.54,69.5,93.7,60.0,40.2,38.4
Sedan,60.05,65.6,84.5,30.0,28.8,25.7
SUV,80.1,57.7,92.5,60.0,46.0,50.6
SUV,91.49,65.7,97.3,30.0,25.4,101.2
Two-Wheeler,4.44,19.3,79.2,3.3,37.2,57.7
SUV,71.61,60.2,83.0,7.2,-0.2,267.3
Hatchback,38.15,23.1,42.5,7.2,-0.5,123.4
Two-Wheeler,3.88,33.6,59.7,11.0,8.9,8.0
Hatchback,27.48,69.2,82.6,60.0,-0.3,7.1
Two-Wheeler,3.98,36.9,61.4,3.3,30.1,19.5
SUV,98.64,48.3,91.5,60.0,37.0,63.9
Sedan,41.96,53.5,98.4,30.0,-0.5,112.3
Sedan,45.65,37.7,95.9,60.0,45.9,53.1
Two-Wheeler,3.75,17.1,47.4,7.2,-3.8,18.5
Hatchback,34.8,46.1,89.2,11.0,17.0,104.7
Hatchback,28.1,23.2,41.0,3.3,-3.9,188.6
Sedan,55.74,65.6,94.1,30.0,25.1,43.7
Two-Wheeler,2.15,31.3,61.2,11.0,17.7,4.0
Hatchback,37.61,54.3,84.8,30.0,23.5,25.2
SUV,84.07,20.4,49.9,30.0,44.6,62.5
SUV,86.73,30.1,65.6,11.0,10.4,226.5
SUV,66.4,56.1,72.1,30.0,31.2,23.8
SUV,86.28,67.2,86.3,30.0,33.8,40.3
SUV,74.92,30.8,53.7,7.2,14.4,186.1
Sedan,45.5,56.7,78.5,30.0,32.4,21.4
Hatchback,25.42,48.0,69.1,11.0,45.3,47.4
Sedan,46.43,44.2,72.9,11.0,14.6,87.7
Hatchback,26.8,69.9,85.3,3.3,-4.9,173.9
Hatchback,31.28,50.8,96.2,3.3,32.8,323.6
Sedan,40.98,69.1,96.1,60.0,44.2,20.9
SUV,88.22,37.1,72.4,3.3,44.0,661.2
SUV,79.0,11.1,32.2,7.2,2.6,252.5
Two-Wheeler,3.33,27.5,77.6,30.0,38.1,3.8
SUV,93.7,36.8,69.4,11.0,40.9,213.9
SUV,75.67,37.3,73.7,7.2,30.0,264.9
Sedan,61.67,25.5,94.6,7.2,6.0,682.3
Hatchback,37.43,11.4,92.5,11.0,23.2,179.0
Hatchback,25.54,35.8,56.4,11.0,13.2,37.4
Sedan,42.33,7.0,28.3,11.0,5.1,74.2
Two-Wheeler,4.2,16.3,28.4,3.3,41.4,11.3
Hatchback,39.39,66.2,91.8,11.0,-1.3,116.4
Hatchback,39.2,9.2,48.2,60.0,11.7,20.6
Hatchback,29.11,25.5,36.7,30.0,21.4,7.1
Hatchback,27.15,66.9,75.9,11.0,22.7,16.2
SUV,72.08,5.7,23.2,3.3,21.2,253.4
Sedan,51.03,41.5,59.1,3.3,14.7,194.3
Sedan,51.67,69.4,99.9,7.2,46.9,400.2
SUV,76.33,18.2,24.2,3.3,0.0,199.7
SUV,71.31,50.7,71.5,7.2,40.1,179.5
Sedan,44.6,35.7,49.7,11.0,3.6,57.1
Sedan,44.31,65.2,71.5,7.2,25.0,26.8
SUV,80.85,8.0,75.7,7.2,6.7,689.2
Sedan,62.56,56.2,97.9,7.2,29.6,333.6
SUV,96.68,36.7,62.4,11.0,28.9,151.1
Two-Wheeler,2.98,23.3,89.0,3.3,15.1,49.3
Two-Wheeler,3.88,11.2,93.7,11.0,20.5,20.4
SUV,74.28,26.9,80.8,7.2,45.3,617.0
Hatchback,31.73,58.3,94.5,11.0,10.5,101.4
Hatchback,37.0,67.7,91.9,7.2,3.6,144.0
Hatchback,36.84,21.1,77.5,3.3,43.2,511.0
Two-Wheeler,3.62,30.5,46.8,7.2,-3.5,9.5
Sedan,54.35,12.6,54.8,30.0,14.6,60.1
Sedan,47.74,38.7,95.7,30.0,23.6,67.7
Hatchback,27.67,8.9,79.7,3.3,39.3,400.9
Hatchback,29.85,42.2,80.0,7.2,31.4,102.6
Sedan,56.47,40.1,61.9,7.2,43.1,138.1
Two-Wheeler,3.82,64.2,85.2,30.0,12.0,2.3
Two-Wheeler,3.25,54.2,70.1,30.0,26.2,1.0
Two-Wheeler,3.21,66.7,94.3,7.2,42.0,11.9
Sedan,43.81,37.3,69.9,60.0,37.3,16.8
SUV,86.94,31.1,68.7,30.0,22.0,73.7
Hatchback,37.84,50.2,90.9,11.0,15.7,110.4
Two-Wheeler,2.96,34.3,54.8,3.3,-3.3,21.1
Two-Wheeler,3.04,19.0,64.9,11.0,18.2,9.3
SUV,65.22,63.7,70.9,11.0,18.9,30.1
SUV,74.81,60.5,79.2,11.0,28.9,75.1
SUV,79.15,38.5,69.5,3.3,46.0,740.7
Sedan,47.38,55.7,82.5,60.0,27.4,14.9
Two-Wheeler,4.25,51.4,61.9,30.0,32.1,1.0
Sedan,60.17,9.1,25.6,60.0,-1.3,18.6
Hatchback,35.86,39.6,90.9,3.3,9.8,492.9
Two-Wheeler,4.21,13.9,27.2,3.3,5.9,16.6
Two-Wheeler,3.54,52.7,89.5,3.3,5.1,41.9
SUV,72.09,49.6,70.8,11.0,18.8,107.6
SUV,71.49,48.2,56.5,11.0,46.7,58.0
Sedan,40.35,24.7,40.5,3.3,6.6,169.0
SUV,71.18,39.9,59.0,30.0,46.7,45.8
Sedan,59.32,6.6,26.8,30.0,15.4,36.5
SUV,92.41,58.3,80.8,30.0,22.0,52.9
Sedan,61.36,3.4,26.3,7.2,37.4,130.0
Sedan,44.67,38.1,91.2,3.3,-1.3,960.5
SUV,98.47,21.0,97.0,11.0,42.0,640.0
SUV,89.01,36.8,66.4,60.0,38.2,33.2
Hatchback,39.97,34.5,88.3,30.0,40.7,54.1
Two-Wheeler,3.01,60.3,75.3,3.3,32.1,9.0
Two-Wheeler,3.54,10.8,91.3,7.2,3.3,41.8
Two-Wheeler,4.49,43.1,52.5,7.2,-1.5,6.5
Two-Wheeler,4.02,29.4,63.6,11.0,26.2,8.3
Sedan,51.79,50.5,99.9,30.0,13.6,95.6
Hatchback,33.3,25.4,95.8,3.3,28.3,550.4
Two-Wheeler,2.65,57.7,62.9,30.0,27.8,1.0
Two-Wheeler,4.13,29.0,88.4,30.0,24.2,6.6
SUV,72.05,39.5,47.7,3.3,34.3,118.1
Hatchback,26.53,65.9,72.9,60.0,20.1,2.2
SUV,65.64,3.7,55.4,3.3,38.0,747.2
Hatchback,33.53,17.9,79.2,3.3,45.3,647.0
Sedan,52.99,58.6,70.3,60.0,-1.4,12.3
SUV,96.24,49.0,97.8,3.3,11.6,1371.2
SUV,73.5,38.8,80.9,30.0,46.9,105.0
Sedan,54.72,12.0,52.8,11.0,10.1,181.0
Sedan,44.14,42.2,56.1,11.0,33.4,38.2
SUV,65.92,37.5,60.9,60.0,6.9,26.3
Hatchback,38.73,22.6,38.8,60.0,33.2,6.7
SUV,91.61,37.3,80.0,7.2,14.0,408.1
SUV,91.48,12.7,81.7,3.3,37.3,1507.1
SUV,74.56,33.8,75.3,3.3,43.7,773.3
Sedan,44.09,27.2,35.8,60.0,34.4,4.3
SUV,92.13,38.4,44.2,7.2,-4.9,91.6
Sedan,44.51,43.7,60.4,7.2,26.4,69.3
SUV,69.83,18.1,25.4,3.3,11.3,132.0
Two-Wheeler,2.93,41.2,76.7,60.0,38.9,1.3
Sedan,47.54,4.8,38.2,7.2,41.5,166.5
SUV,81.03,27.9,65.8,3.3,24.4,646.8
Hatchback,39.6,46.4,83.5,60.0,23.0,15.3
SUV,85.44,5.1,84.2,3.3,17.3,1510.0
Sedan,64.23,13.9,31.2,7.2,3.8,153.7
Two-Wheeler,2.59,63.6,77.3,60.0,29.3,1.0
Two-Wheeler,3.64,38.5,56.9,11.0,38.9,3.7
Sedan,55.9,55.7,70.2,11.0,40.8,56.5
Sedan,42.8,21.6,65.8,30.0,22.8,43.5
Hatchback,26.61,20.5,52.1,60.0,20.4,8.8
Hatchback,36.56,3.3,50.0,60.0,27.8,17.5
Hatchback,30.96,30.0,47.2,3.3,35.1,116.0
Two-Wheeler,3.29,61.7,70.7,11.0,1.1,3.0
SUV,75.45,53.9,69.0,11.0,-0.5,130.6
Two-Wheeler,4.13,51.9,80.9,30.0,33.4,2.5
Two-Wheeler,3.38,54.4,72.3,7.2,29.7,5.0
SUV,68.15,47.3,93.6,11.0,2.5,404.8
Two-Wheeler,2.07,69.3,87.0,3.3,13.8,9.2
SUV,73.83,51.3,68.7,60.0,-1.3,27.2
Hatchback,35.14,19.0,80.7,3.3,35.8,409.1
Sedan,57.59,69.3,80.6,3.3,9.5,160.0
Hatchback,34.91,53.3,59.9,3.3,24.3,48.9
SUV,95.67,13.1,47.9,7.2,40.0,356.8
Sedan,41.98,35.3,44.8,60.0,30.9,4.5
Two-Wheeler,4.45,47.7,89.1,60.0,21.8,2.2
Hatchback,38.25,18.0,61.3,30.0,33.7,37.7
Sedan,64.45,31.6,48.1,7.2,12.6,120.0
Sedan,63.08,69.1,91.0,30.0,32.1,32.5
Two-Wheeler,2.54,9.2,97.7,60.0,40.8,3.4
Hatchback,32.01,24.0,49.3,30.0,2.2,32.1
SUV,82.93,16.6,95.2,11.0,28.8,441.0
SUV,86.8,59.8,76.4,3.3,5.3,433.5
Sedan,51.18,24.2,48.4,7.2,29.4,109.9
Two-Wheeler,3.72,14.0,36.9,7.2,5.6,11.2
Hatchback,25.58,20.6,99.6,11.0,43.7,200.4
Two-Wheeler,3.16,59.4,93.0,7.2,1.7,15.9
Two-Wheeler,4.21,9.3,63.5,60.0,3.3,3.8
Two-Wheeler,3.14,7.6,63.2,60.0,16.7,2.2
Two-Wheeler,4.19,20.6,37.3,7.2,11.2,7.9
Two-Wheeler,3.65,11.7,26.0,7.2,2.0,8.2
Two-Wheeler,4.36,5.2,78.4,60.0,34.1,3.5
Sedan,61.41,51.5,77.0,11.0,8.0,123.1
Two-Wheeler,3.0,47.5,71.5,60.0,20.4,1.0
Two-Wheeler,4.44,32.2,58.7,30.0,14.8,2.9
Two-Wheeler,2.22,31.1,46.8,7.2,13.4,3.8
Sedan,55.3,63.3,86.3,7.2,5.3,200.0
Sedan,52.67,12.1,54.1,11.0,23.8,135.7
Two-Wheeler,2.18,24.9,86.3,30.0,8.7,4.3
Two-Wheeler,2.79,64.3,79.8,11.0,7.5,3.3
Sedan,57.04,5.4,22.1,30.0,28.8,22.3
Hatchback,36.69,21.4,31.7,7.2,-3.1,59.5
SUV,95.41,9.5,31.3,30.0,23.1,43.9
Hatchback,38.86,39.1,67.3,11.0,47.4,98.5
Two-Wheeler,3.25,36.3,95.4,60.0,21.9,2.3
SUV,88.06,40.7,57.4,7.2,32.6,135.0
Sedan,40.11,32.4,37.7,7.2,-1.0,34.3
Sedan,46.89,46.6,66.5,3.3,47.9,306.1
Hatchback,39.5,61.0,76.9,11.0,34.7,37.7
Hatchback,32.37,3.1,33.3,30.0,45.6,34.2
Hatchback,27.81,34.6,90.5,3.3,35.2,320.8
Hatchback,25.69,33.5,88.6,7.2,33.7,134.3
SUV,80.27,41.4,74.1,11.0,31.1,161.8
Sedan,50.7,3.1,29.8,60.0,21.5,15.8
Two-Wheeler,3.79,20.7,75.1,11.0,32.3,12.5
Sedan,44.47,30.2,86.2,11.0,43.2,195.6
Hatchback,35.23,52.3,71.5,7.2,38.8,68.9
Sedan,43.07,12.6,90.0,3.3,17.5,776.6
SUV,78.82,22.5,37.5,11.0,29.8,72.6
SUV,72.06,51.7,91.6,30.0,1.6,116.2
Hatchback,31.95,44.9,51.0,60.0,9.8,2.7
Hatchback,29.07,54.7,86.4,60.0,1.1,17.1
Sedan,51.06,45.2,71.8,7.2,8.0,185.8
Hatchback,32.79,39.7,57.0,11.0,31.1,34.7
Two-Wheeler,2.37,42.6,79.2,7.2,13.0,8.8
Hatchback,26.64,49.3,72.3,60.0,48.0,11.6
Two-Wheeler,3.11,20.3,77.0,7.2,20.5,14.7
Two-Wheeler,4.22,55.9,80.4,11.0,10.3,7.8
Two-Wheeler,3.78,40.9,93.5,60.0,1.4,4.3
Sedan,43.01,33.7,62.4,7.2,44.9,135.2
Hatchback,36.23,47.4,96.2,60.0,16.6,26.7
SUV,95.79,34.3,60.0,7.2,6.5,367.1
Sedan,47.17,53.5,84.6,30.0,36.7,34.3
Sedan,43.84,26.7,81.2,30.0,28.5,54.9
Sedan,41.33,42.5,99.2,60.0,23.2,36.5
Hatchback,36.75,46.6,85.0,11.0,7.1,110.1
SUV,99.32,17.5,40.8,7.2,40.5,216.9
Hatchback,35.72,12.8,30.9,7.2,20.8,54.3
Hatchback,25.14,27.2,53.8,7.2,-3.3,107.5
SUV,67.48,23.6,90.9,30.0,25.9,107.2
Hatchback,28.12,57.2,96.8,11.0,43.3,95.0
SUV,70.62,22.9,51.9,7.2,28.6,183.5
Hatchback,26.55,2.5,86.6,60.0,32.3,23.1
SUV,72.82,13.5,56.9,11.0,13.7,236.2
Sedan,56.57,54.1,66.0,7.2,-2.7,115.4
SUV,87.78,49.7,73.0,30.0,7.5,65.1
Hatchback,35.89,15.4,43.6,7.2,21.8,97.1
Sedan,50.94,64.5,95.1,30.0,41.6,51.3
Sedan,55.23,31.6,57.0,30.0,26.4,30.3
Hatchback,37.77,5.2,57.3,3.3,27.6,426.5
Sedan,44.75,62.1,92.2,60.0,7.8,22.8
Hatchback,30.97,18.7,99.9,7.2,7.2,438.6
Two-Wheeler,4.45,17.3,55.1,3.3,24.6,36.7
SUV,74.61,39.4,74.9,60.0,26.9,31.4
SUV,70.64,22.5,38.0,3.3,43.9,272.3
Two-Wheeler,2.89,20.8,63.1,30.0,10.6,3.5
Hatchback,32.59,68.9,79.8,11.0,20.9,21.5
Hatchback,35.76,13.9,66.0,7.2,17.1,193.5
Two-Wheeler,3.03,55.3,76.8,60.0,44.7,1.0
Two-Wheeler,3.9,25.4,55.7,11.0,47.7,10.5
Hatchback,34.65,58.3,94.9,30.0,24.9,35.8
SUV,86.5,58.1,79.7,3.3,3.7,614.5
SUV,94.28,13.7,68.5,11.0,34.9,309.3
Hatchback,38.9,42.9,87.8,3.3,-2.1,666.6
SUV,75.74,31.4,71.6,30.0,24.3,70.3
SUV,72.48,64.3,99.3,11.0,10.9,317.2
SUV,81.72,61.5,83.2,7.2,-2.1,301.4
Two-Wheeler,4.11,44.3,77.8,7.2,11.9,16.1
Sedan,60.87,62.9,83.4,7.2,42.4,135.8
Hatchback,26.32,34.2,52.4,30.0,-1.7,19.3
Sedan,54.74,33.0,56.7,7.2,47.5,172.5
SUV,79.53,46.1,87.0,3.3,14.4,863.2
Hatchback,29.98,50.7,83.4,3.3,39.4,224.1
SUV,66.7,15.1,20.4,3.3,21.7,72.4
Sedan,49.62,2.2,69.7,30.0,-2.1,127.5
Sedan,53.26,62.9,86.3,3.3,27.2,251.2
SUV,88.62,61.9,99.1,3.3,18.5,1201.7
SUV,84.0,19.5,37.5,30.0,4.0,49.7
Sedan,40.49,5.5,93.7,3.3,-1.1,1326.4
Two-Wheeler,2.61,67.5,97.5,11.0,16.5,7.0
Hatchback,25.57,21.9,35.9,7.2,0.4,55.6
Two-Wheeler,2.26,34.7,66.4,3.3,2.3,23.3
Sedan,45.9,56.4,96.7,3.3,16.5,533.3
Two-Wheeler,3.57,14.5,28.2,30.0,18.2,1.2
Sedan,47.33,22.8,46.7,3.3,19.4,237.7
Hatchback,28.02,9.0,84.7,11.0,20.4,131.4
Sedan,60.1,53.1,94.8,7.2,26.9,268.2
Two-Wheeler,2.49,46.3,79.8,11.0,3.2,7.8
Two-Wheeler,2.12,24.3,90.8,7.2,43.6,17.8
Sedan,61.88,58.1,94.8,60.0,15.2,35.2
Two-Wheeler,3.8,14.1,78.3,11.0,45.8,21.4
Two-Wheeler,2.95,15.6,29.5,60.0,36.6,1.0
Two-Wheeler,3.52,24.6,61.2,7.2,40.7,13.7
Two-Wheeler,3.46,69.4,80.6,30.0,8.9,1.2
SUV,86.47,51.4,71.0,11.0,-4.4,190.7
Hatchback,29.42,14.5,42.2,60.0,17.5,9.9
Sedan,48.63,28.9,36.6,30.0,43.7,10.3
Two-Wheeler,2.22,45.1,93.2,7.2,-2.8,19.4
SUV,86.08,64.6,82.9,3.3,13.2,381.5
Sedan,46.17,12.9,47.3,30.0,36.1,37.7
SUV,94.03,20.8,51.0,30.0,-2.8,125.7
SUV,75.43,6.7,75.6,11.0,34.7,329.6
Two-Wheeler,4.28,53.2,85.7,7.2,29.5,12.7
Sedan,54.89,30.3,58.9,60.0,38.4,18.4
Hatchback,27.13,63.2,96.3,3.3,45.4,356.3
Sedan,60.71,23.5,38.9,30.0,47.8,31.5
SUV,87.76,48.4,65.3,11.0,33.2,101.5
SUV,72.67,49.4,90.1,60.0,5.0,48.6
Hatchback,26.29,15.0,56.4,30.0,44.3,28.0
Sedan,64.46,33.5,65.2,7.2,16.8,220.4
Sedan,57.2,4.8,71.3,7.2,5.7,513.1
SUV,84.35,51.6,72.0,3.3,3.7,520.9
SUV,74.37,54.7,73.0,60.0,5.0,24.3
Sedan,40.78,67.3,76.4,11.0,13.7,26.4
Two-Wheeler,3.96,2.4,93.7,11.0,29.2,21.9
Sedan,63.2,42.9,66.5,60.0,18.5,18.0
Sedan,58.29,8.2,85.3,11.0,5.8,405.9
Two-Wheeler,2.32,57.2,93.1,3.3,34.2,16.9
Sedan,60.67,25.9,68.1,7.2,18.6,254.9
Hatchback,36.21,13.9,94.5,11.0,23.1,198.0
Hatchback,27.88,6.3,72.1,30.0,0.9,74.7
Two-Wheeler,2.14,57.1,92.3,30.0,2.5,3.1
SUV,87.14,6.3,95.1,3.3,6.0,2579.3
Hatchback,28.14,32.7,73.4,3.3,47.9,352.0
Hatchback,30.26,26.9,92.1,3.3,43.4,508.4
Two-Wheeler,3.03,52.7,70.9,3.3,30.2,12.2
Two-Wheeler,4.15,19.0,97.3,7.2,11.2,42.8
SUV,70.99,36.5,48.1,7.2,28.2,76.5
Sedan,59.65,42.2,52.6,11.0,23.5,38.2
SUV,68.86,68.7,78.3,7.2,5.2,90.8
SUV,80.53,19.0,56.6,11.0,30.7,191.2
Two-Wheeler,2.77,15.5,96.4,60.0,38.0,2.6
Sedan,52.97,25.6,88.9,60.0,34.9,39.0
Hatchback,30.54,2.1,96.5,30.0,24.1,75.0
Sedan,53.77,21.7,97.9,11.0,27.9,308.2
Hatchback,29.32,6.4,42.4,11.0,4.3,96.2
Sedan,47.57,24.6,76.8,60.0,2.9,46.9
Sedan,42.53,13.9,94.5,7.2,8.1,436.5
Two-Wheeler,2.49,61.8,71.7,3.3,-4.0,8.9
Sedan,48.15,10.7,98.5,60.0,30.9,50.6
SUV,89.44,28.2,54.8,30.0,33.0,60.0
Sedan,54.22,22.0,62.8,60.0,27.5,25.4
SUV,85.46,2.6,60.3,30.0,28.6,105.4
Hatchback,33.62,34.3,71.6,11.0,-1.4,135.6
Sedan,53.7,39.8,48.0,60.0,26.7,4.6
Sedan,41.18,50.3,68.2,30.0,29.5,16.3
Two-Wheeler,3.1,58.8,85.7,7.2,-1.4,13.3
Sedan,56.04,43.8,49.3,7.2,27.2,30.1
SUV,67.06,22.6,58.1,30.0,4.5,79.1
Hatchback,26.7,47.5,65.0,3.3,32.7,91.4
Hatchback,30.87,56.2,91.6,11.0,14.9,76.9
Two-Wheeler,3.09,14.4,90.6,3.3,18.6,54.7
Hatchback,29.33,15.8,93.0,7.2,37.4,234.0
Two-Wheeler,3.05,3.0,56.6,30.0,1.9,5.7
Two-Wheeler,2.64,62.6,88.9,30.0,39.1,1.7
SUV,77.66,39.3,73.1,60.0,42.9,36.6
Two-Wheeler,3.89,27.2,91.0,11.0,14.8,18.2
SUV,79.72,3.0,14.5,11.0,5.3,81.7
Hatchback,33.18,9.2,60.0,60.0,40.3,23.0
Hatchback,38.51,60.1,67.0,3.3,38.7,62.4
Two-Wheeler,3.9,38.5,66.9,3.3,42.9,23.6
Two-Wheeler,3.54,54.5,81.8,3.3,47.1,27.9
SUV,71.94,58.2,99.9,3.3,0.2,1666.5
SUV,67.25,6.7,90.2,30.0,37.4,139.5
Two-Wheeler,2.81,63.6,78.0,30.0,9.6,1.1
Hatchback,38.44,12.6,96.1,30.0,27.5,83.2
Hatchback,30.71,50.9,84.2,60.0,36.8,12.0
Sedan,41.69,14.5,96.3,30.0,46.3,138.3
Hatchback,30.74,53.7,89.8,3.3,-0.4,504.9
Hatchback,32.4,18.3,27.4,3.3,-0.8,110.6
Sedan,63.3,34.0,64.2,30.0,14.0,43.5
SUV,91.12,56.5,95.2,7.2,7.9,564.3
Sedan,40.94,50.1,79.8,7.2,33.4,117.0
Sedan,64.86,33.6,91.8,60.0,7.9,54.5
Two-Wheeler,4.04,57.2,79.7,60.0,38.5,1.0
Sedan,42.85,54.5,84.8,3.3,22.5,273.2
SUV,78.87,30.1,74.4,30.0,35.3,81.3
SUV,90.44,50.0,92.4,11.0,-1.7,482.9
Two-Wheeler,2.19,48.2,86.7,11.0,22.8,5.2
Hatchback,28.03,25.8,59.2,7.2,31.9,81.4
Sedan,44.35,26.9,42.7,30.0,31.4,17.3
Sedan,59.8,47.6,66.8,11.0,12.6,83.8
SUV,68.37,61.4,83.6,11.0,20.1,98.7
Sedan,48.32,20.4,67.7,7.2,19.5,226.9
SUV,72.68,8.8,81.5,60.0,47.7,84.0
Hatchback,28.77,4.9,83.9,3.3,25.8,464.6
Sedan,46.31,42.9,49.5,11.0,29.2,16.6
Two-Wheeler,2.83,58.2,89.5,30.0,1.8,3.8
SUV,75.13,10.1,28.3,30.0,3.8,43.0
SUV,71.17,50.4,68.0,30.0,11.5,35.5
Sedan,64.0,35.5,43.0,30.0,8.8,14.2
SUV,67.97,67.7,88.8,60.0,22.4,16.9
SUV,92.2,9.9,86.5,3.3,23.0,1424.0
Hatchback,25.41,11.4,83.1,60.0,19.6,21.3
SUV,86.82,21.9,36.6,30.0,45.9,51.7
SUV,74.54,20.0,69.6,11.0,37.3,236.2
Two-Wheeler,2.73,33.7,39.2,60.0,34.6,1.0
Sedan,44.23,57.7,93.2,11.0,41.5,123.9
Hatchback,28.72,23.0,46.0,60.0,9.2,9.5
Hatchback,30.91,46.6,92.1,7.2,31.7,152.9
Two-Wheeler,4.04,4.5,33.4,3.3,-2.0,39.4
SUV,87.82,25.6,62.2,7.2,19.3,316.3
SUV,87.44,39.1,48.3,11.0,30.4,45.9
Two-Wheeler,2.39,35.8,59.2,3.3,31.8,12.7
Hatchback,29.3,44.2,89.8,30.0,15.4,33.9
SUV,99.84,67.9,78.9,11.0,35.1,62.3
Two-Wheeler,3.66,36.1,72.8,3.3,38.9,30.1
SUV,77.82,4.9,44.0,30.0,45.4,113.1
SUV,89.07,67.5,97.5,3.3,25.3,803.3
Two-Wheeler,4.04,60.6,93.8,11.0,19.1,10.5
SUV,82.45,46.6,92.9,3.3,36.5,1021.9
Sedan,57.58,2.7,65.5,30.0,1.4,146.6
Two-Wheeler,4.06,52.6,97.8,3.3,46.9,72.5
SUV,95.74,59.0,95.4,3.3,3.0,1605.3
SUV,71.08,27.1,63.0,60.0,1.6,48.5
Two-Wheeler,4.19,64.0,77.8,60.0,6.7,1.0
Sedan,40.14,55.0,99.9,11.0,23.0,162.6
Two-Wheeler,2.24,20.1,62.7,7.2,17.9,9.8
Hatchback,28.38,3.9,12.4,60.0,2.1,4.6
Hatchback,38.3,45.2,70.3,60.0,3.2,16.7
Two-Wheeler,4.18,35.1,53.6,7.2,10.3,8.7
Sedan,41.26,2.9,24.7,60.0,38.0,10.5
SUV,77.52,6.7,87.3,30.0,5.2,215.7
Hatchback,26.25,8.5,82.7,11.0,21.1,127.0
Two-Wheeler,3.82,6.5,21.8,7.2,27.7,4.6
Hatchback,30.62,6.4,59.0,60.0,28.8,18.0
SUV,71.92,59.4,94.1,11.0,17.8,186.2
Hatchback,26.94,27.0,72.8,60.0,-0.5,24.8
Sedan,63.8,30.0,84.6,7.2,15.5,367.3
SUV,65.01,5.8,43.3,60.0,31.4,25.4
Two-Wheeler,2.79,18.7,24.1,3.3,23.3,2.5
Hatchback,34.62,51.3,67.8,7.2,12.4,55.2
Sedan,44.76,14.5,55.3,60.0,5.0,30.5
Two-Wheeler,3.6,43.6,82.0,3.3,36.0,29.4
SUV,90.66,56.7,89.3,60.0,14.0,41.4
Two-Wheeler,2.24,32.7,40.4,11.0,-4.8,1.8
Hatchback,33.43,25.2,70.0,30.0,42.3,38.7
SUV,81.11,25.5,79.1,30.0,47.0,156.4
SUV,79.98,30.9,99.4,7.2,32.5,738.5
Two-Wheeler,3.08,4.5,57.3,7.2,38.0,16.2
SUV,90.48,50.9,67.5,3.3,28.0,284.8
Hatchback,27.04,15.2,59.0,60.0,-2.7,23.7
Sedan,43.72,33.3,99.4,30.0,21.8,87.2
Sedan,56.93,28.9,53.1,3.3,-3.3,478.8
SUV,91.25,28.0,73.1,3.3,8.1,1153.6
SUV,89.35,15.3,55.1,11.0,18.6,218.3
Sedan,43.65,36.7,48.3,11.0,20.7,29.1
Hatchback,31.51,63.7,84.1,11.0,38.4,39.5
Sedan,41.88,30.6,78.7,7.2,39.4,196.0
Two-Wheeler,2.44,4.5,81.2,30.0,3.9,6.7
Sedan,64.09,43.9,68.3,60.0,39.2,18.1
Sedan,48.93,64.1,97.5,11.0,29.5,161.0
Two-Wheeler,2.61,62.2,71.7,11.0,-2.1,2.6
SUV,94.34,7.1,82.5,11.0,-3.0,782.2
Two-Wheeler,2.55,42.4,48.7,11.0,-3.1,1.6
SUV,87.97,53.0,60.5,7.2,35.8,62.9
Two-Wheeler,2.22,59.0,84.2,7.2,21.7,4.8
Sedan,62.27,50.9,96.9,7.2,43.1,446.8
SUV,92.86,56.7,86.4,3.3,9.8,648.7
Two-Wheeler,3.25,37.5,51.8,7.2,33.3,3.9
Hatchback,37.73,25.8,79.9,30.0,3.3,67.3
Hatchback,27.29,49.0,77.3,60.0,23.2,9.4
Two-Wheeler,3.5,17.7,52.0,11.0,40.9,8.7
SUV,71.45,59.6,85.1,11.0,16.4,123.1
Sedan,51.74,52.7,73.8,11.0,17.7,63.6
Sedan,57.85,61.4,96.8,3.3,41.7,707.5
Sedan,55.95,66.9,92.3,7.2,21.2,161.9
Two-Wheeler,4.3,53.9,76.7,30.0,9.5,2.6
Hatchback,32.08,25.7,75.0,11.0,22.6,95.5
Two-Wheeler,2.9,31.4,49.5,60.0,24.3,1.0
Sedan,57.6,21.3,41.4,60.0,10.7,15.8
Sedan,51.57,50.0,94.2,7.2,29.9,246.2
SUV,95.71,20.7,35.3,3.3,46.7,424.5
Sedan,55.65,23.7,38.2,3.3,26.9,161.6
Sedan,43.89,39.9,89.7,30.0,3.5,85.7
Hatchback,32.87,15.2,78.0,3.3,46.0,608.4
Sedan,45.3,3.2,77.8,30.0,18.0,86.6
SUV,70.51,32.6,50.2,11.0,41.5,82.9
Hatchback,32.92,47.5,89.7,7.2,-0.8,249.0
Sedan,49.87,33.7,47.1,3.3,16.8,152.6
Sedan,62.92,42.7,68.0,3.3,21.9,336.0
Two-Wheeler,3.44,35.7,94.7,60.0,39.4,2.8
Two-Wheeler,2.38,48.9,75.5,7.2,31.2,5.8
Hatchback,29.27,35.4,56.7,7.2,30.4,53.8
SUV,90.33,36.7,83.3,11.0,6.9,396.2
Sedan,46.67,39.8,92.0,30.0,8.2,70.3
SUV,95.32,29.3,74.2,60.0,47.6,77.4
SUV,66.59,55.7,77.4,3.3,8.1,442.0
SUV,81.28,61.1,91.0,30.0,46.6,93.9
Two-Wheeler,3.65,3.4,99.2,7.2,8.8,48.1
Sedan,44.01,59.7,65.1,60.0,18.4,2.6
Hatchback,33.8,64.2,79.3,7.2,25.7,47.2
Two-Wheeler,2.1,66.1,72.5,30.0,26.2,1.0
Two-Wheeler,2.37,14.2,80.0,30.0,2.9,5.2
SUV,87.79,16.3,45.2,30.0,46.4,92.7
Sedan,45.49,25.3,100.0,3.3,11.0,1084.8
Hatchback,26.25,20.6,99.4,11.0,32.3,149.2
SUV,71.01,10.4,65.0,11.0,21.8,231.2
Sedan,46.17,64.8,85.4,60.0,8.7,13.9
Two-Wheeler,3.4,51.1,68.4,3.3,40.8,14.3
Hatchback,26.18,12.9,49.2,60.0,40.3,12.1
SUV,73.04,32.8,59.7,60.0,1.3,36.1
SUV,89.16,41.1,73.2,11.0,27.7,175.1
Sedan,53.31,45.9,80.7,30.0,18.0,49.6
Two-Wheeler,4.42,67.3,95.0,30.0,26.9,3.8
Hatchback,32.19,19.5,24.8,3.3,46.2,44.2
Sedan,46.35,49.1,74.1,11.0,37.6,79.4
Two-Wheeler,2.23,28.8,34.9,7.2,1.1,2.2
Sedan,58.3,9.2,88.5,3.3,6.7,1381.3
Sedan,57.88,19.4,62.9,3.3,0.9,974.1
SUV,79.42,59.9,73.5,3.3,9.1,280.9
Sedan,40.07,31.1,36.9,7.2,43.2,25.2
SUV,72.06,49.6,85.3,11.0,-1.8,297.0
SUV,92.74,19.9,34.0,11.0,32.2,84.9
Hatchback,25.36,57.6,70.3,7.2,13.0,35.2
Hatchback,26.08,3.7,92.4,3.3,11.5,587.2
SUV,88.43,37.7,72.6,60.0,15.0,38.2
Two-Wheeler,3.97,30.8,57.2,60.0,41.8,1.3
Two-Wheeler,2.64,50.7,91.4,60.0,20.3,1.4
Two-Wheeler,2.92,23.8,65.1,60.0,18.1,1.4
Hatchback,31.54,62.6,68.8,3.3,19.2,42.9
Hatchback,33.91,58.1,71.3,60.0,13.7,6.0
Two-Wheeler,3.39,34.3,66.7,60.0,-1.9,2.2
Two-Wheeler,3.14,21.0,51.4,60.0,1.5,1.7
SUV,73.19,44.4,98.9,11.0,1.5,525.4
Two-Wheeler,2.42,38.1,77.6,11.0,3.3,9.3
SUV,75.9,44.9,81.3,60.0,39.5,28.7
Sedan,55.63,32.6,62.1,60.0,15.1,20.0
Hatchback,31.36,28.5,35.8,3.3,9.6,58.5
Hatchback,37.09,38.9,91.8,11.0,37.2,144.1
SUV,65.52,42.6,89.1,60.0,12.6,47.2
Hatchback,25.91,2.6,16.3,7.2,0.2,53.7
Hatchback,31.83,49.1,54.8,11.0,9.4,14.1
SUV,80.34,7.5,82.4,60.0,41.9,81.2
Two-Wheeler,2.11,42.2,95.2,7.2,30.9,11.7
Two-Wheeler,4.08,34.4,89.1,30.0,15.8,5.9
Hatchback,31.97,68.4,87.2,11.0,15.4,45.6
Hatchback,30.32,51.2,72.8,11.0,15.4,49.8
Sedan,56.38,36.3,67.9,3.3,33.1,356.6
Hatchback,30.62,24.2,79.8,60.0,25.8,18.8
Hatchback,36.59,14.9,64.4,11.0,3.4,169.3
Sedan,52.33,27.8,92.3,30.0,36.0,83.1
Hatchback,31.37,55.6,67.2,60.0,10.1,4.7
Hatchback,32.53,15.1,70.8,3.3,5.1,486.7
Hatchback,34.87,65.7,85.0,60.0,-3.2,15.2
Sedan,40.37,60.6,86.9,11.0,34.5,77.2
SUV,74.01,68.2,83.9,30.0,3.6,44.3
Hatchback,39.75,62.9,90.4,30.0,47.5,37.6
Hatchback,34.02,7.4,31.8,7.2,17.1,87.6
Sedan,64.89,27.2,80.3,60.0,16.6,41.9
Hatchback,28.5,24.3,44.5,7.2,1.0,91.5
Two-Wheeler,2.21,24.1,66.6,60.0,13.8,1.2
SUV,87.7,40.3,82.6,3.3,25.1,706.5
Hatchback,28.4,36.0,42.5,7.2,12.4,21.5
Two-Wheeler,2.16,46.3,70.7,3.3,37.5,10.3
SUV,79.9,20.0,70.6,60.0,28.3,50.2
Sedan,41.59,16.3,33.4,7.2,1.6,119.6
SUV,86.07,66.4,81.7,3.3,22.9,267.3
Two-Wheeler,3.19,57.6,90.5,7.2,37.8,10.7
SUV,91.15,43.0,82.7,7.2,34.2,354.4
Hatchback,29.2,42.4,86.9,30.0,36.9,32.1
Sedan,48.35,13.5,39.7,11.0,43.3,89.7
Hatchback,28.62,51.2,81.3,60.0,31.9,9.4
Hatchback,38.58,40.3,49.0,30.0,9.4,10.5
Two-Wheeler,3.37,42.6,67.6,11.0,36.0,4.8
Two-Wheeler,3.79,62.5,86.9,30.0,46.3,3.5
Two-Wheeler,3.79,34.5,56.9,30.0,24.2,1.7
Hatchback,30.35,13.9,65.7,60.0,16.0,20.0
Two-Wheeler,3.34,13.8,67.3,11.0,25.1,10.9
Two-Wheeler,2.62,66.7,87.6,7.2,-3.6,10.0
Two-Wheeler,3.97,50.0,98.6,3.3,46.2,77.6
Sedan,47.92,44.8,79.8,30.0,-2.1,68.0
SUV,69.48,19.5,93.0,3.3,22.5,1066.2
Hatchback,36.02,28.6,91.0,60.0,34.3,22.3
Hatchback,33.98,37.9,93.7,60.0,19.1,23.4
Hatchback,25.02,37.9,47.1,3.3,46.8,71.1
Sedan,46.08,67.8,83.2,30.0,-3.6,30.1
Hatchback,39.8,68.6,82.5,11.0,20.6,37.6
Hatchback,34.18,63.2,68.2,7.2,7.1,24.0
Sedan,44.15,44.6,54.7,3.3,34.1,91.2
Hatchback,34.9,15.4,27.2,60.0,7.3,5.7
Two-Wheeler,2.95,24.2,65.3,60.0,10.5,1.5
Sedan,49.23,31.2,44.2,7.2,15.3,60.4
Two-Wheeler,3.46,29.7,45.8,3.3,-4.3,19.9
Hatchback,30.65,57.1,89.4,3.3,45.2,303.2
Hatchback,34.98,16.8,45.5,30.0,23.1,20.7
Sedan,45.69,69.6,77.5,11.0,45.7,34.8
Sedan,59.87,16.2,71.0,60.0,35.1,41.7
Hatchback,27.72,24.3,63.2,7.2,25.4,94.8
Sedan,56.9,19.9,60.9,30.0,12.8,56.3
Two-Wheeler,2.85,19.4,67.6,3.3,-1.7,48.7
Sedan,56.04,40.6,64.0,3.3,2.8,431.0
SUV,88.77,38.1,89.0,11.0,42.5,341.6
Sedan,45.75,46.3,70.8,30.0,-4.6,48.4
SUV,75.18,69.8,82.8,60.0,19.3,13.3
Sedan,51.26,47.3,58.5,7.2,17.4,60.7
Sedan,43.4,17.8,77.7,30.0,3.3,93.9
Sedan,59.14,8.5,87.2,30.0,33.4,112.0
Sedan,58.21,42.9,77.0,30.0,33.9,39.2
Two-Wheeler,4.02,52.6,93.9,11.0,45.6,17.0
Hatchback,33.8,32.6,73.2,3.3,37.3,303.7
Hatchback,35.77,15.4,62.9,11.0,-3.8,187.8
Sedan,58.39,46.2,68.7,11.0,-4.7,148.9
Two-Wheeler,4.31,24.1,47.5,60.0,18.1,1.2
Sedan,41.68,29.4,51.5,7.2,12.2,98.6
SUV,83.43,20.4,66.7,30.0,21.1,90.4
Sedan,43.27,62.1,90.3,60.0,31.7,15.7
Two-Wheeler,4.46,43.2,69.1,3.3,23.8,23.4
Two-Wheeler,3.56,37.0,87.6,3.3,29.9,34.0
SUV,67.39,49.0,86.9,60.0,9.6,40.5
Sedan,44.95,37.6,50.4,7.2,29.9,55.5
SUV,76.18,15.0,99.1,3.3,11.1,2224.9
Two-Wheeler,2.93,43.2,88.7,3.3,14.3,31.9
Two-Wheeler,4.12,40.7,61.4,11.0,32.3,5.2
Hatchback,39.81,61.8,73.3,11.0,36.7,30.5
SUV,82.99,60.0,86.4,11.0,23.5,137.8
Sedan,62.7,50.4,57.7,11.0,41.9,33.7
Two-Wheeler,2.06,40.2,48.2,11.0,12.0,1.2
Sedan,48.94,60.5,97.2,60.0,-3.9,52.8
Two-Wheeler,3.89,28.7,77.2,30.0,27.4,3.8
Hatchback,26.29,12.8,28.7,30.0,44.4,11.7
Sedan,42.92,41.1,56.2,30.0,14.5,16.8
Hatchback,27.17,45.9,99.2,60.0,31.4,20.1
SUV,87.51,33.0,78.9,60.0,41.6,54.2
Sedan,51.31,6.9,81.2,11.0,1.7,393.6
Hatchback,29.2,29.4,74.9,7.2,11.5,144.7
Two-Wheeler,4.43,33.2,58.4,60.0,-2.5,2.3
Sedan,63.26,51.7,71.8,7.2,46.3,186.1
Hatchback,31.4,16.4,91.0,7.2,14.1,277.3
SUV,96.56,45.7,74.8,7.2,2.0,449.0
Hatchback,29.28,61.7,68.5,11.0,11.6,14.8
Hatchback,32.15,20.0,34.7,7.2,-3.0,77.5
SUV,85.14,35.2,63.2,60.0,32.5,27.2
Hatchback,34.84,34.6,86.1,7.2,42.5,206.3
Sedan,42.29,13.5,82.4,3.3,43.4,662.9
Sedan,61.01,38.5,90.0,7.2,24.1,303.5
Hatchback,39.36,31.0,58.4,3.3,13.9,255.4
SUV,67.19,10.1,82.1,60.0,24.1,55.2
Sedan,45.61,19.7,25.8,3.3,6.5,71.6
Two-Wheeler,4.25,28.5,54.8,60.0,48.0,1.9
Two-Wheeler,2.64,23.8,65.5,11.0,23.7,6.6
Hatchback,33.63,42.1,58.3,60.0,35.5,6.5
SUV,85.82,46.8,92.1,3.3,5.9,1271.0
SUV,68.38,9.2,31.2,11.0,10.0,100.1
Hatchback,27.8,69.5,78.6,30.0,26.8,5.5
Two-Wheeler,3.62,50.7,61.6,60.0,-4.5,1.0
Two-Wheeler,2.89,17.2,93.5,3.3,41.6,58.3
Two-Wheeler,2.39,5.3,68.9,30.0,29.0,3.4
SUV,76.0,30.5,74.4,7.2,45.7,499.9
SUV,93.25,9.7,70.4,30.0,20.6,137.5
SUV,96.72,66.8,71.9,3.3,6.3,148.8
Two-Wheeler,3.5,14.1,84.9,30.0,13.7,6.0
Sedan,53.03,34.6,56.2,7.2,17.5,114.4
SUV,97.07,39.4,87.1,11.0,10.6,352.6
Sedan,40.49,12.9,19.7,7.2,45.2,37.4
Hatchback,36.16,24.6,65.0,60.0,30.1,15.7
Hatchback,35.99,14.8,55.4,11.0,23.2,74.9
Sedan,61.21,44.3,78.9,60.0,27.0,24.5
Sedan,57.46,50.7,78.4,3.3,41.1,358.4
Two-Wheeler,2.05,6.0,42.3,7.2,19.5,6.9
Sedan,45.76,55.1,90.9,3.3,15.3,426.9
SUV,68.05,28.6,36.6,3.3,12.7,145.3
SUV,93.79,10.8,38.4,11.0,45.2,248.8
Hatchback,39.64,39.5,61.4,30.0,23.2,18.8
Sedan,40.18,62.1,89.2,3.3,10.8,317.4
SUV,97.18,22.3,50.7,30.0,40.3,69.2
Two-Wheeler,2.73,10.2,52.5,60.0,10.7,1.5
Two-Wheeler,3.58,63.6,99.3,3.3,29.5,41.0
SUV,77.57,2.6,98.3,3.3,42.8,2030.2
SUV,77.84,19.6,88.5,3.3,3.5,1882.0
Sedan,49.43,11.9,99.8,11.0,27.8,312.2
Hatchback,38.59,57.8,93.0,7.2,27.7,147.7
SUV,89.63,29.5,73.8,7.2,47.9,532.6
Hatchback,33.61,63.0,99.5,11.0,36.3,119.2
Sedan,62.41,54.2,89.5,7.2,30.4,213.8
Sedan,60.22,22.0,77.0,11.0,33.5,209.8
SUV,90.97,9.2,26.1,7.2,17.1,171.2
Hatchback,38.53,5.3,85.5,60.0,22.0,36.9
Two-Wheeler,3.44,9.9,15.1,60.0,21.3,1.0
SUV,78.05,4.1,92.3,11.0,12.3,520.1
SUV,73.89,6.3,45.5,30.0,11.8,75.6
SUV,72.79,37.9,45.2,60.0,6.4,8.6
Hatchback,36.65,11.7,62.6,30.0,17.4,48.9
Two-Wheeler,4.34,11.9,54.4,30.0,35.9,4.3
Sedan,52.79,69.5,78.9,30.0,44.6,14.1
Sedan,53.22,20.0,97.3,11.0,43.3,323.5
Sedan,56.75,32.7,90.7,60.0,-3.7,68.2
SUV,88.56,27.4,57.3,11.0,-3.3,287.6
SUV,72.87,18.8,68.3,11.0,11.8,257.6
Hatchback,33.66,12.9,61.3,3.3,24.3,326.4
Hatchback,32.64,14.3,56.7,11.0,14.8,98.3
Hatchback,36.69,31.0,51.1,11.0,9.5,58.2
Hatchback,37.46,54.3,77.1,11.0,5.4,82.7
Sedan,49.98,60.2,78.9,3.3,1.2,320.4
Two-Wheeler,2.38,46.5,72.8,30.0,12.7,1.8
Hatchback,30.95,52.2,76.1,60.0,-0.1,15.5
SUV,81.02,57.5,96.7,11.0,36.7,288.8
Hatchback,34.67,21.6,86.2,11.0,40.4,151.1
Hatchback,37.73,30.9,94.2,60.0,1.4,52.2
Sedan,54.14,25.9,96.0,7.2,8.5,522.4
Sedan,40.1,51.5,72.9,30.0,46.8,31.0
Sedan,42.32,8.0,95.9,3.3,31.3,788.3
Sedan,61.84,15.7,76.7,7.2,35.5,343.8
Sedan,45.57,27.8,97.7,11.0,31.7,245.4
SUV,73.37,50.5,77.8,11.0,4.4,196.6
Two-Wheeler,3.84,18.5,90.5,30.0,15.1,7.0
Two-Wheeler,4.01,26.1,64.4,3.3,6.8,44.3
SUV,76.88,66.3,72.1,30.0,2.0,17.4
SUV,73.77,39.7,62.3,30.0,24.4,37.2
Sedan,51.39,46.1,79.4,60.0,11.8,22.9
SUV,72.24,55.7,66.5,60.0,37.6,9.8
Hatchback,35.29,8.1,73.3,60.0,27.0,27.7
Sedan,57.97,52.4,71.3,7.2,41.4,116.2
SUV,86.0,9.3,38.0,3.3,21.9,517.3
Sedan,57.58,39.2,91.1,7.2,25.8,315.1
Hatchback,36.88,15.4,39.7,7.2,39.6,98.1
Two-Wheeler,2.1,10.7,57.8,30.0,34.6,2.0
Sedan,44.61,42.0,83.8,3.3,-3.2,711.3
Two-Wheeler,2.21,38.9,50.8,7.2,29.4,2.5
Hatchback,39.23,20.6,27.8,60.0,12.5,3.9
Hatchback,30.4,22.3,43.2,3.3,32.4,133.7
Hatchback,38.66,9.0,26.9,11.0,15.3,46.4
Sedan,41.85,67.2,80.7,11.0,14.0,42.2
Two-Wheeler,3.66,66.9,77.2,60.0,27.8,1.0
Hatchback,30.43,69.0,77.6,11.0,16.8,15.5
Two-Wheeler,4.45,62.2,68.8,60.0,44.3,1.0
SUV,78.8,57.3,84.0,30.0,39.8,50.4
Sedan,51.01,2.3,71.5,3.3,10.7,910.1
Two-Wheeler,2.43,44.4,64.8,3.3,6.4,14.4
Hatchback,34.34,13.4,48.0,7.2,31.5,111.2
SUV,73.78,65.4,82.7,11.0,10.2,100.3
Two-Wheeler,3.53,62.3,69.2,30.0,39.4,1.0
Sedan,46.41,9.1,94.9,7.2,2.5,657.7
Sedan,57.75,12.9,84.7,30.0,22.0,86.6
Two-Wheeler,2.11,45.3,57.8,3.3,22.8,5.1
Hatchback,38.49,59.0,98.5,30.0,42.9,59.3
SUV,96.37,65.0,99.2,7.2,35.7,484.8
Two-Wheeler,4.37,47.3,93.2,60.0,24.7,2.3
Sedan,61.6,5.8,41.0,3.3,2.2,666.1
Hatchback,39.28,40.0,94.4,7.2,9.7,289.7
Two-Wheeler,3.76,39.1,89.7,30.0,39.5,4.0
Sedan,57.99,48.0,70.0,60.0,-4.9,27.3
SUV,89.85,24.5,73.6,30.0,5.4,144.9
Sedan,50.33,18.7,60.8,60.0,15.5,27.6
Sedan,54.79,42.2,66.5,60.0,24.9,14.6
Sedan,61.65,31.2,67.6,3.3,-0.6,873.4
SUV,79.37,59.1,80.6,3.3,44.4,464.3
SUV,99.23,39.4,82.9,30.0,15.8,111.0
Two-Wheeler,3.76,65.6,87.9,60.0,25.6,1.0
Two-Wheeler,4.2,45.9,62.4,30.0,23.8,1.5
Sedan,43.91,10.7,50.5,60.0,1.7,34.3
Hatchback,33.0,17.4,57.3,11.0,47.2,128.8
Two-Wheeler,2.61,68.5,99.7,3.3,6.2,35.6
Sedan,54.44,10.6,84.7,3.3,44.8,983.8
SUV,68.57,25.1,34.6,11.0,9.0,58.8
Sedan,61.47,7.3,58.7,3.3,19.0,713.7
Two-Wheeler,2.45,52.9,88.5,3.3,32.1,17.8
Two-Wheeler,4.1,42.9,79.3,7.2,10.7,16.8
Two-Wheeler,3.82,10.6,94.7,60.0,25.9,3.4
Hatchback,35.88,27.6,71.6,7.2,32.7,161.5
Two-Wheeler,2.89,30.5,80.6,60.0,27.3,1.5
Two-Wheeler,4.26,56.4,93.2,30.0,8.7,5.3
Sedan,41.1,54.3,72.5,11.0,10.0,56.7
Sedan,48.45,43.1,78.4,7.2,8.6,211.1
Hatchback,26.39,36.9,72.1,60.0,25.4,10.2
Hatchback,39.6,61.3,73.5,30.0,7.8,13.7
SUV,84.35,17.8,40.0,7.2,15.2,207.2
Two-Wheeler,4.44,15.8,51.9,30.0,46.1,5.2
Hatchback,33.09,7.1,90.6,11.0,28.2,165.2
SUV,78.72,19.3,81.5,11.0,22.0,296.8
SUV,97.5,27.4,60.3,7.2,28.1,293.3
Hatchback,37.75,9.7,93.6,30.0,42.9,91.6
SUV,72.45,32.5,50.1,30.0,-3.8,47.0
Two-Wheeler,3.48,22.4,54.3,7.2,16.1,10.1
Two-Wheeler,4.4,31.1,98.3,30.0,30.4,8.5
Hatchback,25.94,59.9,85.1,7.2,17.0,66.2
Two-Wheeler,3.96,24.3,94.4,7.2,9.2,36.0
Two-Wheeler,2.41,66.6,90.2,30.0,7.2,1.7
SUV,86.28,62.8,71.3,60.0,44.0,10.3
SUV,78.05,6.0,96.3,30.0,47.7,259.7
Hatchback,27.52,12.5,23.5,60.0,15.7,3.9
SUV,69.84,51.7,92.8,7.2,31.5,332.8
SUV,73.73,53.6,82.1,30.0,14.4,57.0
Two-Wheeler,4.35,47.3,98.3,60.0,44.5,4.3
SUV,77.23,35.2,49.5,30.0,46.7,36.8
Two-Wheeler,2.93,30.7,83.8,7.2,44.1,16.3
SUV,85.76,28.7,67.2,11.0,0.6,374.6
Hatchback,38.72,25.8,48.1,11.0,34.4,54.5
Hatchback,25.13,48.8,73.0,11.0,30.7,35.6
Two-Wheeler,2.86,49.9,72.6,3.3,6.6,19.4
Two-Wheeler,2.3,49.0,84.7,30.0,14.6,2.0
Two-Wheeler,2.79,4.1,37.1,60.0,5.9,1.4
Sedan,61.76,22.8,58.7,60.0,-3.1,47.3
Two-Wheeler,4.35,61.0,73.2,3.3,32.1,11.4
SUV,81.65,15.0,71.2,60.0,-0.7,89.3
Hatchback,35.27,58.3,67.3,7.2,16.2,36.0
Sedan,54.16,47.7,69.5,3.3,39.1,257.8
Sedan,43.52,3.6,13.2,30.0,42.9,11.0
SUV,71.99,37.7,88.3,60.0,30.8,38.4
Sedan,44.02,13.7,92.0,60.0,20.7,37.7
Sedan,64.53,10.1,79.4,11.0,12.7,295.8
Sedan,53.72,16.0,53.0,11.0,28.7,124.0
Hatchback,37.55,29.8,62.4,30.0,21.3,27.6
Sedan,47.82,13.7,50.1,3.3,46.6,597.6
SUV,84.81,47.5,73.2,11.0,18.7,149.8
Sedan,53.5,39.2,86.4,3.3,47.1,751.9
Sedan,44.24,42.0,91.2,11.0,44.4,188.6
Sedan,57.81,61.9,89.4,3.3,31.3,350.8
Sedan,47.36,8.0,85.0,30.0,45.0,95.2
Hatchback,26.4,21.0,88.4,7.2,29.8,159.9
Hatchback,33.27,55.7,69.9,7.2,46.1,64.5
Hatchback,25.38,62.0,88.3,3.3,35.4,143.9
Sedan,59.97,65.8,75.8,11.0,35.5,34.2
Hatchback,31.19,60.7,66.5,7.2,18.0,18.3
Sedan,59.81,66.0,73.7,3.3,3.1,141.0
SUV,67.76,66.7,97.0,3.3,29.8,618.0
Hatchback,34.83,46.8,92.5,60.0,29.6,19.6
Hatchback,32.55,37.5,63.3,7.2,18.8,81.6
Two-Wheeler,2.06,21.2,43.3,11.0,37.1,3.0
Hatchback,37.16,3.3,24.3,7.2,38.8,80.1
Sedan,60.95,66.1,72.9,30.0,37.4,9.1
Sedan,63.29,29.5,92.6,7.2,27.1,390.5
Hatchback,38.71,39.9,45.2,3.3,-4.0,73.5
Two-Wheeler,3.5,48.3,66.4,3.3,25.2,11.4
Hatchback,37.9,21.6,65.4,60.0,21.5,17.0
SUV,84.68,65.2,75.0,7.2,24.2,81.3
Sedan,49.14,67.8,84.1,30.0,2.2,26.7
Hatchback,35.42,52.9,69.1,60.0,29.0,6.4
Two-Wheeler,4.33,52.3,67.1,3.3,0.9,24.4
SUV,74.0,14.4,20.0,3.3,11.6,113.2
Two-Wheeler,3.26,52.7,81.0,7.2,34.4,8.8
Sedan,56.24,56.3,88.8,30.0,37.0,44.0
Sedan,58.43,22.4,90.9,30.0,11.1,99.4
Two-Wheeler,2.62,30.3,59.1,60.0,42.6,1.0
Two-Wheeler,3.99,44.7,97.2,30.0,37.5,6.1
Sedan,53.11,3.5,32.3,60.0,28.0,16.8
Sedan,49.04,38.3,43.4,11.0,40.0,14.9
Sedan,50.95,35.1,78.3,3.3,22.8,449.6
Sedan,51.41,7.2,80.1,60.0,30.0,41.0
SUV,79.37,38.5,46.3,11.0,10.8,44.3
Sedan,50.47,17.1,80.2,30.0,8.8,95.3
Sedan,58.23,45.7,54.2,3.3,1.1,171.1
Two-Wheeler,3.71,14.1,77.9,11.0,44.6,17.1
Hatchback,35.19,25.3,33.8,3.3,11.0,71.9
Sedan,61.62,36.6,71.8,11.0,-4.7,240.8
Sedan,51.97,19.7,54.2,3.3,23.5,358.9
Hatchback,39.84,5.9,39.4,7.2,12.0,147.8
SUV,73.67,33.3,78.1,30.0,12.1,94.4
Two-Wheeler,2.3,25.4,44.9,60.0,4.9,1.0
Hatchback,31.38,20.5,46.3,11.0,47.6,72.8
Two-Wheeler,3.64,33.1,80.7,3.3,26.6,33.8
Hatchback,30.24,69.0,78.8,3.3,1.7,103.6
Hatchback,35.08,54.8,87.7,30.0,2.2,40.0
SUV,95.29,18.7,33.5,30.0,36.4,33.0
Hatchback,37.38,36.4,60.5,3.3,-4.4,324.4
Hatchback,32.35,12.2,46.9,30.0,3.8,40.3
Sedan,53.74,16.3,48.3,7.2,20.3,167.2
SUV,66.36,4.4,41.1,3.3,33.1,505.0
Sedan,57.89,2.3,9.7,30.0,5.3,13.8
Hatchback,25.59,56.6,80.5,11.0,33.6,37.1
SUV,97.39,69.3,83.6,11.0,1.7,143.8
Hatchback,32.97,27.7,65.1,7.2,35.4,118.8
Two-Wheeler,2.84,55.4,85.7,11.0,-4.5,9.2
SUV,90.36,40.6,67.4,3.3,31.8,475.1
Hatchback,33.18,51.1,74.3,30.0,36.8,20.0
Sedan,45.95,20.4,37.8,3.3,15.8,192.3
Two-Wheeler,2.25,20.4,75.0,11.0,16.1,8.0
Hatchback,39.77,40.4,49.7,30.0,0.5,13.9
SUV,91.34,48.0,61.4,30.0,18.8,30.8
Sedan,45.93,42.5,55.8,60.0,45.8,10.4
Sedan,45.78,43.9,82.6,30.0,12.4,43.9
Two-Wheeler,4.14,24.5,82.0,60.0,24.7,2.2
Sedan,55.01,11.2,50.5,11.0,4.4,196.1
SUV,72.44,55.2,82.1,3.3,-3.7,770.4
Sedan,62.01,58.0,99.7,60.0,26.1,40.3
SUV,75.96,60.7,92.9,60.0,36.1,32.5
Hatchback,31.0,45.5,87.0,7.2,41.6,141.5
Hatchback,39.35,14.1,96.0,30.0,-1.6,153.2
SUV,84.88,28.5,39.0,3.3,29.4,199.2
Two-Wheeler,3.74,14.2,30.3,3.3,2.8,19.9
Sedan,54.92,57.0,84.5,30.0,37.3,31.7
Sedan,43.75,11.2,66.3,7.2,24.0,219.5
Sedan,63.92,19.2,39.9,60.0,6.3,20.9
Two-Wheeler,3.49,6.6,53.4,60.0,-0.2,3.3
Sedan,56.21,39.4,93.0,11.0,-4.1,362.2
Sedan,47.61,61.8,89.7,3.3,4.1,415.2
Hatchback,39.06,45.1,51.4,30.0,21.5,5.6
SUV,85.95,54.8,61.3,3.3,36.5,128.0
SUV,73.57,28.8,41.7,30.0,7.7,28.5
Two-Wheeler,2.44,14.8,92.1,7.2,36.5,19.6
Sedan,45.97,29.7,87.8,60.0,18.5,30.2
Two-Wheeler,3.25,44.2,69.8,7.2,17.9,8.1
SUV,72.68,61.0,91.4,11.0,16.7,184.0
Sedan,48.61,31.9,66.6,3.3,34.7,368.7
Two-Wheeler,2.88,43.5,63.0,7.2,2.5,8.8
SUV,98.55,16.8,23.2,60.0,18.2,8.1
SUV,69.1,6.7,79.2,3.3,36.7,1015.6
Two-Wheeler,3.81,32.5,47.4,3.3,10.6,13.8
Sedan,64.24,34.3,61.9,7.2,30.7,167.8
SUV,86.65,18.6,52.3,3.3,32.4,577.6
SUV,70.86,36.4,60.1,7.2,43.4,183.3
Sedan,49.75,58.3,65.3,60.0,10.8,4.9
Hatchback,38.78,50.7,83.4,3.3,23.2,272.6
Sedan,60.66,42.6,86.8,30.0,9.9,71.4
Hatchback,30.8,62.0,72.9,3.3,2.5,93.3
Hatchback,39.0,58.9,80.6,11.0,46.6,77.5
SUV,73.61,35.2,42.0,60.0,-4.5,11.2
Two-Wheeler,3.37,49.3,55.8,3.3,18.8,4.9
Hatchback,29.49,68.2,95.8,60.0,29.5,12.1
SUV,93.57,22.6,99.5,30.0,43.2,256.0
Two-Wheeler,3.31,53.7,92.9,30.0,-3.8,5.3
Sedan,62.94,29.1,92.6,7.2,19.5,395.5
SUV,84.62,26.5,34.6,60.0,0.9,13.4
SUV,86.26,22.9,32.6,7.2,9.0,99.8
Sedan,49.82,8.1,63.6,60.0,43.7,39.0
Sedan,63.21,45.3,99.7,60.0,-3.2,106.3
Two-Wheeler,4.29,34.5,87.2,60.0,5.3,3.4
Sedan,54.9,47.9,69.3,7.2,6.5,156.6
SUV,88.69,52.4,62.8,30.0,38.4,23.7
SUV,76.75,33.7,60.8,3.3,1.2,764.4
Two-Wheeler,2.23,20.1,86.5,3.3,22.9,28.3
Two-Wheeler,3.35,10.9,34.7,30.0,6.8,2.5
Two-Wheeler,2.97,39.9,98.4,11.0,11.7,15.8
Hatchback,35.75,51.7,88.3,11.0,5.7,126.6
Sedan,49.54,68.9,83.4,60.0,21.4,7.4
Hatchback,37.68,12.6,64.4,11.0,27.8,114.8
SUV,98.6,61.3,78.1,30.0,40.6,44.9
SUV,86.36,21.2,74.1,7.2,-0.0,814.2
Hatchback,33.81,3.8,72.2,11.0,21.3,140.3
Two-Wheeler,2.36,31.6,96.4,7.2,7.1,21.1
SUV,90.13,18.2,57.9,3.3,14.5,920.7
Hatchback,30.25,37.5,98.4,7.2,19.9,216.9
SUV,68.76,17.7,54.2,11.0,12.2,201.3
Hatchback,33.67,35.4,64.1,30.0,27.4,18.8
SUV,70.99,48.0,54.2,7.2,3.5,64.7
Two-Wheeler,3.22,35.7,86.6,60.0,-3.1,3.4
SUV,79.03,68.9,93.6,3.3,47.2,726.5
Two-Wheeler,3.89,46.8,74.2,30.0,10.5,2.9
SUV,82.03,11.9,63.9,7.2,8.0,517.1
SUV,70.69,67.4,84.8,11.0,13.7,88.8
Two-Wheeler,3.56,30.3,51.2,60.0,34.5,1.0
Two-Wheeler,2.34,9.4,15.0,7.2,34.4,1.3
Two-Wheeler,3.96,13.0,98.2,60.0,12.4,5.7
Hatchback,25.74,58.2,99.9,30.0,36.1,36.8
Sedan,41.65,55.9,84.2,7.2,43.2,149.5
Hatchback,30.41,48.5,90.1,7.2,45.9,197.7
Two-Wheeler,2.07,19.2,52.6,11.0,26.5,4.4
Two-Wheeler,3.56,58.3,72.2,7.2,13.2,5.1
Two-Wheeler,4.06,16.2,63.7,30.0,42.7,4.9
SUV,99.47,9.7,74.9,11.0,40.1,438.5
Hatchback,32.05,60.0,96.8,30.0,41.2,37.9
SUV,97.25,44.3,79.7,30.0,-2.6,151.6
Hatchback,29.7,65.0,98.5,3.3,47.6,440.0
Hatchback,32.32,9.0,89.0,3.3,24.7,523.4
Hatchback,31.08,60.9,89.9,3.3,-0.6,356.5
SUV,68.55,65.5,89.7,7.2,0.0,305.9
Two-Wheeler,2.61,40.8,46.5,7.2,19.7,1.3
SUV,76.99,45.7,61.9,60.0,24.7,14.1
Two-Wheeler,2.43,66.0,96.7,11.0,12.9,7.5
Hatchback,36.11,21.2,36.2,3.3,30.9,114.9
SUV,83.22,6.0,15.6,11.0,26.9,39.9
Two-Wheeler,3.53,46.7,91.7,7.2,17.3,17.8
Hatchback,29.68,5.7,11.0,11.0,39.3,11.2
SUV,85.2,29.2,89.0,30.0,32.0,118.9
Hatchback,32.6,25.6,81.0,30.0,31.4,42.5
Two-Wheeler,3.62,43.2,51.8,60.0,9.8,1.0
Hatchback,32.69,53.9,69.7,30.0,32.2,11.8
Two-Wheeler,3.93,62.4,70.2,30.0,32.0,1.0
SUV,72.61,69.9,79.3,11.0,12.8,51.6
Two-Wheeler,3.05,35.4,95.7,11.0,20.4,12.5
Two-Wheeler,4.04,18.3,24.3,60.0,28.4,1.0
Sedan,45.28,52.4,85.9,11.0,24.9,103.1
Hatchback,35.02,47.2,83.9,30.0,22.8,30.3
Two-Wheeler,3.53,35.3,47.9,30.0,32.2,1.0
SUV,77.47,18.8,97.1,7.2,40.6,704.7
Two-Wheeler,3.84,37.9,98.6,11.0,-2.1,31.8
Sedan,45.08,43.1,88.7,11.0,2.3,205.2
Hatchback,37.51,35.8,53.0,30.0,26.0,15.5
Two-Wheeler,3.39,21.0,81.8,30.0,22.4,4.2
Hatchback,39.22,50.0,68.4,11.0,32.7,42.8
Hatchback,32.9,18.8,50.3,11.0,44.9,78.4
SUV,88.36,38.2,51.0,60.0,5.8,19.2
Two-Wheeler,4.43,61.7,67.5,11.0,9.5,1.9
Sedan,45.89,15.7,69.9,60.0,24.5,28.8
SUV,68.4,3.3,15.9,30.0,14.3,21.6
SUV,91.42,23.9,80.0,11.0,46.2,444.5
Two-Wheeler,3.6,52.9,68.5,60.0,29.1,1.0
Hatchback,38.57,29.0,96.5,60.0,41.9,36.9
SUV,70.63,7.2,21.7,3.3,46.8,290.4
Sedan,55.91,44.9,60.3,30.0,25.7,19.1
Sedan,44.65,51.2,59.4,11.0,26.3,22.7
Hatchback,37.11,14.0,94.6,7.2,41.9,332.2
Sedan,43.44,64.3,88.6,7.2,-3.3,189.9
Two-Wheeler,3.43,36.6,46.4,3.3,38.2,7.0
Sedan,55.98,67.4,86.0,11.0,43.6,68.3
Sedan,45.9,50.1,59.1,60.0,47.3,7.8
Sedan,53.1,42.6,62.0,11.0,30.7,59.4
Sedan,43.69,64.5,73.0,11.0,28.3,21.3
SUV,65.72,26.7,75.4,3.3,22.6,634.8
SUV,69.91,5.9,66.6,30.0,29.6,92.9
Sedan,60.27,7.1,67.7,7.2,1.4,562.9
Sedan,57.95,5.5,60.2,11.0,2.7,300.5
Sedan,41.84,50.5,58.3,3.3,6.9,98.9
Two-Wheeler,4.14,24.2,66.6,60.0,36.0,2.0
Two-Wheeler,2.24,64.1,88.8,30.0,21.1,1.3
Two-Wheeler,3.82,38.8,73.5,7.2,5.3,18.3
Two-Wheeler,2.46,66.2,85.8,7.2,23.0,5.3
Hatchback,39.15,49.3,83.2,7.2,7.4,158.6
Hatchback,25.15,6.8,64.3,11.0,33.4,84.8
SUV,98.24,52.5,90.9,30.0,32.1,101.9
Hatchback,39.24,47.0,89.9,7.2,46.3,286.4
SUV,87.57,3.7,60.8,7.2,37.9,524.3
Two-Wheeler,3.81,11.9,91.3,7.2,0.3,47.8
Two-Wheeler,3.07,36.0,52.8,11.0,19.3,3.1
Two-Wheeler,2.41,47.8,93.2,60.0,38.4,1.5
Sedan,63.28,28.9,57.8,3.3,35.3,368.5
Sedan,41.9,52.4,98.5,60.0,47.8,46.0
Two-Wheeler,2.7,67.7,98.0,60.0,23.3,1.3
SUV,85.67,49.6,73.0,3.3,16.5,476.4
Sedan,63.95,21.7,37.0,3.3,-4.7,397.6
SUV,68.34,12.4,54.4,60.0,4.8,43.8
SUV,84.24,28.0,64.2,3.3,17.5,678.1
Sedan,41.62,9.8,98.1,7.2,9.8,484.9
Sedan,58.88,64.8,93.7,3.3,27.5,395.3
SUV,95.08,56.3,61.4,11.0,20.9,30.1
SUV,94.62,2.5,75.1,3.3,47.4,2042.0
Hatchback,34.09,56.7,70.9,7.2,8.3,62.5
SUV,75.45,27.6,99.6,60.0,4.3,113.4
SUV,65.85,14.3,69.5,11.0,30.0,226.8
Sedan,54.4,45.8,90.3,7.2,37.0,259.7
Two-Wheeler,4.1,11.1,96.4,60.0,42.3,4.6
Two-Wheeler,3.51,31.8,84.2,3.3,22.8,36.2
SUV,95.89,4.6,76.2,7.2,10.5,768.8
Hatchback,28.75,46.3,85.1,11.0,-0.5,132.3
SUV,90.26,39.0,87.6,30.0,0.7,209.8
Hatchback,35.4,57.4,69.2,30.0,22.4,9.1
SUV,83.09,45.4,61.0,7.2,14.9,130.2
SUV,73.29,10.2,18.2,60.0,-2.6,12.8
Hatchback,25.26,21.5,30.8,30.0,16.4,6.0
SUV,89.09,51.7,66.4,30.0,41.0,35.4
Hatchback,31.61,54.2,71.9,3.3,15.2,129.0
SUV,98.84,13.9,21.0,3.3,-4.7,259.5
Hatchback,37.3,64.0,85.6,60.0,18.8,9.9
Sedan,62.74,35.7,67.7,3.3,22.3,428.4
Hatchback,35.65,50.3,93.3,7.2,-4.5,270.1
Sedan,61.26,67.6,88.9,11.0,6.2,127.8
Two-Wheeler,2.53,39.6,90.9,30.0,15.7,3.4
Hatchback,28.81,49.5,70.9,3.3,3.4,210.5
SUV,88.07,43.7,75.3,3.3,21.5,593.7
SUV,67.1,65.0,71.7,11.0,17.4,30.8
Sedan,44.15,64.9,71.2,30.0,38.5,7.0
Sedan,45.06,26.3,88.2,7.2,40.7,309.5
Sedan,45.94,10.3,70.1,7.2,13.3,311.6
SUV,91.19,54.6,61.2,60.0,43.5,8.8
Two-Wheeler,2.03,63.0,85.4,11.0,38.7,3.0
Two-Wheeler,3.73,64.6,76.5,30.0,5.7,1.2
Two-Wheeler,3.5,50.2,79.7,11.0,36.7,6.6
Two-Wheeler,2.27,45.1,94.5,60.0,8.4,2.0
Sedan,54.11,30.1,42.1,7.2,42.2,75.4
SUV,85.82,4.8,18.4,11.0,46.5,114.3
SUV,92.8,36.6,46.0,3.3,31.1,195.3
Hatchback,38.17,21.8,47.6,7.2,9.5,114.6
Sedan,62.58,17.6,83.5,30.0,25.4,90.7
Hatchback,37.28,18.4,71.8,3.3,24.1,403.4
SUV,93.5,35.1,80.8,60.0,20.3,43.5
Hatchback,31.7,24.8,62.1,3.3,18.9,257.0
Hatchback,25.23,2.7,42.2,60.0,27.9,10.7
Hatchback,35.84,8.4,98.7,11.0,12.8,281.2
Two-Wheeler,3.77,59.2,67.9,3.3,1.7,11.4
SUV,99.51,42.7,79.5,3.3,45.8,1282.1
SUV,76.88,24.8,50.3,60.0,13.4,21.3
Sedan,48.9,32.4,56.8,3.3,3.8,316.9
Sedan,58.02,50.4,64.4,11.0,-3.1,92.6
Sedan,49.89,68.6,78.4,3.3,11.9,105.9
Hatchback,25.66,13.0,94.7,11.0,0.5,250.6
SUV,74.29,51.3,63.7,30.0,10.1,27.3
Hatchback,28.22,10.8,93.7,60.0,3.6,43.9
Hatchback,33.65,53.1,88.5,30.0,0.9,43.4
Sedan,55.56,37.5,73.4,60.0,-4.2,36.2
Sedan,48.3,34.0,77.8,30.0,17.7,52.7
Hatchback,25.02,3.6,71.7,30.0,16.9,38.6
Sedan,40.35,28.4,82.4,3.3,46.5,673.7
Hatchback,37.19,6.8,62.3,11.0,44.0,150.7
Sedan,45.52,9.2,59.2,60.0,43.1,31.2
Sedan,44.23,52.7,81.3,60.0,4.3,22.3
SUV,83.04,17.3,32.6,30.0,45.7,43.5
SUV,89.39,58.4,69.4,60.0,21.3,11.4
Two-Wheeler,2.37,45.1,93.4,3.3,30.0,26.4
Two-Wheeler,2.35,17.8,98.1,60.0,35.9,2.3
Two-Wheeler,3.63,21.3,50.4,60.0,45.2,1.6
Sedan,49.33,22.2,51.0,7.2,40.6,149.9
Hatchback,39.14,38.9,69.2,11.0,11.6,94.7
SUV,68.17,10.6,29.4,7.2,11.0,149.6
Hatchback,26.86,28.1,91.9,60.0,0.6,34.8
SUV,84.49,16.3,79.2,60.0,31.1,70.4
Two-Wheeler,2.02,58.1,75.0,3.3,2.3,10.8
Hatchback,25.13,5.8,48.0,60.0,30.8,10.6
Two-Wheeler,2.11,25.1,54.7,60.0,13.0,1.0
Hatchback,29.77,52.6,63.8,30.0,24.7,7.4
SUV,68.77,66.8,97.4,11.0,38.8,205.7
Hatchback,32.56,23.6,92.0,3.3,5.0,732.8
SUV,68.11,51.8,68.4,30.0,30.0,22.4
Sedan,45.32,5.3,14.3,30.0,-0.3,17.3
Two-Wheeler,2.61,16.9,96.0,7.2,1.3,34.5
Hatchback,25.01,64.6,72.6,11.0,31.2,12.1
Hatchback,34.77,54.3,76.5,60.0,20.9,9.2
Hatchback,32.67,16.0,41.4,11.0,14.0,58.0
Sedan,40.07,40.4,83.8,11.0,24.8,100.0
SUV,67.08,49.5,91.0,3.3,33.0,653.3
Two-Wheeler,3.85,51.3,88.5,30.0,-1.1,5.7
Hatchback,32.91,53.9,72.6,7.2,9.6,73.2
SUV,93.73,14.0,48.1,7.2,16.3,355.5
Sedan,45.89,25.0,51.9,3.3,36.6,271.9
Two-Wheeler,2.09,65.3,93.8,7.2,47.1,10.3
Two-Wheeler,3.73,22.8,91.9,7.2,16.8,27.5
Two-Wheeler,4.09,67.7,74.5,60.0,7.9,1.0
Two-Wheeler,3.18,21.8,84.7,11.0,6.8,15.8
Hatchback,34.06,26.1,44.0,60.0,2.1,12.1
Hatchback,25.69,68.9,91.4,11.0,39.7,48.5
SUV,71.98,14.6,91.2,60.0,42.3,71.5
SUV,75.68,53.3,93.6,3.3,13.4,814.8
Sedan,58.49,30.8,73.2,30.0,47.3,87.0
Sedan,53.73,61.1,86.6,30.0,21.9,36.2
Hatchback,26.98,3.8,53.4,30.0,25.3,25.2
Hatchback,37.73,25.6,65.9,30.0,46.6,51.4
Two-Wheeler,3.31,17.2,67.4,60.0,6.6,2.5
SUV,71.76,27.2,92.4,7.2,15.6,523.9
SUV,65.27,14.8,94.5,11.0,27.0,341.2
Hatchback,35.75,54.5,99.0,7.2,-4.0,337.6
Hatchback,37.57,39.0,75.6,7.2,14.0,138.3
Sedan,52.31,40.1,85.9,7.2,20.0,230.5
Two-Wheeler,3.65,47.8,86.3,11.0,38.6,9.0
Two-Wheeler,3.7,7.2,31.5,3.3,37.0,19.2
Hatchback,39.81,18.0,24.5,11.0,0.9,25.5
Sedan,59.4,40.5,59.4,30.0,22.7,25.3
Sedan,55.36,3.5,83.3,30.0,35.5,95.8
Hatchback,34.02,11.7,32.8,30.0,31.2,16.9
SUV,84.87,46.0,72.6,11.0,-2.1,258.7
SUV,93.17,65.1,74.6,60.0,21.8,9.1
Hatchback,28.01,55.2,86.9,7.2,29.3,84.3
Two-Wheeler,2.06,10.8,59.5,11.0,11.4,6.9
Two-Wheeler,2.21,3.2,74.8,11.0,4.1,13.1
Hatchback,28.96,43.9,73.7,11.0,0.9,88.7
Sedan,55.27,2.3,65.4,11.0,10.0,307.0
Two-Wheeler,4.49,17.7,93.3,7.2,43.7,42.2
Hatchback,30.72,69.3,90.2,7.2,23.9,65.7
SUV,67.93,5.2,34.9,60.0,20.2,22.7
Sedan,44.94,27.3,85.1,30.0,22.9,59.4
Two-Wheeler,3.56,68.2,90.9,7.2,-4.1,17.3
SUV,95.18,28.1,46.5,7.2,19.8,175.0
Two-Wheeler,3.43,54.2,93.3,7.2,16.1,16.5
Sedan,50.84,15.4,91.7,11.0,46.6,394.3
Sedan,56.14,19.8,72.6,30.0,1.8,118.3
Sedan,55.91,19.2,58.3,60.0,45.4,35.7
Two-Wheeler,4.17,25.4,78.8,60.0,30.0,2.4
Hatchback,25.78,13.6,68.8,7.2,36.1,134.2
Sedan,42.12,3.2,80.0,11.0,24.1,188.9
Hatchback,31.11,64.5,74.7,3.3,-1.7,115.0
Sedan,63.8,63.6,92.1,11.0,-4.0,247.8
Sedan,50.84,67.4,90.4,60.0,0.8,26.2
Hatchback,25.98,25.4,80.3,30.0,3.3,52.5
Hatchback,36.63,37.3,97.5,30.0,44.0,68.6
Two-Wheeler,3.93,18.5,88.0,3.3,26.1,53.3
Hatchback,32.99,64.9,76.3,11.0,44.2,28.9
Hatchback,38.8,28.8,38.6,30.0,37.6,8.5
Sedan,52.96,57.0,69.3,7.2,28.3,59.0
Two-Wheeler,4.08,24.1,95.3,3.3,25.2,63.4
SUV,79.02,57.6,87.9,11.0,36.0,167.7
Hatchback,26.3,54.8,76.5,7.2,22.0,48.5
Hatchback,35.26,43.4,98.6,11.0,2.4,243.0
SUV,93.28,43.9,70.8,3.3,37.5,485.8
Two-Wheeler,3.18,6.8,91.0,7.2,33.7,25.2
Sedan,59.79,31.4,43.9,60.0,14.8,9.1
Two-Wheeler,3.92,15.9,36.3,60.0,41.6,1.0
SUV,78.24,22.5,76.6,11.0,45.9,388.7
Two-Wheeler,3.1,63.7,86.8,11.0,21.3,4.1
SUV,67.23,60.1,86.3,7.2,3.7,257.4
Two-Wheeler,3.59,45.3,53.8,60.0,46.4,1.0
Two-Wheeler,2.77,49.5,92.4,11.0,36.7,8.3
SUV,76.24,35.9,89.1,30.0,9.1,113.2
SUV,80.55,57.5,67.9,30.0,12.8,23.0
Two-Wheeler,3.9,33.0,67.6,30.0,2.0,4.4
SUV,92.23,17.2,70.7,60.0,10.6,66.6
Hatchback,26.54,15.3,83.7,3.3,10.5,458.9
Sedan,54.36,35.0,85.0,60.0,0.1,52.9
SUV,94.09,57.4,94.3,11.0,32.0,250.9
Hatchback,38.1,34.7,99.1,60.0,41.4,41.1
Hatchback,28.37,54.8,64.3,3.3,19.9,60.5
Sedan,61.18,54.0,75.7,60.0,2.5,23.3
SUV,84.65,68.7,88.2,3.3,29.2,359.7
Hatchback,31.52,35.8,51.2,60.0,27.6,5.5
Hatchback,36.5,3.2,60.0,11.0,4.2,195.3
SUV,70.93,69.1,100.0,3.3,33.2,836.9
Sedan,62.41,37.3,44.3,30.0,32.6,10.8
SUV,81.22,26.6,58.3,7.2,33.2,244.6
SUV,92.64,3.9,83.5,60.0,36.0,84.8
Hatchback,37.53,30.9,46.1,11.0,11.6,41.3
Two-Wheeler,2.45,45.8,73.7,30.0,39.5,1.7
SUV,96.52,14.6,74.8,60.0,6.4,81.7
Hatchback,29.41,18.9,56.6,30.0,37.4,28.0
Hatchback,29.53,30.8,73.4,3.3,2.9,372.8
Two-Wheeler,3.19,52.6,78.2,60.0,19.6,1.0
SUV,73.74,69.3,96.6,7.2,34.1,269.8
Hatchback,27.63,65.8,94.6,3.3,22.7,211.3
Hatchback,33.39,14.5,44.1,3.3,44.8,229.8
Hatchback,28.74,42.4,50.7,3.3,24.2,50.0
Hatchback,29.4,17.6,95.0,7.2,15.6,239.9
SUV,89.59,8.9,20.1,7.2,34.4,91.6
Hatchback,30.33,67.1,75.0,7.2,4.7,31.8
SUV,87.72,49.0,78.2,7.2,27.4,250.4
Hatchback,25.63,23.3,77.4,30.0,12.5,40.2
Two-Wheeler,3.78,10.3,76.7,7.2,36.1,23.3
Hatchback,37.08,16.6,92.6,7.2,32.5,265.5
Two-Wheeler,3.27,32.8,63.9,30.0,27.2,2.1
SUV,74.55,44.9,84.3,60.0,30.8,36.5
SUV,91.68,22.4,42.5,7.2,23.9,171.2
Hatchback,25.77,49.3,98.8,3.3,19.1,381.2
SUV,74.15,69.7,89.0,60.0,7.3,27.0
Hatchback,36.69,9.2,87.7,7.2,35.7,293.1
Sedan,45.74,37.4,91.4,60.0,15.0,32.1
SUV,73.47,61.2,81.9,7.2,31.2,155.2
Sedan,59.03,3.5,18.1,7.2,3.6,119.5
SUV,81.7,18.7,28.7,11.0,30.9,50.1
Two-Wheeler,4.32,50.3,81.9,60.0,29.8,1.5
Two-Wheeler,4.41,31.0,75.5,60.0,37.5,2.3
Hatchback,34.79,50.8,72.1,11.0,10.7,53.9
Sedan,62.98,62.9,79.5,11.0,8.7,84.5
SUV,82.69,28.5,41.7,30.0,36.6,28.8
Two-Wheeler,4.3,46.9,96.6,7.2,20.1,23.2
Sedan,63.99,67.3,95.0,60.0,19.5,29.7
Hatchback,39.07,26.7,83.4,7.2,43.9,278.2
Hatchback,33.33,35.4,99.3,60.0,6.6,42.0
Two-Wheeler,3.72,38.5,50.9,60.0,22.2,1.0
Two-Wheeler,3.01,39.5,93.7,30.0,43.4,4.9
Sedan,46.98,32.7,51.4,30.0,23.2,18.4
Hatchback,29.08,12.3,28.8,7.2,32.7,41.5
Sedan,64.97,19.7,92.2,3.3,27.3,1122.5
SUV,71.33,59.6,93.9,11.0,13.5,210.1
Hatchback,38.64,56.6,63.2,11.0,41.6,16.6
Two-Wheeler,2.3,56.9,86.6,30.0,13.0,1.8
SUV,94.85,47.6,66.3,11.0,46.7,159.3
SUV,79.12,11.3,73.7,11.0,17.8,344.9
SUV,91.87,18.5,78.3,60.0,-3.9,117.8
Sedan,63.42,27.7,50.4,11.0,47.7,130.4
Hatchback,38.67,37.3,68.6,60.0,24.3,14.6
Sedan,48.21,52.2,69.4,60.0,27.4,9.0
Two-Wheeler,3.12,27.1,49.3,60.0,2.1,1.4
Hatchback,31.28,23.6,81.4,60.0,6.4,28.3
SUV,67.86,30.2,72.6,60.0,7.2,44.1
Sedan,48.63,63.1,81.9,7.2,17.1,92.6
Two-Wheeler,2.29,61.3,77.3,60.0,45.7,1.0
Two-Wheeler,3.3,17.5,80.9,3.3,29.8,42.6
SUV,89.8,23.2,99.9,3.3,33.8,1794.2
SUV,85.63,39.6,57.7,60.0,30.9,17.1
Two-Wheeler,2.13,47.7,60.1,60.0,17.9,1.0
SUV,88.35,43.7,93.2,3.3,4.2,1565.4
Hatchback,31.43,26.6,58.0,11.0,22.6,55.1
Two-Wheeler,3.63,35.9,50.7,11.0,14.2,3.8
Two-Wheeler,4.25,39.4,82.0,30.0,-0.9,6.7
Sedan,48.86,17.2,28.7,7.2,36.9,50.2
Sedan,44.54,68.3,94.2,7.2,44.3,182.9
SUV,81.77,13.6,45.2,60.0,10.5,34.4
Hatchback,27.13,48.4,59.2,3.3,-2.4,116.0
SUV,69.88,11.9,36.1,30.0,34.8,40.8
Hatchback,38.59,61.6,72.8,3.3,9.1,118.2
Hatchback,28.75,65.3,94.9,30.0,26.2,24.3
Hatchback,35.92,55.6,63.4,60.0,32.6,3.2
Two-Wheeler,3.45,36.5,66.4,60.0,32.2,1.2
Two-Wheeler,2.57,3.2,65.0,11.0,40.8,11.1
Sedan,63.5,36.1,54.1,7.2,13.7,126.5
SUV,88.13,42.3,81.4,3.3,27.4,699.7
Sedan,44.14,8.7,77.2,3.3,1.4,1031.0
Two-Wheeler,2.3,13.1,59.7,3.3,29.2,18.7
Two-Wheeler,3.54,54.6,72.2,3.3,-0.8,21.5
Two-Wheeler,4.22,27.6,67.9,3.3,35.7,28.7
Sedan,41.92,34.7,45.5,30.0,8.2,13.2
Two-Wheeler,3.69,52.8,60.4,30.0,47.7,1.0
Two-Wheeler,3.85,42.2,70.4,60.0,35.1,1.0
SUV,92.74,7.3,56.2,3.3,29.2,882.4
Hatchback,28.55,35.4,55.3,11.0,23.0,32.4
Hatchback,28.6,15.6,58.2,30.0,-2.3,50.8
Two-Wheeler,3.22,20.3,67.2,7.2,41.6,15.1
Hatchback,25.93,11.3,63.3,7.2,31.2,121.4
Sedan,47.98,23.7,97.0,3.3,5.8,1156.7
Two-Wheeler,2.34,10.6,50.0,7.2,11.2,10.9
Sedan,52.54,7.2,88.0,30.0,10.1,116.7
Two-Wheeler,3.09,17.5,87.2,60.0,14.1,2.9
SUV,82.13,59.8,90.5,11.0,41.4,183.1
Sedan,52.5,69.2,98.9,30.0,40.0,63.6
Sedan,46.49,61.5,66.9,11.0,7.1,21.1
Hatchback,33.41,14.0,27.4,11.0,6.8,42.0
Hatchback,35.39,18.8,50.6,3.3,12.7,268.9
SUV,70.23,25.2,78.5,60.0,-2.7,72.9
Two-Wheeler,3.52,67.0,83.6,60.0,17.0,1.0
SUV,73.56,34.5,70.2,3.3,6.5,810.4
Sedan,48.16,15.3,75.8,3.3,22.4,639.3
Hatchback,31.38,67.8,74.2,3.3,17.2,44.1
Sedan,51.56,12.7,60.4,3.3,43.9,646.4
Two-Wheeler,4.06,33.3,92.8,3.3,11.2,63.6
SUV,71.01,56.4,85.8,60.0,38.1,27.9
SUV,69.51,67.3,74.0,11.0,-1.5,53.6
Hatchback,33.96,21.5,74.2,7.2,5.2,249.8
Sedan,48.34,19.1,34.8,11.0,32.4,45.2
Sedan,48.42,32.9,81.5,7.2,17.7,219.6
SUV,94.35,50.7,62.3,30.0,46.8,39.1
Two-Wheeler,2.41,13.7,68.7,11.0,17.1,8.3
SUV,82.95,14.8,32.2,7.2,-1.0,265.3
Hatchback,39.21,53.0,90.3,11.0,22.0,89.0
Sedan,58.04,9.2,70.1,60.0,1.4,63.5
Sedan,60.87,12.8,23.9,30.0,42.0,17.5
Hatchback,35.82,59.6,82.8,3.3,23.6,153.9
Sedan,58.88,59.8,76.1,7.2,9.5,110.8
SUV,74.84,3.7,80.7,3.3,8.6,1608.7
Sedan,60.94,67.3,82.5,11.0,-0.3,95.6
Two-Wheeler,2.13,63.1,68.2,7.2,21.1,1.0
Two-Wheeler,2.72,61.4,91.1,30.0,17.9,2.0
Hatchback,36.36,29.1,56.6,60.0,-2.9,21.1
Sedan,40.61,12.4,88.2,3.3,37.3,625.1
SUV,86.84,10.4,74.5,30.0,9.8,155.9
Hatchback,38.06,17.9,79.7,60.0,0.5,47.7
Two-Wheeler,2.43,49.3,70.9,3.3,-4.2,16.3
Sedan,49.85,37.3,72.3,11.0,19.9,99.3
Two-Wheeler,2.75,35.1,40.3,60.0,40.6,1.0
Two-Wheeler,4.49,41.7,53.3,7.2,9.1,5.8
Sedan,50.77,17.6,66.7,60.0,16.5,31.6
Two-Wheeler,2.04,63.1,93.4,60.0,-1.0,1.5
Two-Wheeler,3.51,41.3,49.0,30.0,-1.8,1.0
Hatchback,28.63,35.9,50.6,3.3,36.9,93.0
Two-Wheeler,2.12,31.1,90.2,60.0,14.3,1.7
Two-Wheeler,2.87,20.8,74.2,11.0,2.1,14.2
Sedan,42.79,49.8,74.3,11.0,5.8,82.3
Sedan,54.82,59.7,83.9,30.0,18.4,32.7
Sedan,50.8,33.0,83.5,3.3,18.4,607.2
Hatchback,39.9,23.9,93.0,60.0,37.7,33.9
SUV,72.67,47.2,78.7,7.2,21.2,219.4
Two-Wheeler,2.96,60.9,99.1,7.2,36.1,17.9
Two-Wheeler,2.52,30.7,51.0,3.3,42.8,12.4
SUV,74.58,27.9,64.8,11.0,32.8,154.4
Hatchback,26.91,19.8,99.5,60.0,5.1,47.6
Sedan,49.83,8.2,13.6,30.0,-0.8,10.8
Hatchback,36.66,60.3,70.3,7.2,12.9,39.9
Two-Wheeler,2.6,55.5,74.2,7.2,21.3,4.6
Hatchback,29.52,16.2,98.3,60.0,12.0,40.1
SUV,82.99,17.5,33.5,30.0,20.8,30.0
Hatchback,35.65,64.0,99.1,30.0,33.6,45.7
Hatchback,34.13,42.1,56.7,11.0,25.9,32.9
Sedan,60.85,30.7,69.6,7.2,24.8,206.9
Two-Wheeler,3.5,24.8,75.8,7.2,2.7,24.0
Two-Wheeler,3.04,22.5,55.6,30.0,33.2,2.1
Two-Wheeler,4.22,33.0,79.5,30.0,18.4,4.7
Hatchback,36.65,2.4,27.3,11.0,10.7,72.8
Sedan,49.11,29.5,64.1,11.0,41.0,109.0
Hatchback,37.62,15.5,41.9,60.0,26.6,11.4
SUV,91.12,15.6,41.5,7.2,11.3,258.3
Two-Wheeler,3.33,57.7,93.0,30.0,15.7,3.3
Two-Wheeler,3.26,10.0,51.3,7.2,22.6,12.8
Sedan,56.29,43.8,51.5,11.0,0.1,44.5
SUV,95.44,23.1,79.8,60.0,25.6,69.2
Hatchback,33.22,42.3,63.5,3.3,-2.5,249.1
SUV,89.24,49.6,62.8,11.0,40.5,82.2
Sedan,42.95,58.9,96.7,60.0,38.6,23.6
Two-Wheeler,3.78,41.4,69.1,7.2,47.6,14.4
Two-Wheeler,4.26,21.7,37.9,11.0,11.4,5.0
Hatchback,26.72,44.3,78.1,60.0,30.4,10.3
Sedan,48.66,22.4,69.6,60.0,17.8,29.3
Sedan,43.71,65.6,72.6,3.3,26.3,61.6
SUV,72.8,27.6,66.8,3.3,13.1,691.3
Sedan,40.64,2.1,39.2,7.2,14.2,156.0
Two-Wheeler,3.33,41.3,83.8,3.3,28.9,28.0
Hatchback,29.84,54.6,67.2,30.0,33.0,8.4
Two-Wheeler,2.44,47.5,87.5,30.0,20.9,2.4
SUV,75.15,53.9,75.8,3.3,32.2,365.7
SUV,88.57,43.5,75.2,30.0,5.5,88.2
SUV,81.33,65.5,99.9,60.0,20.8,54.9
Sedan,45.93,5.2,50.9,30.0,36.7,52.5
Hatchback,34.82,49.3,67.4,30.0,19.9,15.7
Two-Wheeler,2.22,10.6,33.4,7.2,25.8,4.8
Sedan,61.53,37.7,95.6,7.2,28.7,386.4
SUV,95.01,45.2,76.8,60.0,19.0,42.1
Two-Wheeler,3.28,14.0,23.7,30.0,1.7,1.2
Hatchback,38.39,18.3,47.8,7.2,6.8,151.2
Sedan,53.3,66.7,99.9,30.0,39.4,76.9
SUV,85.29,25.9,85.1,7.2,4.1,690.9
Two-Wheeler,3.52,48.8,54.0,3.3,22.1,3.6
Two-Wheeler,2.1,5.3,65.9,30.0,26.4,2.6
Sedan,63.73,23.4,56.9,11.0,46.8,187.4
Hatchback,25.17,35.1,49.3,30.0,26.7,8.1
Two-Wheeler,2.41,25.3,48.1,3.3,15.3,11.4
SUV,79.81,33.1,55.4,3.3,9.8,432.1
Hatchback,37.19,29.5,74.3,30.0,42.4,46.4
Sedan,46.72,69.0,95.2,60.0,37.1,19.5
Two-Wheeler,3.1,52.4,87.2,60.0,33.8,1.2
Two-Wheeler,2.87,28.7,83.3,3.3,33.0,30.4
Sedan,54.9,11.5,69.6,30.0,42.0,83.3
Hatchback,39.99,26.4,81.0,60.0,23.6,23.7
Sedan,46.15,14.6,70.4,7.2,2.5,413.8
SUV,80.34,60.1,80.6,11.0,-0.6,183.7
SUV,69.49,54.1,67.6,30.0,20.9,21.6
Hatchback,28.69,19.2,32.5,30.0,33.2,8.2
Two-Wheeler,2.83,54.7,68.8,11.0,44.9,3.2
Hatchback,28.6,7.0,53.3,3.3,8.3,357.8
SUV,73.17,32.7,49.9,11.0,4.5,121.7
Sedan,44.72,65.8,90.3,3.3,43.8,300.2
SUV,77.68,11.8,83.8,60.0,-1.8,111.4
Sedan,55.43,37.2,62.7,60.0,-1.0,27.4
Sedan,46.38,18.0,92.9,3.3,35.5,698.5
SUV,66.85,62.8,69.7,60.0,15.7,6.4
Sedan,62.86,41.8,58.4,60.0,9.7,16.0
SUV,65.75,46.6,81.3,7.2,42.9,233.0
SUV,82.9,15.2,70.1,7.2,35.8,442.9
Sedan,61.7,36.4,72.6,7.2,33.3,204.5
Sedan,60.1,64.8,71.4,3.3,1.4,131.7
Sedan,49.56,38.7,83.3,30.0,21.7,48.7
Hatchback,31.58,64.8,86.6,3.3,14.0,175.6
Two-Wheeler,3.27,9.9,77.7,7.2,32.1,20.9
Hatchback,31.54,13.4,97.1,7.2,-0.4,528.0
Two-Wheeler,2.39,26.8,34.8,30.0,24.5,1.0
SUV,99.65,10.6,48.7,11.0,42.8,278.7
Hatchback,35.18,62.3,92.4,7.2,28.3,115.5
Hatchback,34.22,36.0,55.1,3.3,10.5,166.1
Sedan,49.76,28.3,41.1,11.0,40.9,40.4
SUV,79.84,30.3,74.2,3.3,27.3,711.1
Hatchback,26.55,22.7,29.0,30.0,19.1,4.1
SUV,70.85,44.9,65.3,30.0,15.2,33.7
SUV,77.0,28.6,81.1,3.3,5.6,1291.2
Sedan,60.47,22.4,75.6,60.0,-0.6,59.4
Hatchback,27.65,24.3,85.9,11.0,41.1,120.9
SUV,91.28,58.2,91.3,11.0,15.4,241.1
Two-Wheeler,2.38,28.4,37.2,60.0,16.7,1.0
Two-Wheeler,3.35,4.5,90.7,3.3,38.5,62.4
SUV,68.64,59.5,89.9,30.0,1.4,81.0
Hatchback,34.43,13.7,77.2,3.3,-1.3,906.6
Hatchback,39.91,20.8,71.3,11.0,22.5,137.4
Hatchback,33.32,66.6,81.1,7.2,18.3,47.5
Two-Wheeler,2.95,22.7,86.2,7.2,44.3,21.3
SUV,78.65,2.8,23.9,30.0,2.8,54.1
Sedan,43.41,7.8,46.2,30.0,8.2,48.0
SUV,73.97,38.5,86.3,3.3,40.2,832.6
Sedan,62.69,37.3,78.9,30.0,16.8,73.4
Sedan,43.71,56.2,63.3,7.2,30.8,30.1
Sedan,41.76,31.1,58.1,11.0,47.2,101.9
Sedan,52.9,50.2,87.6,30.0,-1.5,92.3
Sedan,52.75,61.6,86.9,3.3,21.5,272.1
SUV,67.61,64.4,97.0,3.3,31.2,653.4
Two-Wheeler,3.91,47.8,63.3,60.0,22.2,1.0
Sedan,54.04,37.5,82.6,60.0,23.0,28.2
SUV,69.41,53.7,59.7,3.3,-2.2,160.9
Two-Wheeler,2.01,23.2,83.0,30.0,17.1,2.6
SUV,72.07,51.1,60.6,11.0,21.9,41.5
Sedan,43.58,61.1,72.1,3.3,9.8,120.6
Sedan,51.14,66.2,90.3,30.0,23.2,30.7
Two-Wheeler,4.38,67.0,79.8,3.3,28.3,10.2
Sedan,59.27,65.9,80.8,11.0,31.8,51.4
SUV,87.02,46.6,88.6,7.2,48.0,569.3
Sedan,43.63,12.5,55.0,7.2,41.6,184.2
SUV,78.18,23.7,88.2,30.0,29.7,123.7
Sedan,52.46,14.8,58.6,60.0,30.8,26.9
Hatchback,33.0,33.8,91.4,60.0,19.5,23.6
Hatchback,30.44,29.0,45.9,3.3,26.2,106.0
SUV,84.64,20.3,73.1,7.2,31.6,448.2
Hatchback,32.34,8.3,58.0,3.3,33.5,356.5
Two-Wheeler,4.36,8.9,89.7,11.0,37.4,22.4
Two-Wheeler,2.39,64.7,76.8,3.3,41.3,6.5
Hatchback,34.29,16.6,55.2,11.0,44.7,112.4
Two-Wheeler,4.49,5.5,58.1,60.0,4.1,4.5
SUV,96.39,64.9,76.3,60.0,23.7,12.0
Sedan,44.78,12.5,18.5,60.0,4.6,4.4
Hatchback,38.02,55.0,70.2,3.3,36.5,116.8
Hatchback,29.85,40.4,66.2,30.0,4.9,24.3
SUV,91.36,26.2,66.9,30.0,35.5,88.1
Sedan,49.41,17.2,51.3,3.3,-0.0,667.3
SUV,92.71,46.2,70.6,30.0,44.6,56.9
SUV,72.24,46.1,80.0,11.0,31.2,155.6
SUV,98.22,44.9,98.3,60.0,43.3,93.5
Two-Wheeler,2.45,22.1,48.8,30.0,20.6,1.4
Two-Wheeler,2.07,46.2,94.6,7.2,47.9,16.8
Hatchback,37.8,9.7,97.8,7.2,32.9,358.6
Two-Wheeler,2.05,39.0,67.2,3.3,39.7,12.5
Sedan,45.65,34.7,49.5,11.0,30.4,38.3
SUV,80.73,20.9,87.9,60.0,31.6,58.7
SUV,95.66,17.5,53.6,11.0,37.2,222.9
Hatchback,30.29,10.5,22.2,60.0,39.7,4.4
Sedan,42.91,18.8,40.0,7.2,33.9,76.9
SUV,66.13,42.6,83.7,7.2,29.6,243.3
Two-Wheeler,3.18,60.5,87.8,60.0,-0.5,1.9
SUV,87.87,14.3,54.6,11.0,41.7,230.5
Sedan,46.44,35.2,89.3,3.3,29.1,571.3
Hatchback,30.86,17.7,39.6,11.0,34.0,39.3
Hatchback,38.29,41.2,48.7,7.2,32.3,26.5
Sedan,57.06,2.3,26.4,60.0,8.7,19.2
Sedan,58.69,36.9,60.9,11.0,0.5,145.1
Two-Wheeler,3.38,65.8,77.8,11.0,30.3,2.3
Hatchback,25.17,46.6,59.5,30.0,4.6,11.8
Hatchback,32.07,23.0,96.6,7.2,10.4,332.3
Hatchback,34.96,23.9,68.2,60.0,-0.6,31.9
Sedan,58.95,59.7,71.7,11.0,-0.7,76.6
Sedan,49.42,44.7,75.2,11.0,44.6,115.1
Two-Wheeler,2.75,43.2,61.5,3.3,9.3,13.7
Two-Wheeler,4.35,25.8,44.3,30.0,17.3,1.8
Sedan,51.6,48.2,96.0,60.0,28.3,36.7
SUV,79.07,30.7,98.7,30.0,9.8,214.8
Two-Wheeler,2.45,43.0,87.1,3.3,28.7,19.6
Sedan,51.76,36.3,86.5,3.3,28.9,606.6
Sedan,49.15,45.0,87.4,30.0,45.7,74.3
SUV,78.74,52.2,96.2,30.0,43.7,114.1
Hatchback,36.32,44.9,95.2,7.2,11.6,258.9
SUV,71.84,10.6,74.9,30.0,3.4,157.2
Hatchback,32.15,20.7,98.8,11.0,33.3,190.6
Sedan,54.6,65.9,87.9,30.0,22.6,28.3
Two-Wheeler,3.84,24.8,80.9,7.2,45.5,27.5
Hatchback,35.0,2.6,80.3,3.3,22.9,503.6
SUV,83.07,24.0,49.0,11.0,17.0,143.7
SUV,76.37,15.1,54.2,3.3,2.1,1040.5
Sedan,56.63,20.2,60.5,3.3,5.6,655.8
Sedan,45.54,66.8,81.0,60.0,24.6,6.9
Hatchback,31.67,6.6,73.2,3.3,17.1,463.8
Two-Wheeler,4.31,11.6,67.2,7.2,11.3,27.4
Sedan,56.39,17.9,67.0,3.3,46.9,899.1
Two-Wheeler,2.36,10.1,54.4,3.3,34.5,20.1
Hatchback,34.61,22.5,69.2,3.3,44.5,417.8
SUV,93.24,49.0,88.6,11.0,35.9,234.3
Hatchback,35.78,49.4,85.0,11.0,15.3,83.0
Hatchback,27.34,25.5,48.1,7.2,30.1,50.0
Two-Wheeler,3.28,12.4,38.7,30.0,22.7,1.8
Sedan,45.82,22.1,34.0,7.2,-3.7,96.8
Hatchback,26.87,61.2,88.6,3.3,18.1,175.6
Sedan,42.48,18.6,89.3,60.0,36.4,39.2
SUV,98.07,25.4,80.2,7.2,41.8,596.7
Hatchback,33.71,59.4,67.2,7.2,40.1,25.6
Two-Wheeler,2.85,64.0,73.0,11.0,25.4,1.5
Sedan,59.95,17.9,45.9,60.0,15.2,20.4
Sedan,54.11,31.1,82.1,60.0,19.3,32.7
Hatchback,29.89,43.0,55.0,3.3,24.2,71.9
Hatchback,25.42,33.9,42.1,30.0,12.5,5.6
Sedan,59.18,8.8,77.2,11.0,26.0,244.2
Two-Wheeler,2.84,50.3,90.2,11.0,36.2,7.5
Hatchback,27.22,35.7,40.8,30.0,5.3,4.6
SUV,66.72,40.0,80.0,60.0,44.4,36.3
SUV,70.14,45.2,61.0,3.3,44.2,264.9
SUV,75.25,50.8,85.1,60.0,-3.1,53.7
Two-Wheeler,2.93,66.8,95.6,7.2,10.6,12.4
Sedan,46.94,6.4,68.3,3.3,29.8,624.4
Sedan,44.0,52.5,63.2,60.0,14.8,6.2
Hatchback,27.35,20.4,34.9,3.3,44.5,104.1
SUV,99.88,40.5,67.9,11.0,44.3,194.3
SUV,83.74,31.1,87.0,3.3,-2.8,2017.6
SUV,99.02,11.9,37.4,30.0,44.4,71.0
Hatchback,26.16,55.4,82.9,3.3,25.0,146.6
Two-Wheeler,2.4,43.7,94.0,7.2,9.1,15.7
Sedan,44.3,63.3,72.0,3.3,-3.7,145.7
Sedan,49.92,56.4,68.3,7.2,29.5,59.0
Sedan,57.19,23.7,90.5,3.3,43.7,1104.3
Hatchback,28.55,62.7,82.3,7.2,32.5,48.7
Hatchback,26.79,44.5,79.3,7.2,9.3,104.9
Hatchback,30.25,18.5,79.0,30.0,36.7,44.1
Two-Wheeler,4.22,54.0,87.8,3.3,11.6,36.1
Sedan,47.14,21.7,94.7,11.0,3.1,387.6
Hatchback,37.57,21.3,73.0,11.0,24.5,122.0
SUV,72.16,66.5,74.3,3.3,28.6,120.0
Two-Wheeler,3.49,39.5,76.3,3.3,20.1,24.1
Hatchback,29.14,24.0,51.9,60.0,35.5,8.1
Sedan,51.15,43.3,91.2,30.0,22.2,56.4
Sedan,52.9,19.8,88.2,7.2,15.6,387.6
SUV,83.71,64.3,78.5,7.2,9.0,151.3
Two-Wheeler,4.11,12.2,68.0,60.0,37.0,2.6
Two-Wheeler,3.83,41.7,57.4,11.0,-2.0,6.1
SUV,78.83,58.4,94.3,3.3,-3.2,1316.9
Two-Wheeler,3.25,12.2,83.9,30.0,6.5,6.4
Sedan,55.2,28.8,79.7,30.0,43.3,76.7
Hatchback,28.27,34.2,65.0,30.0,15.7,23.0
Hatchback,30.69,62.3,78.9,60.0,39.5,6.0
Hatchback,35.56,55.5,79.6,7.2,17.5,92.1
Sedan,50.64,53.5,75.1,11.0,19.0,77.7
Two-Wheeler,2.65,17.8,36.4,60.0,31.5,1.0
SUV,72.14,62.6,82.0,7.2,27.2,141.8
SUV,67.36,27.0,64.1,3.3,8.0,719.0
Sedan,48.78,10.1,26.0,3.3,-4.8,274.9
Two-Wheeler,3.55,8.5,99.1,60.0,46.7,5.9
Sedan,58.02,67.4,93.9,3.3,28.1,419.8
SUV,67.56,12.2,86.0,60.0,2.7,93.5
SUV,73.52,3.7,60.4,7.2,16.3,432.7
Sedan,63.54,42.2,98.0,7.2,13.6,490.2
Hatchback,37.41,6.0,66.7,30.0,30.0,51.4
SUV,73.51,3.1,87.8,11.0,21.1,387.9
Two-Wheeler,4.48,31.8,63.8,30.0,9.9,3.9
Hatchback,35.93,26.2,40.2,11.0,40.7,33.7
SUV,89.16,35.5,85.8,7.2,15.7,471.2
Hatchback,27.62,55.2,75.4,3.3,-3.1,209.1
Two-Wheeler,3.79,26.7,82.6,11.0,40.5,15.3
Sedan,43.17,30.2,41.6,60.0,-2.2,10.7
SUV,94.25,39.0,97.1,3.3,23.5,1384.2
SUV,83.92,28.2,95.4,3.3,44.5,1524.2
Two-Wheeler,3.6,40.3,52.1,30.0,29.7,1.0
Hatchback,32.72,9.9,94.1,7.2,0.8,504.0
Hatchback,37.39,49.6,55.0,7.2,4.7,27.6
Two-Wheeler,2.07,67.5,76.7,11.0,22.1,1.0
Hatchback,36.65,29.0,77.5,30.0,43.2,50.5
Sedan,51.04,62.3,68.4,11.0,-3.8,37.0
Sedan,43.83,21.4,72.7,60.0,4.8,35.0
Hatchback,28.42,69.5,78.7,11.0,40.0,18.0
SUV,69.15,36.0,61.9,3.3,7.4,510.2
SUV,97.51,13.2,33.2,11.0,26.6,122.4
SUV,68.31,7.2,78.3,3.3,10.0,1191.8
SUV,77.41,27.5,66.3,3.3,41.1,788.0
Sedan,50.23,58.3,63.3,3.3,23.3,50.5
Two-Wheeler,3.05,28.6,92.8,11.0,23.4,12.3
Hatchback,30.27,35.6,63.7,30.0,38.9,21.5
Two-Wheeler,3.45,43.6,75.2,60.0,24.4,1.1
Sedan,45.35,41.6,65.5,30.0,28.8,22.9
Hatchback,36.02,33.1,72.2,3.3,30.7,276.9
Sedan,45.17,9.5,71.7,30.0,7.5,81.4
SUV,75.95,69.4,78.5,3.3,10.8,180.4
Hatchback,28.43,61.9,71.5,60.0,35.4,3.0
SUV,73.66,49.9,55.6,11.0,19.6,28.5
Hatchback,38.46,26.6,42.9,3.3,6.9,163.6
SUV,82.87,45.0,71.7,3.3,17.6,485.0
SUV,86.8,62.7,74.9,7.2,27.9,103.1
SUV,99.19,23.1,68.7,11.0,11.5,340.1
Sedan,46.0,68.2,90.7,60.0,42.9,14.9
Two-Wheeler,4.5,54.2,80.6,11.0,29.7,7.7
Sedan,46.42,31.6,51.0,3.3,22.2,178.4
Two-Wheeler,4.23,67.7,97.0,30.0,27.9,4.0
Hatchback,27.62,12.3,43.6,60.0,25.4,10.1
Sedan,59.45,13.9,42.9,3.3,12.1,436.8
Sedan,41.02,15.4,22.1,30.0,36.2,5.8
Hatchback,33.85,63.7,76.7,30.0,-1.5,17.8
SUV,80.79,33.0,57.8,7.2,20.8,188.2
Two-Wheeler,4.17,49.7,56.6,3.3,1.1,9.5
Hatchback,25.89,12.7,87.5,3.3,38.9,439.3
Hatchback,35.85,52.2,95.3,30.0,33.8,45.9
Hatchback,33.35,16.5,28.1,60.0,17.2,5.2
SUV,65.83,22.4,97.8,3.3,15.1,1307.5
Two-Wheeler,2.75,47.8,82.8,11.0,-3.6,10.3
SUV,88.71,65.6,97.3,3.3,5.9,1123.7
Hatchback,37.97,19.7,58.6,30.0,6.7,44.5
Sedan,50.79,18.9,88.4,30.0,21.3,75.4
SUV,95.42,54.6,63.9,30.0,-1.6,37.4
Hatchback,30.87,43.5,59.4,3.3,6.9,148.5
Hatchback,35.15,7.1,55.1,7.2,4.2,245.5
Sedan,44.94,56.7,70.7,3.3,34.1,123.7
SUV,75.47,61.9,80.0,7.2,7.9,171.1
SUV,92.66,69.4,87.9,7.2,18.9,168.1
Hatchback,32.25,14.1,97.5,60.0,45.9,55.4
Two-Wheeler,3.7,58.4,81.6,7.2,12.5,9.6
Sedan,42.95,54.9,64.2,7.2,16.1,41.4
Hatchback,39.22,10.6,90.3,7.2,-1.7,569.1
SUV,77.95,38.4,54.9,30.0,25.2,29.6
Hatchback,33.76,34.8,43.1,30.0,21.5,6.6
SUV,88.72,7.2,30.5,7.2,34.1,188.7
Two-Wheeler,3.63,51.6,58.8,7.2,1.7,4.2
Sedan,51.34,46.0,88.0,11.0,45.3,200.4
SUV,74.24,12.1,49.8,3.3,41.2,650.4
Two-Wheeler,3.31,69.5,79.3,3.3,36.2,6.3
Two-Wheeler,3.55,31.4,53.1,11.0,17.6,4.9
Two-Wheeler,4.07,22.9,68.7,30.0,7.3,5.5
Hatchback,27.01,55.2,71.0,30.0,38.4,9.4
Two-Wheeler,3.88,36.7,53.4,7.2,40.1,5.9
SUV,79.56,41.0,78.9,3.3,39.3,666.0
SUV,74.16,8.9,77.3,7.2,0.6,766.7
Two-Wheeler,3.96,7.1,29.9,11.0,43.2,7.0
Hatchback,36.22,63.4,76.7,11.0,42.8,31.5
Two-Wheeler,2.41,20.1,32.3,60.0,37.6,1.0
Two-Wheeler,2.81,21.0,37.4,7.2,36.7,4.6
Sedan,63.18,10.1,60.0,60.0,47.6,59.0
Sedan,40.56,6.6,81.8,30.0,15.0,75.1
Two-Wheeler,3.06,11.7,48.9,30.0,41.2,3.0
Hatchback,39.39,48.3,78.6,3.3,38.9,273.2
Hatchback,37.86,21.1,53.5,60.0,9.6,16.7
Hatchback,32.84,67.7,85.6,30.0,36.5,14.3
Hatchback,25.63,46.7,82.7,11.0,1.6,93.7
Two-Wheeler,2.81,58.0,75.7,11.0,28.0,3.1
Hatchback,31.34,17.1,37.7,3.3,29.7,129.3
SUV,78.84,22.3,94.2,60.0,20.8,61.9
Sedan,61.79,10.8,22.7,30.0,47.7,24.8
Two-Wheeler,3.53,39.6,88.1,30.0,47.6,5.7
Sedan,57.92,22.8,92.3,30.0,19.2,100.5
Sedan,63.57,8.8,78.6,60.0,6.4,69.2
Hatchback,37.82,11.6,27.5,7.2,34.2,54.6
Sedan,45.75,56.0,85.3,3.3,35.3,247.1
Two-Wheeler,3.99,20.1,37.8,11.0,15.2,5.1
SUV,98.39,34.9,76.4,3.3,1.4,1286.9
Hatchback,38.98,30.0,85.8,11.0,11.1,149.1
SUV,86.88,50.4,94.5,60.0,44.0,54.3
Hatchback,33.26,69.7,87.1,3.3,12.5,140.9
Two-Wheeler,2.44,12.1,19.4,3.3,33.3,3.2
Two-Wheeler,3.28,24.0,56.9,3.3,11.7,26.0
SUV,68.87,16.9,36.8,30.0,12.6,38.3
SUV,73.51,6.2,88.5,7.2,11.2,830.2
SUV,69.31,54.6,62.1,11.0,19.6,35.2
SUV,72.05,42.8,98.9,3.3,15.4,1300.0
Sedan,56.03,19.2,70.7,3.3,-0.3,1075.2
Hatchback,35.23,52.8,93.6,7.2,47.6,213.1
Two-Wheeler,2.05,63.5,87.9,30.0,17.3,1.3
SUV,94.17,56.9,81.4,30.0,14.7,57.4
Hatchback,33.15,42.7,80.6,30.0,32.8,27.1
Two-Wheeler,4.15,32.1,47.7,60.0,25.6,1.0
SUV,96.17,8.3,38.2,11.0,40.9,207.6
Sedan,44.82,30.6,65.0,11.0,22.5,94.6
Sedan,56.39,44.3,82.9,7.2,15.0,247.1
SUV,98.29,28.9,74.0,7.2,22.7,420.1
Two-Wheeler,3.09,59.3,70.1,7.2,26.5,3.0
Sedan,58.03,2.7,85.2,60.0,32.3,57.1
SUV,70.23,44.7,71.8,7.2,40.7,205.0
Sedan,46.22,45.3,52.7,30.0,15.8,8.8
Sedan,47.92,54.5,64.1,30.0,24.5,9.9
Sedan,40.9,23.0,71.8,3.3,46.0,656.5
SUV,89.25,47.5,77.0,30.0,46.2,91.9
Sedan,46.56,56.8,99.9,60.0,43.2,39.7
Hatchback,26.43,48.1,69.1,60.0,29.9,6.2
Hatchback,28.47,4.9,48.4,3.3,39.5,287.1
Sedan,60.18,27.3,66.6,30.0,21.9,48.6
Two-Wheeler,3.8,43.5,86.9,11.0,1.3,17.1
Two-Wheeler,4.19,18.7,61.2,7.2,20.8,16.1
SUV,71.5,40.8,95.3,7.2,11.8,517.0
Hatchback,31.79,58.5,79.8,60.0,18.3,7.9
SUV,86.4,58.3,68.2,3.3,43.2,192.3
Sedan,62.36,62.9,84.8,11.0,9.7,102.8
Two-Wheeler,3.95,24.1,78.3,7.2,5.3,31.9
SUV,82.63,40.8,99.5,7.2,42.7,711.4
Two-Wheeler,4.3,62.7,96.3,3.3,20.4,38.6
Sedan,49.71,25.4,57.6,30.0,24.6,31.5
Hatchback,34.72,36.6,44.8,30.0,44.6,7.5
SUV,80.96,26.8,77.8,11.0,-4.3,412.1
Sedan,64.99,44.7,53.0,3.3,24.8,104.3
Hatchback,36.33,36.5,66.6,60.0,47.8,18.4
Hatchback,30.97,24.1,79.1,11.0,26.2,98.6
Two-Wheeler,3.46,34.5,85.6,11.0,17.0,12.4
Sedan,57.32,62.7,92.5,7.2,13.2,197.6
SUV,67.04,55.8,92.5,7.2,-3.8,467.9
Two-Wheeler,4.26,55.6,96.1,11.0,39.2,14.8
Sedan,45.68,28.5,83.5,30.0,3.3,84.7
SUV,95.66,34.9,90.4,7.2,45.8,850.3
Sedan,45.67,56.5,93.1,30.0,10.6,52.5
Sedan,44.25,57.7,72.4,11.0,45.0,55.3
Sedan,54.99,20.2,85.6,60.0,32.2,38.0
Two-Wheeler,2.15,69.9,95.9,7.2,6.7,9.1
Sedan,53.95,26.7,57.7,3.3,8.0,462.7
Two-Wheeler,2.62,33.7,74.1,11.0,32.7,6.5
Two-Wheeler,2.1,58.6,95.4,7.2,46.9,12.8
Sedan,62.36,32.5,86.7,30.0,45.6,121.2
SUV,78.22,21.8,53.7,11.0,38.5,158.6
Hatchback,35.67,27.8,70.3,7.2,14.6,160.3
Two-Wheeler,3.83,53.2,74.6,30.0,31.6,1.7
Two-Wheeler,3.46,48.7,95.9,11.0,11.2,16.2
Sedan,53.8,58.3,89.8,7.2,40.7,184.5
Sedan,64.82,65.7,83.3,7.2,-2.5,201.7
Sedan,63.77,58.6,78.0,60.0,-2.0,24.7
Sedan,43.07,9.2,27.3,7.2,5.9,103.8
SUV,80.29,42.7,97.9,7.2,35.1,541.9
SUV,90.18,48.9,76.8,30.0,25.0,59.4
Hatchback,29.06,26.2,60.7,7.2,25.7,95.0
SUV,89.74,24.6,30.2,7.2,-0.5,92.3
Sedan,52.37,41.0,96.4,3.3,29.7,712.7
SUV,92.77,19.7,94.4,7.2,23.0,785.7
Sedan,62.66,69.4,96.5,7.2,12.0,266.8
SUV,78.46,49.4,98.6,7.2,18.3,608.4
Sedan,50.08,6.3,87.5,7.2,-3.8,663.0
Sedan,51.9,21.1,55.7,7.2,24.0,168.7
Sedan,48.31,41.8,94.8,60.0,10.4,42.5
Hatchback,37.71,40.8,84.9,60.0,20.5,16.8
Sedan,46.28,55.9,80.7,60.0,4.4,19.0
Hatchback,33.53,58.9,77.1,30.0,43.4,16.0
Hatchback,29.09,32.3,94.3,60.0,-2.3,41.5
Two-Wheeler,3.86,59.9,90.9,30.0,45.2,4.8
SUV,94.67,49.7,59.3,30.0,14.5,22.5
SUV,84.02,54.9,93.5,30.0,9.1,124.2
SUV,72.96,35.3,73.1,11.0,38.3,199.7
Sedan,52.18,59.0,84.6,3.3,11.9,347.2
SUV,76.44,31.7,83.4,3.3,39.3,836.4
Hatchback,35.81,62.8,96.8,30.0,36.2,38.6
Hatchback,39.04,42.7,75.9,7.2,43.5,143.7
Hatchback,36.36,67.7,74.0,3.3,6.8,65.7
SUV,68.03,20.2,49.5,11.0,12.0,149.0
Hatchback,36.02,2.9,47.3,30.0,11.8,46.5
Hatchback,31.35,68.2,73.6,60.0,12.3,2.3
Hatchback,38.81,16.9,84.0,7.2,5.7,363.7
Sedan,63.62,41.8,80.6,11.0,-4.5,258.4
Hatchback,37.29,18.1,48.4,3.3,27.3,209.9
Hatchback,25.06,32.6,83.7,11.0,7.5,118.1
SUV,96.78,66.6,71.7,3.3,19.3,101.9
SUV,83.93,43.6,59.0,60.0,-0.9,25.3
Two-Wheeler,4.08,59.4,86.9,30.0,23.5,2.6
Two-Wheeler,4.21,69.7,84.9,60.0,33.0,1.0
SUV,87.28,31.1,64.9,3.3,4.5,998.1
Hatchback,32.98,12.7,63.5,30.0,0.3,62.3
Hatchback,38.25,30.3,74.0,7.2,41.4,172.5
Hatchback,27.05,26.8,38.3,60.0,24.7,3.3
Two-Wheeler,3.57,20.9,94.9,30.0,20.0,6.6
Hatchback,31.35,27.3,34.6,60.0,4.4,3.8
Hatchback,39.32,7.7,66.5,11.0,33.2,153.5
SUV,85.24,48.9,93.7,11.0,12.8,346.4
SUV,76.0,14.2,97.3,30.0,5.3,222.8
Hatchback,26.16,4.3,15.1,30.0,1.5,10.4
SUV,76.97,31.1,74.4,60.0,11.0,48.0
Hatchback,30.13,28.4,34.2,7.2,42.0,19.8
Hatchback,25.09,53.1,82.1,60.0,-0.0,15.4
SUV,70.09,67.6,76.0,30.0,19.1,14.7
Two-Wheeler,4.42,40.9,59.9,3.3,36.1,17.0
Hatchback,38.99,63.6,88.7,60.0,13.2,13.3
SUV,70.91,31.5,54.5,3.3,27.6,330.1
Hatchback,33.31,30.8,81.2,11.0,0.3,188.3
Sedan,53.37,29.7,56.5,30.0,-2.3,55.0
SUV,80.58,62.8,91.5,11.0,6.6,234.5
SUV,71.79,50.6,61.2,3.3,9.9,198.5
Sedan,63.24,62.0,77.3,30.0,28.5,21.6
Hatchback,30.23,2.1,15.8,30.0,35.9,9.2
Two-Wheeler,4.14,52.4,75.0,11.0,6.1,8.1
SUV,79.19,66.1,77.3,11.0,18.4,53.7
Sedan,49.96,49.6,70.0,3.3,31.5,217.7
Hatchback,25.67,54.6,65.6,60.0,32.0,3.5
Two-Wheeler,2.53,45.9,57.0,30.0,4.0,1.0
Two-Wheeler,3.76,48.6,82.4,7.2,33.7,11.8
Hatchback,26.21,40.9,86.4,60.0,6.5,19.5
Hatchback,33.58,26.9,77.3,7.2,27.3,151.1
Sedan,59.18,47.2,58.4,7.2,5.6,91.5
Two-Wheeler,2.82,3.4,21.3,60.0,-3.3,1.0
Hatchback,31.76,59.1,65.8,30.0,19.9,4.9
SUV,94.85,20.6,62.9,30.0,30.9,95.1
Sedan,47.79,8.3,79.7,60.0,32.4,37.5
Hatchback,29.18,45.6,100.0,60.0,7.9,31.6
Hatchback,26.55,65.1,84.7,60.0,42.3,7.8
Two-Wheeler,3.93,6.6,67.1,30.0,44.0,6.7
Hatchback,34.69,45.1,77.7,60.0,27.2,12.3
SUV,86.68,23.4,50.0,3.3,5.3,720.4
Hatchback,34.42,66.3,96.7,60.0,6.6,23.3
Hatchback,26.44,41.6,61.7,7.2,43.4,64.7
Sedan,64.62,66.8,93.8,7.2,37.0,224.5
Two-Wheeler,4.2,6.4,60.5,30.0,21.6,5.1
Sedan,40.55,22.0,30.9,3.3,17.4,76.7
SUV,88.58,4.1,85.4,30.0,2.7,263.7
SUV,97.55,69.9,94.5,11.0,33.7,193.0
Hatchback,27.17,20.3,98.9,30.0,46.9,94.6
Two-Wheeler,2.57,35.0,53.4,7.2,29.4,4.6
SUV,74.69,54.9,72.8,3.3,20.0,284.8
Sedan,47.68,51.7,69.1,30.0,29.2,17.7
SUV,99.37,54.6,96.6,60.0,2.2,102.4
SUV,74.69,37.6,85.2,3.3,33.2,809.5
Sedan,63.16,62.4,95.1,11.0,7.2,210.6
Sedan,64.4,2.8,38.0,30.0,13.1,60.4
Sedan,41.13,26.4,80.2,60.0,16.6,28.0
Hatchback,32.84,68.8,93.4,30.0,47.3,35.6
SUV,84.31,50.5,76.3,30.0,6.3,72.8
Two-Wheeler,4.04,13.1,70.9,60.0,34.1,2.5
Hatchback,38.21,45.7,86.2,7.2,29.6,157.2
Hatchback,38.84,21.4,88.0,3.3,42.3,638.8
Sedan,42.73,31.7,75.4,11.0,-0.7,193.8
Two-Wheeler,2.83,25.8,48.2,60.0,29.2,1.0
SUV,82.94,3.0,52.4,30.0,-2.1,182.8
Two-Wheeler,2.54,33.3,50.3,3.3,23.6,8.3
SUV,68.09,41.2,85.0,60.0,1.8,57.3
SUV,92.56,65.6,91.8,60.0,15.9,37.4
Two-Wheeler,3.46,54.1,94.8,7.2,43.6,20.1
Two-Wheeler,2.51,55.0,88.0,30.0,4.6,3.1
Two-Wheeler,3.36,68.1,90.7,11.0,26.2,5.2
SUV,65.93,24.7,53.9,3.3,23.1,422.3
Two-Wheeler,3.5,64.4,75.0,3.3,29.9,7.1
SUV,90.95,4.3,39.6,11.0,41.5,213.6
Hatchback,34.18,13.1,78.9,30.0,23.2,56.5
Two-Wheeler,3.23,52.7,66.9,60.0,2.3,1.0
Hatchback,29.11,52.7,79.1,30.0,13.5,19.0
Sedan,52.68,54.6,81.6,30.0,44.7,40.6
Two-Wheeler,3.16,67.1,97.1,7.2,5.1,18.2
SUV,95.79,65.1,94.1,7.2,9.6,410.0
SUV,79.8,27.7,68.7,3.3,24.7,760.3
SUV,93.12,7.2,55.5,7.2,5.2,670.1
SUV,89.8,33.0,56.6,7.2,39.1,227.0
Sedan,46.21,64.4,69.6,30.0,24.5,4.6
SUV,93.53,9.6,50.1,11.0,40.8,263.3
Hatchback,33.37,53.9,91.0,11.0,42.1,101.8
Sedan,56.24,34.9,47.0,11.0,38.5,38.8
Sedan,56.92,21.3,31.4,3.3,27.1,126.1
Two-Wheeler,2.01,41.2,46.6,11.0,44.1,1.0
SUV,65.42,8.6,52.6,60.0,35.2,31.3
Sedan,48.89,5.0,62.5,11.0,15.1,190.3
Hatchback,36.48,59.7,68.1,11.0,18.4,20.0
Two-Wheeler,3.41,61.4,74.2,11.0,42.4,3.0
Hatchback,29.92,37.8,45.7,11.0,-1.5,27.1
Two-Wheeler,3.54,4.6,24.7,7.2,6.1,8.4
Two-Wheeler,2.34,42.6,86.6,7.2,31.3,9.3
Sedan,55.3,43.8,59.7,60.0,7.8,13.3
SUV,89.08,23.0,38.9,7.2,3.0,215.1
SUV,65.11,38.9,60.6,11.0,24.3,83.9
Sedan,54.41,30.4,80.5,60.0,43.9,41.6
Hatchback,36.49,2.7,78.3,3.3,-0.5,1083.1
Two-Wheeler,3.72,40.2,90.2,30.0,40.1,5.2
Two-Wheeler,2.89,13.7,87.5,60.0,17.0,2.9
Hatchback,25.6,42.9,91.2,3.3,16.3,309.9
Two-Wheeler,2.87,45.8,82.9,7.2,0.5,16.9
Two-Wheeler,2.65,29.7,74.8,30.0,16.4,2.8
Two-Wheeler,3.94,18.9,86.1,7.2,19.7,22.9
Two-Wheeler,2.96,18.2,31.3,30.0,30.6,1.0
Two-Wheeler,3.14,30.2,54.6,60.0,5.6,1.3
Sedan,62.55,3.8,56.4,3.3,-1.9,1182.7
Hatchback,33.49,64.3,89.2,7.2,4.5,124.0
Hatchback,25.2,35.1,88.8,11.0,17.8,93.5
SUV,80.99,24.0,80.6,30.0,14.6,122.8
Two-Wheeler,4.19,21.3,43.6,7.2,2.1,14.7
SUV,83.79,51.6,90.2,60.0,13.7,45.4
Sedan,58.54,50.4,74.7,60.0,39.6,15.9
Sedan,49.05,40.5,94.2,30.0,27.1,65.1
Sedan,63.23,45.7,93.2,30.0,38.7,91.3
Hatchback,32.11,59.7,96.8,7.2,2.8,242.7
SUV,91.96,61.5,85.9,7.2,1.0,401.3
SUV,77.16,9.0,40.0,60.0,37.8,31.8
Two-Wheeler,2.78,66.8,84.0,3.3,18.4,10.5
Hatchback,37.22,55.5,77.7,7.2,42.4,89.2
Sedan,40.79,25.6,89.9,60.0,42.8,35.7
Sedan,60.39,50.1,66.5,30.0,19.7,23.7
Sedan,62.13,34.2,50.0,11.0,6.4,91.6
Hatchback,38.04,5.8,45.7,3.3,37.4,302.7
Sedan,42.51,36.8,75.7,60.0,42.2,21.9
SUV,88.08,68.6,96.0,7.2,39.9,343.6
SUV,95.05,61.1,93.3,11.0,38.4,242.0
Two-Wheeler,2.73,68.4,87.9,3.3,4.4,17.3
Hatchback,37.42,57.2,64.1,30.0,19.0,6.0
Two-Wheeler,2.43,44.5,78.3,60.0,28.2,1.0
SUV,86.91,8.1,45.0,30.0,24.0,75.2
Sedan,47.95,58.4,68.7,30.0,35.8,11.0
Hatchback,29.81,45.3,60.9,11.0,37.2,30.1
Hatchback,35.68,43.3,91.2,60.0,6.6,28.4
Hatchback,36.16,3.7,47.7,7.2,29.5,137.2
Two-Wheeler,3.16,59.8,72.1,7.2,14.5,3.6
SUV,66.19,38.1,46.8,60.0,44.0,7.4
Sedan,46.82,40.7,53.6,11.0,37.3,34.9
SUV,94.43,14.6,33.7,11.0,17.3,118.9
SUV,92.83,36.1,74.2,3.3,24.9,684.1
SUV,91.44,30.0,71.4,7.2,45.1,583.4
Hatchback,30.42,9.2,95.8,11.0,46.0,261.1
Sedan,40.88,68.7,95.7,60.0,6.4,25.7
Two-Wheeler,2.8,26.1,74.4,30.0,2.8,4.6
Hatchback,32.61,15.3,35.8,7.2,29.5,56.4
Sedan,50.02,47.6,70.7,30.0,39.8,29.7
Two-Wheeler,2.67,4.9,60.6,60.0,6.9,2.4
Hatchback,36.87,42.8,98.8,60.0,19.6,31.1
Two-Wheeler,2.55,14.0,24.7,60.0,12.4,1.0
Two-Wheeler,3.48,53.1,97.4,7.2,-0.0,32.9
Sedan,42.45,27.2,74.5,11.0,36.4,135.7
Two-Wheeler,3.61,60.5,76.3,30.0,34.8,1.2
Hatchback,34.32,47.9,65.8,7.2,18.9,60.0
Sedan,40.02,36.1,51.9,30.0,29.3,14.7
Two-Wheeler,3.36,23.4,50.9,11.0,34.5,5.5
Sedan,56.38,62.1,75.7,30.0,21.8,16.4
Hatchback,35.13,44.4,86.5,60.0,10.1,18.6
Two-Wheeler,2.23,67.2,97.0,60.0,46.0,1.5
Two-Wheeler,3.45,10.2,79.1,7.2,3.1,36.0
Hatchback,35.67,14.7,35.5,3.3,4.0,218.5
Hatchback,32.3,19.7,37.6,60.0,-4.0,10.6
Sedan,40.68,9.0,41.4,3.3,34.8,281.1
Hatchback,34.31,62.0,73.1,30.0,37.1,9.7
SUV,93.3,10.4,95.5,60.0,38.2,113.2
SUV,97.77,12.6,81.6,3.3,16.5,1433.1
Two-Wheeler,3.81,36.8,94.2,3.3,5.0,80.6
Two-Wheeler,2.2,68.7,76.9,3.3,5.6,5.0
SUV,72.78,47.7,71.6,7.2,39.3,177.7
Hatchback,33.97,60.9,78.3,7.2,34.0,51.4
Two-Wheeler,3.83,6.1,51.6,11.0,0.0,17.7
Sedan,48.17,7.2,93.5,30.0,11.7,117.4
Two-Wheeler,3.44,20.1,88.2,3.3,31.2,47.4
Sedan,45.8,3.0,65.0,11.0,5.9,245.0
SUV,72.32,68.6,88.0,11.0,3.8,144.8
SUV,79.85,30.9,65.5,60.0,9.8,40.1
SUV,96.3,52.0,61.2,11.0,16.2,61.2
SUV,88.43,21.7,88.3,7.2,20.3,548.9
Hatchback,35.24,63.0,93.9,60.0,25.1,14.2
SUV,95.64,5.7,94.8,7.2,12.3,1112.6
Sedan,63.83,4.5,41.5,7.2,41.0,254.4
Hatchback,38.48,58.5,67.3,7.2,25.7,29.6
Sedan,55.39,10.4,55.2,7.2,8.6,318.5
Two-Wheeler,2.54,65.0,94.7,11.0,9.1,7.5
Two-Wheeler,2.73,28.2,44.2,7.2,31.4,3.9
Two-Wheeler,2.6,13.6,47.8,60.0,2.7,1.7
SUV,92.87,52.9,68.1,30.0,2.5,55.3
Two-Wheeler,2.83,2.7,68.6,60.0,5.6,2.8
Hatchback,32.63,28.8,92.1,3.3,33.3,455.3
Hatchback,36.87,47.1,96.6,30.0,37.6,49.5
Hatchback,30.25,36.3,97.3,7.2,27.6,217.6
Two-Wheeler,3.75,20.1,93.0,60.0,13.2,3.7
SUV,97.33,20.1,50.0,11.0,30.0,180.6
SUV,98.18,54.9,73.7,7.2,14.0,215.1
Sedan,54.03,54.8,62.0,30.0,38.4,8.8
SUV,66.51,10.7,30.9,60.0,6.8,21.4
SUV,96.24,37.7,73.2,30.0,11.9,96.9
Sedan,47.53,8.6,32.1,3.3,26.1,225.5
Hatchback,37.39,10.0,66.7,3.3,13.7,510.7
Sedan,41.49,62.9,81.2,30.0,10.8,21.3
Hatchback,29.55,25.9,41.7,30.0,26.5,9.6
Sedan,64.91,14.0,83.5,11.0,44.2,349.2
Hatchback,29.9,7.8,65.3,3.3,47.9,583.7
Sedan,54.27,40.7,58.2,7.2,34.8,92.3
SUV,79.9,10.6,69.2,30.0,30.7,110.9
Hatchback,32.64,21.4,96.6,30.0,45.0,91.9
Two-Wheeler,3.94,9.3,58.8,60.0,-3.1,4.1
Two-Wheeler,2.92,36.6,54.9,60.0,23.7,1.0
Two-Wheeler,3.38,26.1,82.6,7.2,32.2,18.1
SUV,85.97,46.3,84.4,7.2,25.5,269.4
Sedan,41.4,67.5,74.1,7.2,42.9,26.2
Sedan,54.12,57.8,89.6,60.0,22.8,19.1
Sedan,46.27,66.7,79.5,3.3,34.8,120.1
Sedan,64.78,5.2,62.5,7.2,19.5,328.8
Hatchback,35.41,9.4,83.0,7.2,28.1,222.8
SUV,69.8,56.2,81.9,7.2,-4.9,298.3
Sedan,56.08,4.4,12.6,11.0,13.5,29.5
SUV,74.74,16.7,75.2,30.0,-3.6,171.3
Two-Wheeler,2.6,37.4,54.9,11.0,24.9,2.7
SUV,82.86,4.2,64.6,11.0,34.8,289.2
Two-Wheeler,2.52,22.7,92.1,7.2,16.6,18.6
SUV,66.33,39.3,69.4,30.0,28.1,43.8
Sedan,55.91,37.7,50.3,7.2,41.7,76.0
SUV,90.21,18.6,56.5,60.0,15.5,42.9
Sedan,48.64,2.3,85.8,11.0,2.6,403.6
Sedan,55.11,13.5,68.9,30.0,35.2,75.7
Two-Wheeler,2.08,43.3,60.0,7.2,36.4,3.4
SUV,98.86,41.7,94.9,30.0,29.0,134.0
Sedan,57.34,68.5,80.0,30.0,12.7,17.2
Two-Wheeler,3.58,38.4,53.0,3.3,3.8,15.1
Sedan,58.67,51.8,84.9,3.3,16.7,454.6
Hatchback,26.89,21.1,96.1,60.0,11.0,31.1
Hatchback,26.29,12.9,53.9,60.0,36.7,12.5
SUV,99.17,3.1,65.0,30.0,1.2,235.5
Sedan,47.58,58.3,86.4,60.0,0.3,29.5
Hatchback,29.62,2.1,97.8,60.0,16.9,41.6
SUV,86.15,22.5,34.8,30.0,38.9,22.2
SUV,95.12,3.2,87.1,30.0,34.8,174.1
Sedan,48.06,47.0,96.4,7.2,47.6,427.9
Sedan,44.26,49.2,92.5,11.0,37.3,150.1
Two-Wheeler,2.3,35.6,73.5,60.0,23.4,1.0
Two-Wheeler,2.19,14.2,62.2,30.0,31.8,2.2
Sedan,41.28,55.4,80.1,7.2,23.6,98.5
Two-Wheeler,2.69,6.3,74.1,7.2,9.4,20.2
Sedan,49.65,36.7,64.2,60.0,10.4,18.8
Sedan,51.83,51.0,98.2,60.0,-4.8,68.8
Two-Wheeler,3.14,59.6,67.1,3.3,47.4,7.0
Hatchback,25.29,41.9,73.2,7.2,6.4,96.8
SUV,99.98,24.6,63.4,3.3,36.6,771.8
Sedan,63.53,14.9,51.1,60.0,31.4,24.4
Hatchback,25.07,64.2,91.3,30.0,25.0,17.0
SUV,90.78,56.9,93.3,60.0,-3.8,76.9
Sedan,56.38,44.4,65.9,3.3,46.6,362.8
Sedan,52.02,30.5,37.1,30.0,33.6,7.6
SUV,83.09,43.2,67.3,7.2,27.6,173.1
Two-Wheeler,3.8,9.5,82.9,60.0,12.9,3.4
Two-Wheeler,2.07,51.9,62.6,30.0,41.5,1.0
Hatchback,32.99,42.9,70.3,30.0,-0.6,35.1
Hatchback,29.69,15.0,99.4,7.2,45.0,345.0
Two-Wheeler,4.01,30.7,97.9,7.2,42.8,35.9
Hatchback,35.53,69.1,83.8,3.3,41.7,126.9
Two-Wheeler,3.63,8.6,55.0,60.0,-2.4,3.3
Hatchback,28.48,66.6,74.5,60.0,30.2,2.4
SUV,96.47,69.4,90.8,30.0,36.5,57.0
Two-Wheeler,2.72,58.0,88.1,11.0,27.6,5.2
Sedan,63.85,8.9,43.7,3.3,28.4,425.5
SUV,92.14,58.3,69.9,30.0,4.7,33.3
Sedan,43.44,23.7,88.6,11.0,45.3,258.7
Sedan,54.2,13.3,49.0,3.3,17.7,464.6
SUV,74.37,45.7,97.6,30.0,-1.9,219.3
Sedan,43.83,63.1,68.2,7.2,34.3,18.9
Sedan,55.52,60.7,93.9,30.0,31.3,49.0
Sedan,55.89,35.8,45.4,3.3,45.6,160.7
SUV,96.56,41.2,85.6,3.3,3.1,1484.1
Two-Wheeler,2.63,49.7,65.3,30.0,6.1,1.3
Two-Wheeler,2.62,54.0,82.3,7.2,4.4,9.8
SUV,79.89,62.4,90.8,7.2,29.5,235.7
Sedan,58.82,40.6,79.5,3.3,46.7,781.1
Sedan,53.97,18.0,27.1,60.0,27.6,5.3
Hatchback,35.51,33.0,71.2,30.0,28.2,27.6
Hatchback,26.14,68.6,74.5,60.0,6.0,2.5
Sedan,46.55,12.5,77.2,3.3,25.7,639.1
Two-Wheeler,2.52,67.8,75.7,11.0,26.7,1.2
Two-Wheeler,4.39,25.2,82.5,11.0,18.7,15.6
Two-Wheeler,2.57,7.7,21.6,7.2,45.8,4.8
Sedan,53.23,50.6,71.2,7.2,18.3,103.7
Hatchback,32.9,16.3,21.5,7.2,31.6,16.8
Sedan,44.53,52.3,97.8,60.0,29.2,26.8
SUV,93.06,70.0,90.6,60.0,21.3,24.6
Sedan,42.75,22.6,46.5,60.0,40.3,13.2
Sedan,52.97,7.2,96.6,7.2,21.0,522.4
Hatchback,36.97,45.1,73.3,7.2,12.6,117.1
SUV,90.13,32.3,98.8,30.0,32.6,176.0
Two-Wheeler,4.24,52.3,90.1,60.0,17.5,2.0
Two-Wheeler,3.49,27.2,55.7,3.3,45.3,31.1
Hatchback,29.22,3.9,12.6,60.0,17.7,2.9
Hatchback,35.03,35.0,44.4,7.2,13.4,31.3
SUV,72.29,49.6,86.2,3.3,40.7,636.0
Two-Wheeler,2.78,2.4,67.3,11.0,10.4,13.3
Two-Wheeler,2.44,4.2,95.4,60.0,11.2,3.3
SUV,99.03,49.2,75.9,11.0,11.3,222.0
Sedan,46.36,12.3,74.9,30.0,41.1,74.8
SUV,83.57,55.6,97.1,60.0,-3.8,90.7
Hatchback,39.95,65.2,94.1,7.2,10.7,169.7
Sedan,44.7,43.9,89.4,3.3,41.8,488.4
SUV,80.92,3.8,87.6,7.2,12.9,804.6
SUV,89.87,61.2,73.5,11.0,4.1,108.0
Two-Wheeler,2.91,15.6,99.6,11.0,33.1,16.9
Two-Wheeler,2.5,18.8,32.3,3.3,7.2,9.8
Two-Wheeler,3.22,33.0,89.4,7.2,8.5,22.3
Sedan,63.99,14.3,39.1,60.0,28.1,17.3
SUV,67.58,43.2,89.9,3.3,8.7,864.5
Two-Wheeler,2.19,29.7,39.1,30.0,43.5,1.0
Hatchback,35.24,21.4,95.1,30.0,43.9,71.5
Sedan,41.18,3.9,21.5,11.0,26.6,41.4
Two-Wheeler,2.44,20.7,29.8,60.0,47.4,1.0
SUV,85.14,40.2,59.2,11.0,4.8,141.0
Sedan,53.94,23.0,80.5,7.2,25.1,278.9
SUV,76.28,45.2,50.2,60.0,34.1,4.3
SUV,65.05,50.1,84.8,7.2,30.3,210.5
SUV,85.0,18.2,63.1,30.0,22.3,79.7
SUV,80.26,68.9,97.2,11.0,7.8,285.1
Two-Wheeler,4.13,14.5,53.7,3.3,47.1,55.8
Sedan,52.37,9.5,95.9,60.0,24.1,56.5
SUV,65.51,20.0,50.3,60.0,23.3,23.4
SUV,93.51,13.8,75.7,7.2,19.4,626.0
Hatchback,27.12,44.1,53.6,3.3,38.6,54.2
Sedan,62.2,67.2,73.4,3.3,45.4,118.5
Sedan,44.37,57.6,94.1,30.0,46.9,77.1
Hatchback,34.87,20.6,34.9,3.3,2.9,152.2
SUV,66.77,68.9,95.0,30.0,11.4,60.1
SUV,88.66,33.5,70.0,30.0,-2.7,133.8
SUV,74.98,20.3,73.8,7.2,17.8,430.2
Two-Wheeler,4.4,17.2,53.8,3.3,5.1,50.5
Two-Wheeler,3.03,61.5,91.9,11.0,22.6,5.5
Two-Wheeler,4.39,49.9,89.2,60.0,42.7,2.1
Sedan,64.93,49.8,81.6,3.3,16.9,437.1
SUV,87.91,15.6,69.0,60.0,2.5,81.5
Hatchback,34.54,11.9,24.8,11.0,8.7,39.2
Sedan,59.48,52.7,71.7,60.0,0.9,21.5
Hatchback,26.51,38.4,81.6,11.0,12.0,83.4
Sedan,41.0,31.4,88.9,30.0,47.9,86.6
Hatchback,32.39,20.8,92.0,3.3,32.7,507.5
Sedan,48.53,37.5,95.6,30.0,5.6,98.8
Sedan,51.55,23.6,31.3,60.0,17.2,4.8
Sedan,46.94,27.1,75.7,11.0,42.2,165.2
Sedan,60.42,13.2,42.9,30.0,-2.3,67.7
Sedan,48.23,60.5,68.4,60.0,19.4,4.3
Hatchback,30.59,46.3,75.2,7.2,39.7,88.6
Hatchback,39.73,6.9,36.2,11.0,17.1,69.2
Two-Wheeler,3.42,62.9,76.8,11.0,38.3,2.9
Hatchback,29.49,22.7,55.8,11.0,35.5,62.9
Hatchback,36.4,47.1,97.6,3.3,23.1,458.3
Sedan,57.02,31.7,45.4,11.0,47.3,76.5
Two-Wheeler,3.2,50.4,61.0,30.0,12.3,1.0
Hatchback,36.34,17.5,87.0,3.3,42.9,654.9
Hatchback,31.9,64.5,84.3,30.0,15.1,15.8
SUV,72.92,58.3,70.4,60.0,29.1,10.3
Hatchback,26.89,21.1,82.8,3.3,33.6,311.4
Two-Wheeler,2.24,50.7,90.8,11.0,42.4,6.9
Two-Wheeler,2.64,63.0,72.6,7.2,-1.9,4.0
Two-Wheeler,3.74,69.1,83.4,30.0,9.6,1.5
Two-Wheeler,2.54,66.4,86.1,30.0,36.5,1.3
Two-Wheeler,3.85,26.8,87.1,11.0,38.7,15.9
Two-Wheeler,4.43,66.4,89.1,7.2,47.1,15.4
Sedan,51.51,5.1,59.5,7.2,30.3,270.4
Sedan,58.03,56.0,99.4,7.2,8.4,496.4
SUV,69.58,51.6,75.9,3.3,37.1,372.3
Two-Wheeler,3.37,9.8,38.6,7.2,3.8,13.2
Two-Wheeler,2.3,43.6,78.7,30.0,23.5,1.5
Hatchback,37.78,13.0,84.8,30.0,-1.7,101.3
Sedan,44.94,8.1,19.6,11.0,-3.0,54.8
SUV,93.3,63.1,77.4,3.3,3.7,444.9
SUV,78.99,9.4,98.7,60.0,21.5,88.8
Sedan,63.19,35.8,58.9,60.0,20.6,17.1
Sedan,45.74,44.3,87.8,11.0,46.4,176.5
Sedan,45.29,38.2,57.8,3.3,-4.2,325.6
Hatchback,25.99,36.6,98.7,7.2,31.0,186.6
Hatchback,38.53,5.7,67.7,11.0,33.2,147.5
Sedan,62.68,23.9,32.6,3.3,-0.6,179.1
Sedan,59.49,60.9,66.3,3.3,37.9,62.3
Two-Wheeler,3.81,69.9,94.9,3.3,21.8,25.3
SUV,75.24,17.3,62.1,30.0,14.8,85.0
Two-Wheeler,4.11,49.9,69.9,3.3,7.6,21.8
SUV,86.89,9.4,96.6,3.3,9.8,2180.5
Hatchback,30.51,25.3,38.6,60.0,30.0,4.2
Sedan,55.77,61.8,87.5,60.0,36.3,17.7
Hatchback,35.33,47.1,52.4,11.0,32.0,11.2
SUV,68.9,3.6,9.9,11.0,3.4,42.2
SUV,84.57,29.2,98.7,3.3,37.9,1637.4
Hatchback,31.46,26.6,65.5,11.0,30.5,72.6
Sedan,57.63,21.7,87.9,7.2,46.1,568.8
SUV,93.47,35.4,45.6,30.0,36.7,23.2
SUV,86.93,31.7,42.3,7.2,47.1,143.5
SUV,88.36,9.8,77.8,11.0,29.4,417.4
SUV,98.42,63.9,72.4,11.0,14.5,60.2
Sedan,60.41,28.3,92.4,60.0,15.0,51.9
Hatchback,30.34,44.3,70.1,30.0,37.2,19.1
Hatchback,32.65,51.3,63.2,7.2,37.2,38.9
Hatchback,38.02,31.0,47.3,3.3,5.4,178.6
Hatchback,30.67,7.4,21.2,60.0,29.7,4.2
Two-Wheeler,2.84,33.7,78.1,11.0,23.7,7.3
Two-Wheeler,3.15,39.1,50.3,11.0,3.1,3.3
Two-Wheeler,3.57,27.3,47.3,7.2,29.8,6.5
Sedan,60.22,31.4,94.6,3.3,5.3,1270.1
SUV,68.64,38.2,80.3,60.0,21.3,33.3
SUV,89.53,67.7,95.8,60.0,38.3,44.2
SUV,96.04,43.7,52.6,30.0,25.9,17.7
Hatchback,34.7,39.8,55.7,60.0,22.3,6.6
Two-Wheeler,3.51,36.0,55.9,30.0,22.9,1.6
Two-Wheeler,4.24,53.6,71.9,60.0,-3.0,1.5
Hatchback,26.91,48.6,73.3,60.0,2.9,13.0
SUV,99.39,11.8,57.7,60.0,42.5,59.7
Two-Wheeler,3.29,4.6,64.9,11.0,40.6,13.2
Hatchback,32.77,40.1,64.0,3.3,-3.5,298.1
Hatchback,34.67,40.0,68.7,7.2,26.3,90.3
Two-Wheeler,3.39,31.7,63.9,11.0,21.0,6.2
SUV,72.36,51.3,62.1,11.0,43.2,63.8
SUV,77.65,65.2,98.1,30.0,39.8,99.0
Sedan,56.25,61.5,71.9,60.0,42.9,7.6
SUV,99.92,48.7,95.8,7.2,-4.7,930.2
SUV,65.48,53.9,85.7,30.0,9.6,59.5
SUV,93.84,60.9,82.5,3.3,21.9,430.4
SUV,95.55,22.7,56.8,7.2,10.9,373.4
Two-Wheeler,2.41,19.3,32.2,60.0,3.5,1.0
Hatchback,33.12,5.6,66.5,30.0,37.2,46.3
Hatchback,36.46,3.6,83.1,7.2,37.6,286.3
SUV,68.77,61.3,82.3,3.3,15.8,314.3
Sedan,56.09,66.3,90.7,3.3,19.6,350.1
Sedan,41.42,47.6,55.4,30.0,11.3,9.7
Hatchback,25.57,44.0,63.6,7.2,23.2,46.8
SUV,96.35,7.9,81.4,30.0,3.3,269.3
Sedan,45.16,7.1,79.7,7.2,37.1,285.6
Hatchback,31.52,11.1,17.0,60.0,23.2,1.9
Two-Wheeler,2.5,31.8,93.3,7.2,18.9,15.1
Hatchback,30.59,32.0,85.4,11.0,35.0,95.4
Hatchback,27.09,2.1,17.6,7.2,3.7,58.6
Sedan,58.42,51.2,99.8,60.0,46.0,69.4
Two-Wheeler,2.38,62.9,71.2,3.3,13.0,4.5
Hatchback,33.94,55.5,83.1,30.0,40.1,21.5
Sedan,54.75,17.2,98.3,60.0,44.8,79.0
SUV,78.37,17.5,36.7,60.0,41.3,18.5
Two-Wheeler,4.12,45.0,57.1,60.0,3.7,1.0
Sedan,44.33,64.3,90.3,30.0,11.6,35.0
SUV,90.66,28.2,59.5,11.0,-4.3,315.7
Two-Wheeler,4.42,62.7,70.5,30.0,47.0,1.1
Two-Wheeler,3.87,63.6,98.4,3.3,38.7,44.4
Hatchback,25.88,41.6,72.6,3.3,0.8,295.7
SUV,90.3,30.2,55.8,11.0,30.3,138.7
Two-Wheeler,2.05,66.3,93.0,7.2,5.7,9.0
Hatchback,26.89,15.0,96.5,11.0,21.9,142.9
Two-Wheeler,3.18,45.4,65.2,30.0,-1.9,2.4
Two-Wheeler,3.56,58.5,64.3,60.0,35.6,1.0
Two-Wheeler,2.9,44.2,51.0,30.0,-2.6,1.0
SUV,65.49,64.0,77.3,3.3,25.9,195.7
Two-Wheeler,2.12,40.1,74.9,30.0,13.6,1.9
Hatchback,27.21,11.9,77.9,60.0,19.1,20.7
SUV,66.4,49.5,99.8,3.3,0.0,1745.7
Hatchback,25.25,36.7,57.9,7.2,31.8,47.8
SUV,72.02,58.3,97.3,11.0,16.4,276.6
Two-Wheeler,2.36,57.0,83.6,60.0,41.7,1.0
Sedan,48.15,3.1,23.7,7.2,47.7,155.3
SUV,74.75,29.8,70.5,3.3,-1.4,1170.3
SUV,72.46,56.3,75.3,60.0,17.4,16.2
Sedan,49.38,35.2,57.3,60.0,22.3,12.5
Hatchback,38.8,50.9,60.2,3.3,41.1,93.0
Two-Wheeler,3.3,60.5,98.9,7.2,9.9,22.0
Hatchback,39.82,6.8,56.2,60.0,41.3,25.0
Two-Wheeler,3.46,37.8,84.7,11.0,-1.5,17.4
Two-Wheeler,4.06,30.5,38.3,7.2,46.1,4.6
SUV,74.45,42.0,99.3,7.2,10.4,704.8
Two-Wheeler,3.76,28.0,38.7,7.2,44.6,4.4
Two-Wheeler,2.26,20.2,94.1,60.0,29.9,2.1
Two-Wheeler,2.45,61.5,68.1,11.0,23.1,1.0
Two-Wheeler,4.34,58.5,77.1,30.0,7.6,2.6
Two-Wheeler,2.2,44.8,68.2,60.0,47.8,1.0
Sedan,62.95,67.9,88.7,11.0,37.2,90.6
Hatchback,25.86,50.8,86.8,11.0,1.2,114.3
Hatchback,27.25,49.0,87.0,30.0,13.7,27.7
Two-Wheeler,2.9,43.3,86.8,7.2,40.7,13.5
Two-Wheeler,2.79,59.0,66.8,30.0,24.2,1.0
Two-Wheeler,4.43,9.3,26.0,7.2,29.1,6.6
Two-Wheeler,2.76,12.7,89.1,7.2,25.2,17.2
Two-Wheeler,4.27,62.3,69.6,7.2,29.7,2.9
Sedan,61.61,62.9,70.5,7.2,41.3,45.5
Sedan,59.8,36.5,96.9,30.0,5.6,140.4
SUV,93.79,7.6,50.5,7.2,36.0,380.7
Sedan,46.56,50.5,68.3,7.2,16.3,89.3
Sedan,59.86,14.6,90.6,60.0,39.8,62.6
Two-Wheeler,2.17,50.4,78.5,11.0,11.4,4.4
Hatchback,34.09,9.6,70.6,7.2,38.4,218.1
SUV,69.89,26.3,87.2,3.3,28.6,999.6
Hatchback,28.04,49.2,75.6,60.0,21.2,8.9
Two-Wheeler,3.69,44.2,65.4,7.2,1.3,11.1
Sedan,53.97,2.2,33.4,30.0,36.3,37.9
Hatchback,31.56,46.4,57.4,11.0,27.9,20.4
Sedan,48.43,3.9,14.1,7.2,44.4,59.7
Two-Wheeler,4.25,13.8,64.4,3.3,30.9,37.4
Hatchback,34.41,15.2,99.5,11.0,5.8,314.8
Hatchback,31.44,29.1,52.3,60.0,-3.6,14.4
Two-Wheeler,3.3,33.1,92.5,7.2,43.3,21.2
Sedan,61.62,65.1,91.2,60.0,5.5,31.5
Two-Wheeler,3.27,62.6,90.9,60.0,6.3,1.6
Two-Wheeler,2.05,50.6,99.1,60.0,0.5,2.6
Two-Wheeler,4.11,36.4,44.9,11.0,1.7,3.5
Sedan,45.49,59.1,65.1,7.2,39.0,28.6
Sedan,55.63,12.1,64.2,30.0,14.9,82.5
Hatchback,25.02,20.8,74.5,11.0,19.1,87.6
Two-Wheeler,2.68,39.3,74.1,3.3,1.9,33.6
Two-Wheeler,3.56,61.8,98.2,11.0,-2.8,21.8
Two-Wheeler,3.93,5.1,91.2,3.3,-3.9,121.1
SUV,81.47,32.0,84.2,7.2,21.3,383.5
SUV,97.4,56.0,89.7,30.0,20.8,83.5
Hatchback,38.95,56.6,67.4,11.0,-2.5,42.3
Sedan,55.05,68.4,87.9,30.0,13.4,31.6
Two-Wheeler,3.45,63.4,68.5,3.3,39.8,3.7
Sedan,61.17,53.9,79.1,3.3,8.0,419.9
Hatchback,28.69,24.1,95.1,30.0,33.7,54.8
Hatchback,25.09,18.6,73.9,60.0,18.2,18.3
Hatchback,25.71,39.0,75.5,30.0,28.7,22.1
SUV,96.11,65.2,84.6,3.3,-3.9,784.9
SUV,71.39,13.5,33.1,7.2,12.5,165.0
Two-Wheeler,3.24,31.1,45.4,60.0,41.4,1.0
SUV,86.75,49.8,91.0,7.2,16.7,350.4
Sedan,54.2,25.7,53.4,7.2,-4.1,244.5
SUV,74.48,64.7,92.0,3.3,25.6,483.8
SUV,93.3,19.0,96.7,3.3,7.3,2356.6
Two-Wheeler,2.36,26.7,85.1,11.0,6.3,11.3
Sedan,55.67,44.1,73.1,7.2,29.7,141.9
Hatchback,33.4,43.3,69.1,30.0,-1.2,34.1
Hatchback,38.91,3.8,58.4,30.0,8.4,60.3
SUV,90.74,51.3,90.3,30.0,-1.2,159.8
Sedan,63.03,55.2,64.5,7.2,7.9,76.9
SUV,68.84,40.6,64.2,60.0,29.3,18.0
Hatchback,36.79,8.2,84.2,7.2,6.2,396.1
SUV,86.34,20.2,67.8,7.2,-4.6,690.7
Sedan,55.54,31.5,91.6,11.0,16.4,234.5
Two-Wheeler,3.05,26.9,78.0,60.0,35.0,1.6
SUV,70.12,53.7,88.2,7.2,5.0,349.4
Hatchback,39.21,14.1,43.7,30.0,13.5,29.0
Hatchback,33.13,12.9,49.8,30.0,2.1,51.4
Two-Wheeler,2.28,6.1,89.5,11.0,42.0,13.5
Hatchback,26.41,57.1,95.4,30.0,27.7,30.4
Sedan,46.24,36.0,48.8,7.2,30.6,58.8
Hatchback,33.82,56.1,84.0,3.3,23.1,203.6
Two-Wheeler,3.54,29.9,47.5,3.3,46.9,19.4
Hatchback,27.54,69.8,96.4,7.2,-1.3,186.6
Hatchback,35.74,34.9,46.6,3.3,24.5,82.2
Hatchback,25.76,66.3,75.3,7.2,20.2,21.1
SUV,71.21,9.7,20.7,7.2,21.9,76.3
SUV,89.52,30.1,37.3,3.3,23.4,134.3
Sedan,48.73,47.3,96.1,30.0,8.0,87.5
Hatchback,26.06,15.1,85.2,7.2,30.9,189.6
Hatchback,31.19,62.7,98.6,30.0,37.0,37.6
Two-Wheeler,2.45,63.2,100.0,60.0,30.3,1.7
Sedan,63.99,61.3,91.5,3.3,45.3,681.2
Hatchback,27.44,14.4,60.7,60.0,12.6,16.0
Two-Wheeler,2.13,51.0,59.9,30.0,39.9,1.0
Sedan,54.8,28.2,51.1,30.0,-2.0,55.6
SUV,69.76,52.2,66.3,7.2,6.8,139.6
Two-Wheeler,3.28,47.2,80.3,11.0,20.5,6.5
Two-Wheeler,3.77,23.6,89.3,7.2,26.1,23.0
Hatchback,38.93,30.7,63.1,11.0,42.3,83.9
Hatchback,28.93,18.7,84.8,11.0,9.8,146.4
Sedan,64.46,40.1,71.9,3.3,43.6,544.3
Hatchback,35.83,34.4,86.4,30.0,46.2,68.0
SUV,93.75,29.4,70.1,3.3,6.8,1144.9
Sedan,63.83,34.3,98.6,30.0,22.1,123.3
Sedan,52.24,40.3,57.5,30.0,14.2,25.0
Hatchback,35.51,22.7,47.3,3.3,31.8,150.6
Hatchback,39.86,33.2,63.0,60.0,-0.8,24.4
Sedan,63.33,69.4,77.5,3.3,31.2,111.2
Hatchback,27.69,51.2,63.5,11.0,41.9,24.6
Hatchback,38.83,52.2,80.3,30.0,16.3,29.4
Two-Wheeler,4.37,19.2,55.2,7.2,36.2,15.7
Sedan,46.08,4.1,66.3,60.0,21.9,32.9
SUV,69.75,24.4,57.2,11.0,25.9,139.2
SUV,96.78,30.8,77.6,11.0,7.1,401.2
Hatchback,33.7,22.4,32.3,7.2,11.9,38.9
Sedan,46.65,68.3,86.4,60.0,6.7,13.7
SUV,94.18,10.2,89.3,3.3,-2.6,3083.7
SUV,88.98,36.8,96.5,3.3,14.4,1575.8
Hatchback,33.69,58.3,78.9,30.0,34.1,14.7
Sedan,44.34,58.4,71.2,60.0,36.5,5.9
SUV,81.65,31.2,89.4,60.0,25.7,62.4
Sedan,51.15,27.1,77.3,7.2,5.4,342.8
Sedan,53.66,62.9,75.4,60.0,18.3,8.0
Hatchback,35.27,12.1,60.2,11.0,2.4,169.3
Two-Wheeler,2.05,33.1,68.6,60.0,33.2,1.0
Hatchback,36.78,38.2,85.8,11.0,14.3,129.2
SUV,68.19,37.9,69.8,3.3,28.8,488.1
SUV,91.22,21.8,80.0,7.2,29.0,445.4
Two-Wheeler,4.2,57.5,62.9,30.0,23.6,1.0
Two-Wheeler,2.73,15.2,74.9,11.0,35.9,9.7
SUV,76.87,43.1,53.3,60.0,0.0,16.5
SUV,70.34,34.8,65.9,60.0,12.2,28.6
Sedan,49.5,34.6,88.1,3.3,32.2,586.4
Hatchback,27.11,29.3,97.6,7.2,6.4,264.3
Sedan,63.75,12.1,80.9,60.0,17.8,57.1
Two-Wheeler,4.42,14.6,81.7,11.0,-4.7,32.2
SUV,91.38,65.0,92.6,30.0,33.8,68.3
Hatchback,32.03,30.4,67.8,60.0,15.9,13.1
Hatchback,28.6,65.1,97.8,7.2,21.3,118.0
Two-Wheeler,2.97,64.3,88.7,11.0,35.4,4.6
Sedan,42.08,67.7,79.0,11.0,21.2,26.7
Sedan,49.77,54.2,80.8,30.0,1.9,48.9
SUV,90.35,58.3,75.9,7.2,23.4,132.5
SUV,98.78,53.2,61.9,60.0,18.2,11.2
Hatchback,35.06,65.8,93.4,7.2,27.3,109.7
Sedan,49.87,63.3,82.0,60.0,35.1,10.7
Sedan,47.75,5.5,82.9,11.0,28.0,224.0
Sedan,63.01,62.3,87.0,60.0,46.8,30.2
SUV,84.21,64.6,92.7,60.0,29.3,30.9
Sedan,46.92,48.6,93.7,3.3,-4.9,942.6
SUV,74.93,11.6,23.5,30.0,28.8,22.0
Sedan,47.87,11.3,83.2,60.0,47.4,65.5
Two-Wheeler,3.91,64.0,82.1,60.0,0.4,1.5
Hatchback,37.95,33.1,41.8,30.0,-1.5,14.3
Sedan,49.99,46.2,77.7,60.0,42.2,18.8
Sedan,56.94,59.6,97.5,3.3,26.3,618.8
SUV,88.3,20.5,98.0,11.0,7.2,684.9
Sedan,40.01,38.9,79.2,11.0,41.1,109.7
Two-Wheeler,4.32,40.4,60.3,3.3,42.6,21.0
Sedan,53.38,44.5,75.3,3.3,44.2,412.4
Hatchback,25.29,10.1,30.8,60.0,-0.8,11.2
SUV,93.73,52.6,58.0,60.0,40.9,6.3
Hatchback,35.9,14.1,60.8,30.0,44.1,46.1
Two-Wheeler,4.4,26.5,58.1,30.0,19.0,3.4
Sedan,52.16,17.1,99.1,11.0,42.3,423.3
Two-Wheeler,3.72,67.2,76.7,60.0,6.9,1.0
Sedan,49.28,53.3,84.6,11.0,13.2,110.2
Hatchback,26.89,17.6,64.2,11.0,36.4,79.1
Hatchback,34.76,12.7,49.0,7.2,6.0,169.7
Sedan,51.2,42.5,91.3,3.3,33.4,506.2
Sedan,48.73,17.8,27.1,30.0,9.7,12.9
Sedan,57.56,49.1,68.7,7.2,22.0,118.8
Two-Wheeler,3.28,22.5,46.3,11.0,46.9,7.3
Sedan,40.19,14.4,48.1,11.0,46.2,129.1
Sedan,64.75,34.7,58.9,7.2,28.6,134.0
Hatchback,26.25,55.8,71.7,60.0,37.8,4.6
Hatchback,38.0,50.8,62.1,60.0,-2.2,9.0
Two-Wheeler,2.76,52.5,88.2,11.0,46.5,9.9
SUV,90.94,69.2,94.2,30.0,10.0,83.4
SUV,90.06,57.3,92.2,60.0,34.0,40.6
SUV,96.99,27.8,34.9,60.0,-2.9,12.8
Two-Wheeler,4.12,29.5,54.3,60.0,21.8,1.1
Hatchback,27.1,26.6,69.6,30.0,23.5,27.0
Two-Wheeler,2.25,17.3,52.7,60.0,10.7,1.1
Hatchback,25.99,59.0,67.7,3.3,38.7,51.2
Two-Wheeler,2.25,2.9,40.6,7.2,39.3,8.7
Sedan,40.77,12.8,80.8,3.3,5.9,719.9
Sedan,61.87,47.6,60.4,60.0,15.2,11.1
Two-Wheeler,3.95,11.7,91.5,30.0,19.5,7.9
Two-Wheeler,2.9,3.0,74.1,3.3,-0.8,68.2
Hatchback,36.23,45.5,84.9,30.0,29.5,31.7
Two-Wheeler,2.07,32.0,39.9,7.2,19.8,1.4
SUV,92.45,49.9,80.1,3.3,44.1,725.3
SUV,71.42,39.0,55.5,7.2,41.1,122.4
SUV,83.53,22.9,81.1,11.0,31.7,303.9
SUV,81.11,32.5,82.3,30.0,15.0,100.8
Sedan,56.99,7.2,99.2,3.3,2.6,2109.0
Two-Wheeler,2.73,23.9,80.0,7.2,4.4,21.2
Two-Wheeler,2.83,66.0,82.0,3.3,36.2,10.1
Sedan,60.6,3.8,87.7,11.0,20.7,280.9
Hatchback,30.1,68.5,98.3,60.0,9.2,18.8
Hatchback,27.93,51.8,62.4,60.0,5.9,4.7
Sedan,58.49,43.4,62.4,30.0,17.0,24.3
Two-Wheeler,2.81,42.7,58.6,7.2,-2.7,7.8
Sedan,64.27,25.8,31.3,3.3,41.9,79.4
Sedan,50.88,26.1,76.2,60.0,16.5,32.2
SUV,76.64,7.6,80.9,7.2,13.5,550.6
Sedan,51.88,22.8,77.9,7.2,37.8,263.2
Hatchback,36.17,15.0,68.0,7.2,33.9,179.5
Two-Wheeler,3.84,10.0,42.5,30.0,16.5,2.9
Hatchback,31.74,23.7,29.0,11.0,-3.9,16.5
Two-Wheeler,2.3,43.0,79.5,3.3,-2.6,29.0
SUV,78.2,69.3,87.7,3.3,-3.2,631.1
Hatchback,28.37,67.6,84.2,30.0,-3.9,19.0
Sedan,51.4,65.1,97.1,30.0,2.4,85.9
Hatchback,34.12,42.9,62.1,7.2,45.4,88.2
SUV,94.12,8.7,33.8,60.0,6.4,40.0
Two-Wheeler,4.09,34.5,67.2,7.2,42.9,13.6
Two-Wheeler,3.06,8.9,18.5,30.0,6.0,1.0
Two-Wheeler,3.14,8.9,67.6,7.2,37.6,17.8
SUV,82.5,20.1,76.5,3.3,37.0,919.6
Hatchback,25.45,48.8,71.6,60.0,30.4,6.9
SUV,97.81,37.3,71.7,60.0,28.6,35.3
Sedan,54.73,60.4,86.5,11.0,5.4,127.5
Hatchback,27.48,69.8,80.2,7.2,0.3,45.2
SUV,67.13,35.3,44.4,60.0,17.7,7.0
Hatchback,38.97,45.2,92.2,3.3,43.0,503.3
Two-Wheeler,2.77,58.4,82.4,30.0,9.4,1.9
Sedan,51.66,55.1,79.5,7.2,9.2,164.5
SUV,79.61,32.1,85.1,60.0,40.0,54.5
Sedan,45.98,65.6,87.3,30.0,33.1,19.5
SUV,77.91,32.6,80.2,30.0,37.2,98.1
Hatchback,28.28,40.3,53.6,60.0,10.3,5.1
Sedan,62.89,24.3,78.5,3.3,-0.1,1236.2
SUV,84.43,26.6,85.9,60.0,32.8,50.9
Two-Wheeler,3.66,53.1,71.4,30.0,16.3,1.8
Sedan,52.71,69.1,80.0,11.0,16.1,39.5
Sedan,64.17,46.5,66.7,30.0,16.1,34.6
Hatchback,26.93,39.1,66.5,60.0,2.1,14.3
Hatchback,25.47,67.7,97.5,30.0,-0.5,51.3
Hatchback,26.01,22.8,86.2,7.2,30.3,168.8
Two-Wheeler,3.77,52.5,80.5,30.0,38.4,2.4
Two-Wheeler,4.03,24.0,79.1,3.3,30.8,46.2
SUV,89.32,59.7,94.3,3.3,28.2,842.8
Hatchback,36.32,29.9,82.6,7.2,11.4,214.9
Hatchback,34.01,44.7,63.2,30.0,38.0,14.1
Two-Wheeler,3.53,30.3,79.3,30.0,25.5,3.7
Sedan,42.15,63.9,79.3,30.0,6.9,19.6
Hatchback,39.94,30.6,54.7,7.2,-1.7,165.8
SUV,65.18,24.2,51.2,3.3,17.8,341.5
Sedan,41.78,14.4,44.9,3.3,2.8,392.9
Sedan,46.54,13.5,72.7,60.0,21.0,29.2
Two-Wheeler,3.79,68.5,98.4,30.0,26.0,4.0
SUV,96.1,39.6,62.6,11.0,-4.5,226.8
Two-Wheeler,4.03,14.7,85.2,11.0,-4.2,28.5
SUV,76.6,31.5,50.7,7.2,4.7,188.4
Two-Wheeler,3.84,50.4,56.9,7.2,41.7,2.5
SUV,93.32,41.6,99.6,30.0,4.5,247.0
Two-Wheeler,2.73,43.4,68.6,30.0,12.7,1.7
Sedan,44.72,47.4,89.7,3.3,39.1,420.0
Two-Wheeler,3.52,58.0,65.5,60.0,13.9,1.0
Hatchback,26.49,38.6,81.1,11.0,14.2,79.2
Two-Wheeler,4.18,42.7,76.6,7.2,45.1,19.3
Hatchback,34.63,67.4,73.0,7.2,28.2,17.6
SUV,87.42,65.7,90.3,60.0,-4.1,50.6
SUV,73.13,7.6,75.5,60.0,21.6,53.4
Two-Wheeler,2.82,47.4,74.9,7.2,20.8,7.2
SUV,88.54,27.0,60.4,7.2,24.5,284.6
Two-Wheeler,2.67,9.1,50.9,60.0,24.0,1.3
Sedan,59.97,35.6,67.3,60.0,-2.8,36.9
SUV,96.21,36.1,50.3,11.0,4.5,132.5
Hatchback,36.9,58.1,94.1,60.0,0.1,29.7
SUV,72.87,35.4,79.9,30.0,42.6,83.9
Hatchback,38.84,64.8,70.0,60.0,6.7,2.8
Hatchback,25.92,53.9,60.1,7.2,18.6,15.2
Two-Wheeler,4.28,29.8,57.4,11.0,0.7,11.5
Two-Wheeler,4.12,64.6,70.2,7.2,0.2,3.7
Sedan,47.42,19.7,41.6,11.0,22.8,63.6
Sedan,47.51,31.0,69.7,30.0,6.2,57.6
Two-Wheeler,4.18,34.3,65.6,30.0,7.6,3.6
SUV,79.7,11.9,39.6,11.0,-4.2,261.3
Sedan,63.89,14.1,23.6,11.0,10.7,46.8
Sedan,40.14,68.7,96.2,30.0,21.0,32.3
SUV,99.78,20.9,99.8,30.0,4.6,324.7
Hatchback,30.56,16.3,26.0,60.0,2.9,5.5
Sedan,53.56,57.3,62.8,11.0,39.6,18.7
Sedan,58.92,63.4,71.4,30.0,25.3,9.9
Two-Wheeler,2.24,43.7,89.7,30.0,9.6,3.0
Hatchback,32.86,15.2,64.1,60.0,26.2,17.5
Hatchback,31.5,61.7,93.1,30.0,37.7,28.1
Hatchback,35.87,6.7,57.4,3.3,-2.2,658.9
Hatchback,31.29,30.3,43.3,30.0,11.0,11.5
Sedan,62.45,66.8,74.7,60.0,10.7,7.3
Hatchback,35.54,55.4,80.1,30.0,24.5,18.0
Two-Wheeler,4.01,50.4,61.7,7.2,44.1,5.4
Sedan,43.17,11.5,73.5,30.0,0.7,107.9
Two-Wheeler,2.01,51.1,79.8,11.0,-0.9,6.5
Hatchback,26.06,35.0,70.0,3.3,13.0,245.9
Hatchback,33.8,25.8,80.3,7.2,25.7,175.9
Sedan,59.6,6.5,65.5,30.0,36.9,68.6
Hatchback,31.22,52.2,95.7,60.0,47.5,27.2
Sedan,46.29,21.7,89.1,30.0,16.1,74.4
SUV,72.64,13.6,61.5,3.3,-0.7,1235.9
SUV,92.8,53.7,64.3,60.0,14.3,13.7
SUV,80.19,65.1,72.6,3.3,43.0,155.2
SUV,71.84,65.3,88.2,3.3,34.8,345.4
Hatchback,33.73,42.8,87.1,60.0,36.0,18.3
Two-Wheeler,4.17,19.7,99.7,3.3,15.4,98.5
Sedan,54.34,28.6,88.6,7.2,31.2,329.0
Hatchback,36.81,62.6,80.4,11.0,44.0,47.4
Two-Wheeler,3.95,30.9,36.6,30.0,31.4,1.0
SUV,70.5,54.3,66.9,3.3,20.7,177.3
Two-Wheeler,3.37,37.9,52.5,30.0,18.7,1.1
Sedan,42.73,43.2,58.3,3.3,2.9,202.7
Two-Wheeler,3.76,30.4,72.8,3.3,-3.8,57.4
Sedan,51.89,6.8,42.1,60.0,21.8,20.6
Two-Wheeler,3.32,43.0,90.1,11.0,16.9,10.8
Hatchback,31.86,46.6,81.5,11.0,-4.4,110.7
SUV,74.85,40.0,87.4,60.0,43.8,46.7
SUV,88.82,8.3,71.5,3.3,26.1,1144.6
SUV,82.28,44.0,64.3,3.3,4.6,571.3
Hatchback,31.97,47.0,76.7,60.0,39.2,11.5
Two-Wheeler,2.49,2.9,84.5,3.3,30.2,40.3
Two-Wheeler,4.06,69.1,91.0,30.0,8.4,3.2
Sedan,59.27,40.2,61.8,11.0,33.1,79.8
Sedan,61.03,41.2,61.5,7.2,12.4,128.5
Two-Wheeler,2.4,43.5,84.0,11.0,-5.0,10.7
SUV,76.62,25.0,52.3,11.0,18.6,145.5
Hatchback,39.9,27.6,79.7,11.0,24.1,127.2
Two-Wheeler,3.28,35.6,96.6,60.0,44.5,2.9
Two-Wheeler,2.01,31.7,83.1,3.3,-1.1,40.4
Two-Wheeler,2.53,51.7,66.7,11.0,39.6,2.5
Sedan,53.6,22.2,59.1,11.0,39.8,140.3
Two-Wheeler,3.78,14.4,58.6,3.3,19.8,31.3
Two-Wheeler,2.68,5.5,47.6,3.3,27.9,21.6
SUV,69.16,47.0,77.5,3.3,39.2,489.3
Sedan,49.05,45.3,74.5,3.3,0.2,492.4
Sedan,47.42,47.5,66.5,30.0,11.7,25.5
Sedan,40.4,10.7,86.2,60.0,2.3,57.2
SUV,89.39,30.0,89.6,7.2,34.6,520.5
Two-Wheeler,3.98,60.9,94.4,7.2,-2.3,25.7
Hatchback,39.15,19.9,84.0,30.0,31.5,56.1
Sedan,61.31,26.5,42.3,30.0,14.3,26.4
SUV,87.33,69.2,97.3,3.3,30.6,729.9
Two-Wheeler,3.25,38.2,87.7,3.3,10.0,43.7
Hatchback,32.22,59.5,82.6,60.0,36.5,8.8
Two-Wheeler,2.77,63.1,75.5,7.2,32.0,3.1
Two-Wheeler,2.56,42.4,77.1,30.0,5.8,2.4
Sedan,57.01,69.5,94.5,60.0,29.1,21.5
Hatchback,32.91,29.4,89.1,60.0,44.8,30.1
SUV,86.29,52.4,73.3,3.3,34.6,383.3
SUV,87.03,28.4,85.8,7.2,-4.8,900.4
Two-Wheeler,4.4,53.6,68.6,7.2,46.9,8.5
Hatchback,38.78,49.4,99.0,60.0,12.4,32.1
Two-Wheeler,2.87,43.0,63.9,3.3,25.7,11.4
Sedan,58.7,9.1,75.5,7.2,35.5,342.3
Two-Wheeler,4.39,4.4,70.9,60.0,7.6,4.4
SUV,89.93,59.1,89.4,30.0,36.2,73.4
Sedan,40.54,38.0,83.8,3.3,0.8,640.1
Hatchback,33.51,28.6,46.9,7.2,-4.8,99.3
Sedan,63.23,17.5,62.2,11.0,25.0,174.8
SUV,68.48,64.7,98.6,7.2,18.2,349.9
Two-Wheeler,2.12,7.2,77.1,3.3,7.0,42.4
SUV,65.8,29.6,70.0,3.3,25.7,530.9
Sedan,58.83,21.7,44.1,11.0,40.3,86.4
Sedan,46.89,11.3,19.4,11.0,40.2,22.4
Hatchback,27.38,21.0,45.5,3.3,24.1,136.8
Sedan,57.99,63.9,95.7,60.0,43.8,36.2
SUV,72.34,13.2,69.6,7.2,31.1,422.5
SUV,92.41,44.7,71.6,60.0,3.1,44.7
Two-Wheeler,3.51,23.1,45.9,3.3,18.4,16.1
Hatchback,39.45,2.4,91.9,7.2,-5.0,579.6
Hatchback,35.92,45.8,86.5,60.0,16.6,17.7
SUV,92.79,65.9,95.9,3.3,34.2,777.2
Sedan,49.88,60.9,88.0,11.0,18.0,98.4
Hatchback,37.2,57.1,70.8,3.3,-3.0,198.9
SUV,99.86,2.6,28.9,3.3,-2.8,937.2
Hatchback,37.73,67.5,89.3,11.0,7.3,70.0
Two-Wheeler,2.61,62.8,96.1,60.0,28.3,1.1
Sedan,58.9,48.5,73.7,60.0,20.7,16.3
Two-Wheeler,3.6,55.1,61.6,60.0,40.2,1.0
SUV,66.4,62.8,89.0,30.0,19.2,47.5
Hatchback,29.55,10.9,54.9,7.2,19.0,132.5
Hatchback,31.3,8.1,87.1,30.0,17.5,62.4
Hatchback,36.51,38.6,74.4,60.0,40.0,14.6
Two-Wheeler,3.57,60.9,93.3,3.3,1.6,49.5
Hatchback,28.87,48.2,75.5,11.0,10.8,52.3
Sedan,61.65,57.2,96.7,60.0,45.5,59.0
Sedan,60.0,45.1,69.1,3.3,46.7,503.4
Hatchback,33.89,4.5,87.4,60.0,35.4,31.3
Hatchback,28.28,16.6,23.9,30.0,3.2,6.9
Two-Wheeler,2.33,39.9,59.4,11.0,8.5,3.7
Hatchback,37.17,5.7,75.8,60.0,4.5,42.2
Sedan,49.5,65.2,91.3,60.0,11.0,21.9
Two-Wheeler,3.15,6.9,21.0,60.0,46.2,1.0
Sedan,57.03,22.4,55.3,60.0,36.2,20.4
Sedan,45.75,60.5,89.5,3.3,21.6,345.7
Two-Wheeler,3.97,7.5,99.5,11.0,40.6,28.3
Two-Wheeler,3.7,47.3,59.0,60.0,43.0,1.0
Sedan,47.49,22.9,97.5,60.0,21.3,45.7
Hatchback,28.41,61.8,97.2,60.0,-1.1,29.2
SUV,97.58,37.7,81.7,60.0,27.0,52.5
Two-Wheeler,2.83,25.0,59.4,30.0,40.2,2.2
Two-Wheeler,2.02,12.5,98.2,7.2,18.0,19.2
SUV,65.95,34.9,88.3,60.0,36.0,40.4
SUV,86.78,47.9,65.4,30.0,38.0,34.8
Hatchback,39.09,60.2,92.4,30.0,10.4,38.6
Sedan,40.86,50.6,88.3,11.0,24.8,100.6
Two-Wheeler,3.49,37.0,74.9,60.0,-0.6,2.9
Hatchback,33.68,13.5,35.4,3.3,7.4,201.4
Two-Wheeler,4.01,4.1,14.3,60.0,36.5,1.0
Hatchback,26.61,42.2,99.9,11.0,4.1,190.1
SUV,99.5,54.1,94.2,60.0,26.5,51.3
Hatchback,36.12,44.8,52.8,3.3,10.5,67.5
Sedan,44.96,20.7,47.7,11.0,26.8,74.0
Hatchback,29.76,32.5,39.9,7.2,48.0,30.7
SUV,84.42,60.1,81.0,7.2,8.2,229.1
Hatchback,31.35,68.9,99.9,11.0,24.8,104.4
SUV,98.34,64.9,76.4,11.0,5.1,106.5
Sedan,52.25,25.0,52.7,60.0,9.6,20.3
Hatchback,28.66,50.3,83.7,11.0,32.9,61.4
Sedan,40.05,5.4,73.7,3.3,44.5,771.0
Sedan,58.23,68.5,86.0,30.0,3.8,37.2
Sedan,57.68,60.7,78.4,60.0,31.6,11.3
Sedan,46.06,12.5,20.5,11.0,30.6,22.2
SUV,80.02,2.2,45.5,7.2,9.9,445.1
Hatchback,32.59,47.9,86.1,60.0,3.1,24.1
Sedan,51.02,62.3,83.0,3.3,19.2,220.0
SUV,97.78,22.6,80.6,7.2,-2.8,979.4
Two-Wheeler,4.25,16.9,78.7,7.2,3.9,39.6
Sedan,55.55,21.5,38.4,11.0,42.0,61.8
Sedan,50.33,6.6,53.6,7.2,17.5,241.2
Two-Wheeler,3.6,65.1,91.1,11.0,21.6,6.4
Sedan,56.72,2.3,14.1,7.2,28.1,57.3
Two-Wheeler,3.59,6.3,46.1,30.0,27.5,3.3
Hatchback,29.96,58.9,76.7,60.0,-4.6,9.4
Sedan,43.11,19.6,87.0,7.2,43.4,366.5
Sedan,51.4,56.6,73.8,7.2,15.4,82.2
Two-Wheeler,3.65,23.7,30.4,11.0,34.0,1.6
Hatchback,29.72,67.1,89.7,7.2,26.6,68.8
Two-Wheeler,2.85,21.1,53.9,60.0,37.5,1.2
SUV,72.99,45.3,82.2,7.2,14.7,305.0
Two-Wheeler,2.08,52.2,66.2,30.0,42.8,1.0
Hatchback,26.81,19.3,77.3,30.0,24.2,35.2
Two-Wheeler,3.42,60.4,80.1,11.0,42.4,4.0
SUV,92.28,2.8,23.7,7.2,-1.2,326.6
Sedan,40.26,13.0,42.8,30.0,10.6,31.5
Two-Wheeler,4.12,49.6,68.1,3.3,9.0,17.5
SUV,78.93,63.5,91.9,7.2,20.4,248.5
Sedan,63.4,7.3,86.7,30.0,4.5,185.1
Hatchback,34.0,18.2,64.8,3.3,26.8,339.8
Two-Wheeler,2.17,49.8,61.8,30.0,30.9,1.0
Hatchback,30.8,67.8,90.0,11.0,-0.3,80.0
Two-Wheeler,2.72,27.7,84.9,3.3,45.0,49.6
SUV,67.11,58.3,73.9,3.3,25.9,235.8
Sedan,49.37,61.0,88.1,3.3,44.7,358.1
Two-Wheeler,4.01,53.6,97.3,7.2,20.2,20.7
SUV,74.41,69.8,99.4,7.2,23.1,326.9
Two-Wheeler,4.12,45.2,85.9,7.2,33.1,15.4
Hatchback,30.88,59.7,71.2,60.0,5.6,6.2
SUV,96.58,20.7,29.8,30.0,21.9,20.1
SUV,95.02,35.3,91.8,60.0,6.3,90.8
Sedan,49.73,41.6,88.5,11.0,7.7,181.3
Sedan,63.81,45.3,57.4,30.0,29.1,16.3
SUV,66.11,35.2,59.4,7.2,0.2,290.0
Two-Wheeler,2.72,11.7,62.1,30.0,34.9,3.1
Sedan,57.78,58.7,88.1,11.0,22.9,113.3
SUV,76.19,28.9,96.8,7.2,6.1,826.9
Sedan,55.47,16.2,96.9,60.0,12.8,66.5
Two-Wheeler,2.6,57.7,70.9,11.0,38.5,2.2
Sedan,41.05,65.8,73.0,60.0,41.2,4.1
Sedan,40.9,44.2,80.6,11.0,24.5,89.8
Two-Wheeler,4.49,37.4,47.7,60.0,2.1,1.0
Two-Wheeler,3.09,8.7,44.1,60.0,15.4,1.4
Sedan,42.95,24.9,33.3,30.0,29.6,7.6
SUV,76.74,63.4,94.5,3.3,25.4,600.5
Hatchback,35.83,66.8,73.8,60.0,6.2,4.1
SUV,89.3,14.1,97.9,60.0,45.7,165.4
SUV,88.38,2.3,71.1,30.0,6.7,183.7
Two-Wheeler,4.26,53.5,65.4,60.0,14.1,1.0
Two-Wheeler,3.78,24.9,42.3,7.2,22.5,5.7
SUV,87.47,31.8,86.0,11.0,29.4,279.1
SUV,83.75,5.5,70.2,11.0,5.8,444.5
Sedan,53.2,59.6,88.3,60.0,2.5,26.3
Hatchback,25.61,18.7,69.3,60.0,17.0,16.0
Hatchback,36.82,6.8,50.7,11.0,40.6,118.4
SUV,65.76,17.2,58.3,11.0,16.1,201.0
Hatchback,38.2,60.1,73.5,30.0,-4.1,23.4
Two-Wheeler,2.87,12.8,74.8,7.2,9.8,21.2
Two-Wheeler,3.88,20.3,79.2,11.0,19.5,14.0
Two-Wheeler,2.36,24.6,91.5,7.2,0.4,25.8
Two-Wheeler,2.91,43.2,91.6,3.3,2.6,50.1
Two-Wheeler,2.73,45.8,91.2,30.0,-0.9,5.7
Sedan,62.47,68.3,91.1,3.3,47.2,541.9
Hatchback,25.06,3.4,49.8,3.3,28.0,216.0
SUV,80.74,4.9,30.3,30.0,47.6,80.5
Sedan,43.82,69.1,80.1,7.2,29.3,45.8
SUV,90.09,45.2,84.1,3.3,7.2,975.7
Sedan,64.24,13.2,51.3,11.0,12.8,177.2
Sedan,52.16,3.1,24.2,30.0,-2.3,41.8
Two-Wheeler,2.29,26.1,36.4,7.2,46.9,3.5
SUV,88.9,40.5,71.4,60.0,31.4,30.9
Two-Wheeler,4.27,27.0,56.0,3.3,16.5,28.7
Hatchback,30.61,6.3,48.3,7.2,2.9,205.6
Sedan,64.02,48.5,88.7,7.2,45.2,413.8
Hatchback,25.61,8.9,45.4,11.0,31.2,61.4
Hatchback,36.24,17.3,22.7,7.2,-2.1,35.7
Two-Wheeler,2.68,2.4,60.0,11.0,38.3,9.4
Two-Wheeler,3.59,34.6,42.5,30.0,43.9,1.0
Hatchback,37.92,59.5,90.3,7.2,39.0,139.4
Hatchback,29.92,61.0,78.6,30.0,-2.1,21.7
Hatchback,32.51,53.9,60.4,30.0,4.4,7.3
Sedan,57.0,67.5,90.6,7.2,17.1,162.9
Two-Wheeler,3.68,56.6,73.2,60.0,34.4,1.0
Two-Wheeler,4.2,63.2,71.9,30.0,39.0,1.0
Two-Wheeler,3.71,34.9,60.3,11.0,31.2,5.5
Hatchback,32.93,50.0,73.1,11.0,-1.4,81.3
Two-Wheeler,2.75,11.6,92.6,30.0,40.8,5.4
Two-Wheeler,4.42,40.7,59.0,30.0,28.9,1.8
Sedan,40.66,64.4,92.5,30.0,16.3,31.4
SUV,93.89,66.1,72.3,30.0,36.0,13.3
Hatchback,38.18,58.3,91.9,60.0,37.1,16.2
Hatchback,26.73,58.5,87.1,11.0,27.5,43.7
Two-Wheeler,3.14,69.7,96.5,30.0,22.9,2.8
SUV,68.55,44.9,86.3,3.3,-2.2,1028.1
Hatchback,25.94,30.8,66.8,11.0,43.9,73.6
Sedan,40.19,10.3,78.9,3.3,18.6,670.4
Sedan,59.69,9.8,37.7,60.0,40.0,21.1
Hatchback,26.14,54.7,62.8,60.0,12.8,2.8
SUV,65.07,15.7,82.4,30.0,1.7,157.8
Hatchback,26.67,58.9,66.1,3.3,23.4,36.8
SUV,87.17,24.7,88.3,3.3,37.3,1267.1
SUV,93.79,44.8,68.8,7.2,-0.7,407.0
Hatchback,29.49,65.1,100.0,7.2,2.6,248.6
SUV,82.45,66.9,92.0,30.0,26.5,56.8
Two-Wheeler,4.28,16.6,24.2,7.2,9.1,3.3
SUV,97.75,30.5,92.8,7.2,26.5,618.1
Hatchback,29.07,61.0,92.5,3.3,18.7,239.3
Sedan,42.8,43.2,89.6,60.0,37.8,24.3
Sedan,50.33,19.1,32.4,7.2,28.3,61.7
Two-Wheeler,3.47,6.2,45.2,3.3,37.0,27.5
SUV,95.08,62.6,87.3,7.2,47.1,413.4
Hatchback,37.65,35.4,61.0,3.3,-2.1,348.8
Two-Wheeler,2.46,68.0,80.6,3.3,38.3,6.6
Two-Wheeler,4.27,14.6,42.4,7.2,38.8,11.1
Hatchback,39.49,29.5,77.6,3.3,1.7,615.7
Hatchback,35.13,21.9,91.6,11.0,36.4,155.7
Two-Wheeler,3.55,51.8,62.6,11.0,40.2,3.0
SUV,98.44,4.1,44.0,60.0,22.9,43.3
Hatchback,27.12,44.3,97.1,60.0,47.8,30.8
Hatchback,26.83,38.5,57.4,60.0,27.1,5.6
Hatchback,29.51,64.3,87.2,7.2,32.5,63.3
Sedan,40.35,9.3,53.6,7.2,44.9,216.1
Hatchback,38.6,22.0,95.0,60.0,27.2,34.7
Sedan,45.97,57.3,86.8,30.0,37.4,37.8
Hatchback,25.55,22.2,91.1,30.0,28.2,40.4
SUV,82.67,60.7,91.8,7.2,15.0,323.8
Hatchback,36.8,32.5,71.7,60.0,5.8,23.7
Two-Wheeler,2.53,59.6,77.4,3.3,38.2,10.8
Two-Wheeler,2.9,12.8,74.8,3.3,43.3,43.2
Hatchback,37.93,54.8,82.7,30.0,32.9,23.0
Sedan,57.64,51.1,65.9,3.3,45.6,271.5
SUV,98.9,23.0,93.7,30.0,38.8,176.7
Two-Wheeler,3.64,35.7,80.8,60.0,16.8,2.1
SUV,78.23,56.6,97.9,3.3,46.7,1548.2
SUV,85.15,14.0,66.1,11.0,14.2,335.7
Two-Wheeler,4.09,63.0,91.5,7.2,6.4,16.9
Two-Wheeler,2.19,10.0,98.2,60.0,36.2,2.9
SUV,82.11,59.2,76.0,3.3,5.2,411.4
Two-Wheeler,2.73,60.7,75.4,30.0,3.0,1.3
SUV,88.98,65.1,75.0,60.0,19.4,11.4
Two-Wheeler,3.98,59.5,64.6,11.0,15.6,1.5
Hatchback,29.44,28.5,54.9,11.0,18.7,53.2
Sedan,51.61,37.1,43.7,11.0,-2.1,41.7
Sedan,59.77,9.5,56.8,60.0,27.0,29.5
SUV,99.9,8.6,58.1,30.0,22.2,105.4
Two-Wheeler,3.6,5.0,76.7,3.3,30.1,54.4
Hatchback,37.43,38.7,99.5,60.0,39.0,37.2
Two-Wheeler,3.45,46.4,97.1,11.0,21.1,12.0
Sedan,59.69,26.4,33.2,11.0,11.1,32.2
Two-Wheeler,2.94,11.1,56.0,3.3,2.5,46.8
SUV,70.53,12.5,66.4,30.0,-2.7,149.2
Hatchback,30.48,39.0,99.6,11.0,18.0,157.3
Sedan,52.08,55.1,82.0,60.0,28.8,16.0
Two-Wheeler,4.25,35.8,76.7,3.3,18.9,36.7
Two-Wheeler,4.36,44.4,93.6,3.3,10.4,58.9
SUV,73.09,35.9,96.2,7.2,41.4,639.5
Two-Wheeler,3.53,43.6,83.8,7.2,23.4,13.2
Two-Wheeler,4.43,52.7,97.8,3.3,13.0,60.5
Sedan,62.72,21.6,77.5,7.2,4.3,487.5
Two-Wheeler,4.11,70.0,90.5,11.0,23.3,5.9
Sedan,60.23,53.6,80.5,3.3,-3.8,627.1
Sedan,63.53,45.4,75.7,7.2,20.9,174.6
Sedan,42.36,48.0,68.5,7.2,12.3,100.5
Two-Wheeler,4.3,59.6,99.7,7.2,46.1,34.6
Sedan,57.46,3.1,99.4,7.2,-4.4,1154.0
Sedan,62.85,45.8,80.2,30.0,10.9,54.6
Hatchback,32.73,55.0,62.8,30.0,12.8,7.1
Hatchback,34.33,37.4,96.3,7.2,3.6,360.8
SUV,88.32,38.9,66.1,60.0,16.8,31.8
SUV,97.52,68.1,87.8,30.0,27.3,48.4
Hatchback,34.89,9.8,95.1,60.0,30.0,39.0
SUV,81.62,48.8,89.7,11.0,-0.8,375.5
Two-Wheeler,4.48,2.8,32.2,30.0,19.6,2.9
Sedan,53.49,46.2,71.5,3.3,14.6,334.0
Hatchback,36.97,21.5,87.5,11.0,38.7,164.4
Sedan,57.05,32.1,85.8,30.0,11.3,91.0
SUV,71.25,12.0,28.8,60.0,47.9,20.6
SUV,89.32,53.6,80.4,3.3,47.1,752.5
Hatchback,34.1,23.8,92.8,30.0,24.3,50.5
Sedan,42.68,63.0,76.0,3.3,43.1,151.1
Hatchback,37.5,9.9,22.2,60.0,37.6,5.1
Hatchback,37.02,63.7,92.7,7.2,42.2,128.2
SUV,77.05,55.4,87.3,30.0,25.5,53.4
SUV,86.67,36.7,56.9,11.0,12.5,115.7
SUV,88.78,40.6,94.0,7.2,35.2,486.2
Sedan,57.8,13.0,59.3,7.2,11.8,285.6
SUV,97.53,52.8,66.3,60.0,47.4,22.9
Hatchback,25.64,13.8,73.8,60.0,43.1,19.8
Two-Wheeler,3.47,70.0,95.0,7.2,43.9,13.6
Two-Wheeler,3.27,10.4,75.4,60.0,26.9,2.5
Two-Wheeler,3.96,57.8,76.3,7.2,44.2,8.6
Sedan,44.16,35.6,45.4,3.3,33.1,83.6
Hatchback,38.4,66.9,84.5,11.0,-0.3,67.1
Hatchback,31.09,48.6,84.5,30.0,27.1,25.9
Two-Wheeler,2.94,58.1,88.3,7.2,29.2,8.2
Hatchback,25.59,15.7,31.8,11.0,-1.6,48.5
Sedan,42.88,9.6,25.2,30.0,9.3,20.1
SUV,74.68,69.7,83.2,3.3,6.2,277.4
SUV,84.59,29.2,93.2,7.2,44.2,703.6
Two-Wheeler,3.18,22.8,85.4,7.2,-3.5,32.6
Sedan,52.03,24.0,54.9,7.2,30.7,158.5
SUV,66.53,60.2,82.3,7.2,27.8,147.4
Two-Wheeler,3.57,3.0,57.1,30.0,21.6,4.6
SUV,73.26,5.7,82.4,30.0,40.9,130.1
Two-Wheeler,2.01,51.0,76.5,30.0,37.0,1.1
Hatchback,37.61,4.6,26.5,7.2,16.8,78.5
SUV,85.13,27.7,75.1,3.3,43.1,940.6
Hatchback,31.94,10.1,82.4,11.0,41.9,165.7
SUV,81.38,46.4,59.5,60.0,46.8,19.9
Two-Wheeler,4.01,41.9,97.3,7.2,35.8,25.4
Sedan,52.93,53.5,62.9,11.0,-2.1,49.9
Sedan,63.89,6.2,35.1,60.0,42.8,23.8
Two-Wheeler,2.85,61.8,84.0,11.0,10.4,4.9
SUV,90.59,44.0,79.7,3.3,18.2,740.3
Sedan,63.68,30.3,67.4,3.3,14.9,625.1
SUV,68.35,43.4,73.4,30.0,37.0,50.5
Hatchback,37.97,36.2,63.2,30.0,29.1,25.1
Two-Wheeler,3.26,9.7,33.2,7.2,41.7,7.9
Hatchback,30.59,47.1,95.7,60.0,36.4,20.8
Sedan,49.04,51.8,90.4,7.2,36.9,212.6
Sedan,47.23,66.1,87.1,7.2,35.0,104.9
Sedan,61.72,19.8,91.3,60.0,10.9,58.3
Sedan,48.1,21.8,75.7,60.0,48.0,44.6
Sedan,53.17,29.9,83.7,30.0,24.4,65.1
SUV,99.48,57.1,64.7,30.0,36.3,17.7
SUV,86.19,53.1,66.3,3.3,18.1,253.7
SUV,95.66,13.5,81.4,11.0,36.2,383.9
Hatchback,27.3,15.3,62.7,11.0,6.9,104.2
Sedan,41.41,26.3,90.3,30.0,9.7,73.8
Hatchback,38.96,32.6,68.3,3.3,25.2,255.0
Two-Wheeler,2.04,13.0,33.5,30.0,28.7,1.0
Sedan,61.31,57.7,65.6,3.3,2.6,141.2
SUV,91.54,36.3,65.4,3.3,33.4,528.7
Sedan,56.35,25.6,68.0,60.0,8.8,37.2
Two-Wheeler,4.24,68.5,87.7,11.0,33.7,5.5
Hatchback,39.29,33.1,93.4,3.3,29.7,511.7
Two-Wheeler,2.49,13.6,76.8,11.0,-3.4,16.4
Sedan,52.24,22.4,33.6,11.0,26.2,34.4
Hatchback,33.34,16.7,57.9,30.0,11.3,35.6
Two-Wheeler,2.03,20.3,65.0,30.0,20.2,1.9
Hatchback,36.27,37.0,66.9,60.0,-3.1,21.1
Sedan,48.02,43.3,87.3,11.0,22.7,127.3
Hatchback,26.69,67.9,84.9,60.0,45.2,7.8
SUV,93.0,8.1,20.3,11.0,13.9,86.6
Hatchback,32.73,68.3,96.2,3.3,7.3,341.3
SUV,74.21,64.8,99.9,3.3,7.9,1145.3
Sedan,51.15,8.1,25.9,7.2,17.5,96.5
Hatchback,36.27,38.5,67.9,60.0,39.0,13.2
SUV,66.72,64.8,74.0,60.0,38.0,7.3
SUV,85.44,3.3,79.3,60.0,0.4,129.6
Sedan,58.98,60.0,81.3,7.2,35.2,112.5
Two-Wheeler,2.8,33.5,52.6,30.0,19.3,1.4
Two-Wheeler,3.52,45.1,55.6,60.0,-4.9,1.0
Two-Wheeler,4.33,38.5,55.7,11.0,32.0,3.9
SUV,89.28,16.5,41.4,3.3,-3.3,837.1
Sedan,45.76,55.9,90.7,30.0,16.7,40.9
Sedan,44.14,67.2,94.9,7.2,-0.8,267.2
Sedan,40.8,23.9,38.0,7.2,6.8,68.7
Hatchback,32.03,37.4,63.7,11.0,21.4,51.7
Two-Wheeler,2.17,41.8,57.1,60.0,14.9,1.0
Two-Wheeler,4.44,35.6,55.8,30.0,37.0,2.2
Two-Wheeler,4.12,29.5,71.0,11.0,1.3,18.1
Sedan,44.47,24.8,65.2,60.0,14.8,24.9
Sedan,52.34,31.8,87.3,3.3,11.5,769.3
Two-Wheeler,2.83,66.6,95.5,7.2,11.8,11.8
Hatchback,26.29,22.0,65.8,60.0,38.9,14.7
Hatchback,39.43,9.9,81.3,11.0,1.7,279.4
SUV,74.26,38.9,93.2,11.0,20.0,275.9
Sedan,55.82,48.1,71.9,3.3,7.9,335.9
Sedan,41.85,29.9,70.0,7.2,46.2,216.3
SUV,94.13,21.8,97.0,7.2,12.2,975.3
Hatchback,37.96,4.7,86.4,60.0,33.2,38.0
Two-Wheeler,3.6,66.2,93.7,11.0,17.7,8.1
Sedan,50.6,55.8,84.6,3.3,36.5,310.5
Hatchback,36.14,8.4,98.1,7.2,45.3,544.0
Hatchback,32.67,35.9,89.4,60.0,10.0,24.3
SUV,95.77,38.8,91.2,7.2,21.1,494.8
Sedan,50.46,17.0,29.1,60.0,26.3,7.2
Hatchback,25.56,3.9,90.5,30.0,31.9,48.0
Hatchback,27.43,56.9,89.4,3.3,28.8,192.9
Sedan,48.34,23.9,59.2,60.0,47.5,30.0
Hatchback,37.14,14.1,51.9,11.0,29.0,89.7
Hatchback,31.78,63.6,91.4,3.3,27.5,204.4
Two-Wheeler,2.94,19.3,85.5,3.3,33.2,37.6
Sedan,47.75,54.3,65.9,3.3,2.7,180.5
SUV,67.76,23.3,91.1,3.3,-2.0,1883.5
Two-Wheeler,3.33,36.4,42.4,11.0,-2.5,2.2
SUV,79.28,34.1,98.9,60.0,36.3,75.0
Hatchback,38.47,41.5,81.6,11.0,36.7,92.9
Sedan,64.7,41.9,58.7,60.0,36.1,13.2
SUV,68.03,56.9,98.4,11.0,-0.0,406.2
Hatchback,26.64,18.8,53.6,60.0,39.3,10.2
Hatchback,28.85,33.8,41.2,3.3,28.4,42.2
Hatchback,36.01,60.8,71.2,30.0,26.9,8.2
SUV,69.58,8.7,66.0,11.0,21.4,239.5
SUV,90.33,68.8,92.0,60.0,-0.1,57.7
SUV,77.62,64.9,73.4,60.0,5.5,11.3
Sedan,61.68,8.7,46.7,60.0,29.3,24.7
SUV,86.01,11.8,79.0,7.2,1.8,953.7
Sedan,46.45,19.3,69.4,30.0,28.4,54.0
Hatchback,27.62,64.8,74.9,11.0,25.0,16.1
SUV,70.88,18.2,69.4,60.0,12.9,52.3
SUV,74.31,30.0,79.9,11.0,36.6,216.7
Hatchback,30.3,44.9,88.0,3.3,41.6,299.9
Hatchback,38.2,19.8,66.9,11.0,23.6,110.2
Sedan,47.13,62.2,96.4,30.0,45.3,69.1
Two-Wheeler,3.96,46.4,72.4,60.0,39.6,1.2
Hatchback,39.96,19.0,72.8,11.0,12.0,159.5
Sedan,48.36,27.6,36.4,7.2,-2.9,64.9
Hatchback,25.32,7.5,29.7,7.2,-2.4,103.1
SUV,78.79,38.2,49.6,11.0,32.2,57.0
Sedan,43.82,44.7,57.4,3.3,1.7,198.7
Two-Wheeler,2.54,58.0,66.9,30.0,12.6,1.0
Two-Wheeler,3.5,48.7,83.6,30.0,41.3,2.9
Hatchback,36.49,19.6,81.9,11.0,9.8,184.3
Sedan,55.69,7.8,51.8,30.0,38.0,64.1
Sedan,42.15,26.9,65.3,11.0,-1.1,181.5
Sedan,49.93,3.9,56.2,11.0,20.2,166.5
Sedan,50.28,40.9,93.8,30.0,14.3,77.6
Hatchback,30.37,31.9,87.4,60.0,26.4,20.5
Sedan,51.98,4.9,27.7,11.0,23.6,68.1
Sedan,47.08,3.4,51.9,11.0,29.3,129.6
Hatchback,27.19,8.2,94.3,30.0,43.8,70.5
SUV,94.79,38.1,49.7,11.0,1.1,119.0
Sedan,55.05,22.4,39.2,30.0,1.5,33.2
Hatchback,32.97,54.5,71.0,60.0,26.0,5.8
Sedan,52.18,59.6,66.4,3.3,20.3,67.9
SUV,82.27,13.7,87.7,30.0,3.1,229.7
Two-Wheeler,3.15,44.8,91.3,3.3,19.5,35.9
Hatchback,34.07,13.9,34.3,11.0,25.6,45.0
SUV,81.94,26.2,61.4,7.2,6.8,382.4
Hatchback,38.03,56.8,65.6,7.2,-0.3,62.4
SUV,93.82,35.1,91.2,7.2,0.7,883.9
Two-Wheeler,3.83,65.9,84.6,30.0,2.9,2.4
Hatchback,37.89,35.2,84.0,60.0,8.1,29.2
Sedan,50.54,13.0,80.4,11.0,23.2,205.6
Two-Wheeler,2.6,49.1,93.2,3.3,4.4,37.8
Two-Wheeler,4.04,41.6,65.4,30.0,35.9,2.2
Two-Wheeler,3.01,33.1,69.4,7.2,42.6,12.0
SUV,98.68,18.5,24.3,7.2,40.0,62.9
Two-Wheeler,3.02,39.0,90.6,30.0,41.9,4.5
SUV,86.61,4.2,19.0,60.0,-2.6,25.8
Hatchback,35.73,2.1,80.8,11.0,20.5,165.8
SUV,92.61,44.8,75.9,11.0,45.3,259.9
Two-Wheeler,2.09,46.7,95.7,60.0,42.7,1.7
Sedan,60.26,24.8,95.6,11.0,8.3,393.8
Sedan,50.12,26.2,53.3,30.0,47.0,44.9
Sedan,48.59,30.1,48.9,60.0,17.8,12.0
Two-Wheeler,3.13,52.7,76.2,3.3,22.5,15.0
SUV,92.15,56.7,93.8,11.0,6.3,342.7
Two-Wheeler,4.35,38.9,71.6,60.0,35.5,1.5
Hatchback,27.48,58.7,89.5,11.0,2.7,82.2
Hatchback,35.97,55.1,66.3,11.0,6.5,36.0
SUV,82.44,39.1,63.1,3.3,37.2,423.7
SUV,87.61,36.5,92.5,30.0,5.7,170.1
SUV,99.67,4.2,59.4,3.3,3.9,1720.3
Two-Wheeler,2.48,6.1,11.9,3.3,33.1,2.9
Sedan,63.47,47.3,64.9,3.3,18.3,257.7
SUV,95.01,42.1,98.9,11.0,33.5,451.0
Sedan,58.45,53.3,59.3,30.0,1.8,11.7
Sedan,62.63,51.1,62.4,7.2,17.6,76.4
Hatchback,38.77,13.2,52.3,60.0,45.5,26.7
Sedan,48.94,16.3,75.7,60.0,2.3,46.0
Sedan,47.62,35.9,88.1,30.0,44.6,61.9
Hatchback,27.92,63.4,90.1,30.0,3.1,31.1
SUV,90.98,25.5,81.9,30.0,38.8,116.9
Two-Wheeler,4.22,44.2,72.6,7.2,41.6,12.4
Two-Wheeler,3.23,4.9,97.5,60.0,36.2,4.2
SUV,97.74,56.4,66.3,60.0,4.9,16.4
Hatchback,28.23,33.3,47.9,60.0,20.3,4.5
Two-Wheeler,3.61,45.5,73.0,3.3,42.5,22.9
SUV,82.35,38.2,58.4,3.3,46.0,525.7
Hatchback,37.16,64.8,86.0,7.2,-4.0,133.1
Hatchback,32.67,48.4,71.7,7.2,23.5,71.7
Sedan,44.9,56.8,63.2,7.2,3.0,43.2
SUV,86.0,38.1,66.7,11.0,23.0,161.8
SUV,99.33,38.8,64.8,60.0,37.0,29.2
Two-Wheeler,4.35,14.7,28.7,7.2,24.0,5.8
SUV,70.76,51.0,66.7,11.0,45.2,124.7
SUV,84.87,15.8,70.6,3.3,7.1,1245.3
SUV,80.01,11.3,44.6,3.3,5.5,779.4
Hatchback,27.5,7.6,14.9,30.0,7.0,6.5
Two-Wheeler,4.43,55.9,63.9,7.2,3.4,5.0
Two-Wheeler,3.32,7.2,17.5,3.3,1.3,11.1
Sedan,64.24,27.9,55.5,3.3,20.2,355.3
Sedan,52.16,25.1,52.6,11.0,-3.6,166.4
Two-Wheeler,3.67,66.0,84.7,30.0,41.7,1.7
Hatchback,34.49,16.7,38.7,11.0,22.0,50.4
SUV,92.77,33.5,40.2,7.2,-1.8,103.5
Hatchback,34.62,14.6,49.2,60.0,11.2,16.7
SUV,92.29,26.5,91.1,11.0,17.7,421.3
Two-Wheeler,3.48,62.8,82.5,11.0,44.3,5.0
Hatchback,29.43,3.4,86.2,7.2,-0.8,439.8
SUV,91.06,65.4,94.6,7.2,12.0,417.4
Hatchback,38.86,10.1,95.9,7.2,38.1,413.3
SUV,76.88,22.1,54.9,30.0,4.6,95.9
Hatchback,38.29,61.7,71.9,11.0,6.6,33.6
Sedan,57.24,52.2,88.1,3.3,19.9,438.2
SUV,99.78,57.4,89.6,30.0,1.5,132.5
Hatchback,31.94,24.5,37.2,11.0,5.6,34.0
Hatchback,39.14,57.8,77.8,30.0,36.7,19.0
SUV,99.13,65.1,73.5,7.2,39.5,82.4
Hatchback,34.36,13.3,85.1,60.0,22.3,28.2
Two-Wheeler,3.97,34.8,83.8,30.0,-2.9,7.3
Hatchback,28.46,32.6,95.8,30.0,38.8,52.2
Hatchback,38.31,60.7,68.7,11.0,19.7,18.5
Hatchback,29.39,43.5,89.4,3.3,43.4,334.4
Hatchback,27.3,15.2,28.4,11.0,46.7,33.6
Hatchback,29.77,38.5,92.8,30.0,44.6,52.8
Sedan,46.3,56.7,62.3,60.0,23.4,3.0
Two-Wheeler,4.1,22.3,89.3,60.0,12.2,4.1
Sedan,45.89,10.1,72.4,3.3,2.7,871.2
Hatchback,35.57,21.4,49.1,3.3,28.9,191.8
Hatchback,30.36,66.4,88.9,60.0,43.0,9.6
Two-Wheeler,2.19,56.7,67.0,3.3,4.4,7.8
Sedan,54.18,51.8,64.9,60.0,43.5,10.3
Sedan,51.34,17.4,73.9,7.2,31.0,251.7
Hatchback,26.11,2.0,91.2,3.3,27.9,497.7
Sedan,60.44,57.2,97.3,3.3,3.4,1028.3
Two-Wheeler,3.99,30.0,80.2,3.3,-3.4,73.5
Two-Wheeler,4.11,14.6,83.1,7.2,2.1,43.7
Two-Wheeler,2.97,18.6,49.9,30.0,10.7,2.5
Hatchback,25.62,21.6,46.9,3.3,4.4,209.3
Sedan,63.11,53.5,75.2,3.3,40.5,293.1
Sedan,47.83,47.1,58.8,11.0,22.8,32.5
SUV,86.57,12.6,35.9,11.0,38.1,134.0
Sedan,48.27,65.6,91.0,3.3,25.5,310.1
Hatchback,37.17,46.7,93.4,30.0,28.1,44.4
Two-Wheeler,2.26,36.8,98.4,3.3,35.3,34.4
Sedan,62.59,52.0,68.1,30.0,21.5,23.1
Two-Wheeler,2.56,21.4,39.2,3.3,6.5,12.4
Two-Wheeler,4.07,6.4,98.4,7.2,35.5,39.7
SUV,87.21,26.5,61.1,11.0,34.8,199.2
Hatchback,38.12,9.5,76.1,3.3,5.6,822.4
Hatchback,32.36,58.2,95.4,7.2,6.8,186.2
SUV,68.14,9.9,55.7,60.0,36.9,35.7
SUV,98.88,65.8,89.9,3.3,31.1,566.3
Sedan,59.71,33.5,52.5,30.0,39.1,29.2
Two-Wheeler,3.56,57.5,72.7,7.2,35.7,4.8
Sedan,64.97,60.9,95.8,30.0,31.1,61.7
Hatchback,29.82,39.6,74.5,30.0,23.8,22.6
Sedan,48.26,17.3,56.4,7.2,1.2,306.6
Two-Wheeler,4.09,18.4,88.8,3.3,33.2,62.3
Two-Wheeler,3.75,12.3,62.7,60.0,13.0,2.5
SUV,75.99,47.7,68.7,60.0,30.9,18.9
SUV,95.74,18.7,84.6,11.0,31.5,406.9
Hatchback,26.04,42.6,94.1,11.0,1.2,158.6
Hatchback,29.22,20.8,73.2,11.0,16.7,98.3
SUV,86.53,29.1,50.9,11.0,20.0,113.4
SUV,66.48,38.2,79.3,60.0,-0.5,59.6
SUV,95.62,39.6,53.0,7.2,34.2,125.3
SUV,93.29,41.1,60.7,30.0,18.2,45.7
SUV,87.19,29.2,84.1,30.0,35.9,104.4
Hatchback,32.04,31.4,88.4,7.2,37.8,157.7
SUV,91.2,61.2,71.8,7.2,-2.9,164.1
SUV,79.76,15.3,62.4,30.0,36.6,78.1
Two-Wheeler,4.21,43.1,91.5,30.0,17.1,5.7
Sedan,57.16,31.3,54.3,60.0,12.2,17.6
Hatchback,31.22,4.9,89.2,3.3,29.4,519.7
SUV,72.84,21.7,89.4,11.0,1.5,507.1
Two-Wheeler,2.88,2.2,51.7,7.2,1.8,23.5
Hatchback,28.76,3.0,99.3,3.3,29.0,686.4
SUV,95.38,11.8,82.8,11.0,37.8,459.6
Two-Wheeler,3.37,8.1,37.7,3.3,16.4,21.7
Two-Wheeler,3.24,45.5,74.0,30.0,16.9,2.5
Two-Wheeler,2.99,45.7,91.8,60.0,27.9,1.7
Two-Wheeler,3.48,51.5,89.9,3.3,31.8,28.3
SUV,86.16,69.2,93.9,30.0,17.8,71.1
Two-Wheeler,2.84,38.3,54.9,30.0,-0.3,1.7
Sedan,58.89,35.2,88.6,7.2,34.2,305.2
Two-Wheeler,4.4,29.6,86.5,11.0,20.9,16.3
Hatchback,32.04,20.0,53.7,30.0,3.5,34.2
Hatchback,27.6,54.0,83.7,30.0,33.3,17.2
SUV,72.11,54.3,90.0,3.3,35.0,580.8
Hatchback,31.59,49.2,66.6,60.0,35.8,5.4
SUV,92.45,43.1,62.3,7.2,10.6,223.2
Two-Wheeler,2.12,61.4,86.2,7.2,35.2,5.5
Hatchback,36.55,4.2,37.5,11.0,28.3,65.7
Two-Wheeler,4.44,53.4,78.6,7.2,17.7,11.1
SUV,66.83,31.2,51.3,30.0,45.7,44.0
Sedan,49.39,11.3,45.8,11.0,36.3,116.9
Sedan,60.51,2.3,83.9,11.0,-1.8,509.9
Two-Wheeler,4.05,3.3,56.6,60.0,38.9,2.6
Hatchback,32.06,7.5,55.9,7.2,-3.5,256.8
SUV,71.7,3.2,92.8,7.2,24.5,638.2
SUV,86.93,30.1,75.8,30.0,8.4,113.4
SUV,97.11,36.7,55.3,7.2,28.9,160.1
Two-Wheeler,4.16,54.2,87.9,11.0,19.9,9.7
SUV,86.0,41.2,46.5,3.3,2.3,153.5
Two-Wheeler,2.01,30.4,66.2,7.2,18.2,7.5
Two-Wheeler,4.04,21.8,49.7,11.0,23.8,6.0
SUV,80.84,28.3,87.9,7.2,40.0,514.0
Sedan,63.92,36.2,99.6,11.0,35.4,328.3
Sedan,43.98,56.8,73.5,7.2,30.8,69.8
SUV,91.28,6.3,41.3,60.0,22.6,38.8
SUV,84.23,57.0,78.5,30.0,-2.1,64.2
SUV,93.29,28.7,72.7,11.0,12.5,315.3
SUV,90.96,21.1,48.4,3.3,13.8,577.8
Sedan,57.07,47.9,72.9,11.0,20.5,87.0
Two-Wheeler,4.19,33.3,96.2,11.0,3.3,30.5
Hatchback,35.22,47.1,53.1,30.0,34.3,4.7
Sedan,62.78,23.5,56.6,3.3,5.0,620.7
SUV,97.24,40.2,60.3,30.0,-1.2,81.6
Hatchback,39.61,7.4,46.4,30.0,30.4,31.8
Two-Wheeler,3.16,20.2,61.3,30.0,15.2,3.4
Sedan,52.4,67.2,87.0,3.3,7.6,283.0
SUV,91.29,9.4,87.3,7.2,4.6,1039.4
Sedan,54.48,20.0,25.0,60.0,-4.6,5.4
SUV,81.97,64.7,92.8,11.0,44.0,211.4
Sedan,54.15,27.3,46.6,11.0,39.3,67.7
Two-Wheeler,3.12,17.3,66.0,7.2,14.0,16.0
SUV,79.41,53.0,96.0,11.0,38.3,272.7
Sedan,56.55,57.5,99.2,7.2,19.2,324.2
Two-Wheeler,2.22,19.2,25.3,7.2,22.0,1.3
Hatchback,34.23,13.4,73.4,30.0,4.9,68.0
Hatchback,25.4,25.2,74.7,60.0,14.6,16.1
Hatchback,34.03,37.2,93.4,30.0,0.7,87.7
SUV,66.29,68.6,93.0,7.2,6.5,260.1
Hatchback,35.27,25.8,94.5,7.2,6.0,320.2
Sedan,62.12,21.9,62.2,60.0,41.8,31.2
SUV,88.12,64.6,85.3,30.0,4.6,59.6
SUV,82.22,23.3,76.1,30.0,18.9,103.9
Two-Wheeler,3.79,39.7,49.0,7.2,19.9,3.4
Hatchback,36.02,5.4,55.2,30.0,46.0,62.8
SUV,70.29,2.4,56.5,60.0,7.7,58.1
Hatchback,35.3,47.8,84.8,30.0,34.6,28.9
Sedan,53.95,25.8,63.1,60.0,18.3,22.1
SUV,78.47,9.6,85.5,11.0,35.1,355.7
Hatchback,39.24,60.3,66.3,60.0,14.7,2.9
Sedan,55.87,48.1,89.1,30.0,45.3,79.1
Hatchback,37.22,25.0,87.0,60.0,1.2,44.3
Sedan,50.72,33.3,97.0,60.0,14.2,45.4
Hatchback,32.84,15.6,25.7,3.3,38.1,66.9
Sedan,42.62,36.4,78.4,11.0,18.8,109.8
Sedan,42.73,9.9,57.1,7.2,2.4,336.6
Two-Wheeler,4.01,32.6,72.1,3.3,25.9,32.2
SUV,78.39,38.4,63.7,7.2,2.2,306.8
Sedan,41.66,63.6,73.9,30.0,0.2,17.5
Two-Wheeler,2.55,55.5,85.9,60.0,22.5,1.0
SUV,89.87,28.8,69.2,3.3,-2.3,1338.2
Two-Wheeler,3.32,35.7,60.7,30.0,13.1,2.1
Two-Wheeler,2.11,2.1,10.0,30.0,5.8,1.0
Sedan,50.52,29.8,72.4,30.0,26.6,43.8
Two-Wheeler,4.06,59.4,95.7,60.0,24.4,1.9
Two-Wheeler,2.5,26.5,94.0,30.0,22.7,3.9
Sedan,44.02,26.2,68.7,11.0,21.8,109.0
SUV,80.58,4.0,45.8,3.3,29.3,696.9
Sedan,55.76,16.8,52.6,60.0,0.1,41.5
Sedan,56.88,55.0,84.9,60.0,43.1,23.0
Hatchback,27.84,28.9,56.5,3.3,22.9,156.7
SUV,65.26,55.8,76.2,30.0,-4.7,59.1
SUV,90.37,61.7,67.9,11.0,8.9,39.9
SUV,98.1,56.8,75.7,3.3,31.4,387.7
SUV,65.5,58.0,89.8,7.2,3.5,363.3
Sedan,55.07,46.0,64.6,3.3,36.4,230.1
Sedan,56.0,32.7,55.9,30.0,5.8,39.7
Two-Wheeler,2.7,67.8,94.8,30.0,1.7,3.6
Hatchback,26.54,67.6,90.1,11.0,-1.5,70.3
SUV,82.17,18.8,87.2,7.2,33.2,530.3
Sedan,49.63,56.8,76.1,3.3,15.1,253.9
Sedan,61.52,29.7,72.9,30.0,18.9,60.7
SUV,94.47,28.6,72.2,3.3,40.4,942.8
Hatchback,34.28,35.7,56.1,3.3,-2.8,258.1
Two-Wheeler,4.35,26.1,58.6,30.0,3.6,5.4
Hatchback,39.36,35.7,53.1,60.0,25.4,8.1
Two-Wheeler,2.21,7.0,45.3,7.2,44.1,10.1
SUV,73.2,51.9,74.4,30.0,-1.9,66.1
Sedan,61.34,59.1,74.4,3.3,27.4,178.2
Two-Wheeler,3.62,53.7,90.7,3.3,2.9,47.2
SUV,68.16,7.5,17.5,3.3,12.7,154.1
Hatchback,29.95,11.5,95.6,30.0,41.4,60.7
Two-Wheeler,4.4,26.2,38.0,3.3,33.5,9.4
SUV,76.25,30.2,52.6,7.2,10.3,216.5
Two-Wheeler,3.73,48.7,77.9,30.0,13.6,2.9
Hatchback,27.12,10.6,77.4,3.3,26.4,382.0
Two-Wheeler,4.07,10.3,47.7,11.0,35.3,9.0
SUV,72.85,66.4,83.0,11.0,41.5,90.2
Sedan,40.42,34.5,55.2,60.0,9.5,11.7
Sedan,50.27,45.1,65.1,7.2,9.5,107.4
Sedan,40.0,52.8,72.1,30.0,25.5,17.4
SUV,87.65,64.6,70.5,11.0,13.5,36.7
Sedan,55.42,17.6,48.2,60.0,40.5,20.5
Sedan,43.31,55.1,83.1,7.2,46.1,170.9
Two-Wheeler,2.73,34.8,59.2,7.2,-1.1,10.3
Hatchback,37.23,18.0,58.3,7.2,30.7,137.9
SUV,94.65,41.7,72.4,11.0,39.5,203.8
Two-Wheeler,3.02,43.6,75.7,60.0,11.1,1.3
Sedan,47.51,62.5,99.7,60.0,11.3,31.3
Two-Wheeler,2.43,54.5,61.0,60.0,7.5,1.0
Two-Wheeler,4.3,13.9,33.0,7.2,31.7,7.1
Sedan,59.33,4.1,84.0,7.2,33.3,442.8
Sedan,63.53,28.5,82.2,30.0,33.5,76.5
Two-Wheeler,3.95,60.9,78.3,60.0,39.6,1.0
Two-Wheeler,2.06,44.1,54.8,60.0,33.1,1.0
Sedan,61.82,27.0,87.1,60.0,31.1,43.0
SUV,72.36,6.3,57.2,7.2,23.6,374.7
SUV,65.48,59.8,93.0,60.0,35.2,29.7
Hatchback,37.94,52.6,92.9,3.3,7.5,456.2
Two-Wheeler,3.6,53.2,65.4,11.0,4.2,4.1
Hatchback,28.6,6.9,43.3,3.3,30.8,216.0
Sedan,42.1,53.6,74.8,7.2,8.3,118.0
Sedan,49.32,67.2,79.3,60.0,0.6,11.4
Two-Wheeler,3.34,41.6,98.3,30.0,21.8,5.5
Sedan,45.2,41.5,92.2,30.0,20.3,53.2
Sedan,43.17,22.9,64.3,11.0,8.5,147.3
Hatchback,31.02,28.6,99.8,11.0,0.9,299.9
Two-Wheeler,2.33,64.4,90.0,60.0,23.0,1.0
Sedan,60.65,5.9,79.4,7.2,38.9,479.0
SUV,90.99,51.2,56.7,3.3,42.3,123.0
Sedan,41.77,18.2,76.2,60.0,2.3,46.7
Hatchback,37.4,4.6,66.8,3.3,25.9,473.6
Hatchback,29.49,67.1,94.0,7.2,43.9,121.9
SUV,98.75,32.8,94.2,60.0,-2.7,152.4
Hatchback,31.81,31.8,70.7,11.0,23.5,67.1
SUV,76.07,49.7,84.1,7.2,39.0,262.2
SUV,98.04,5.0,71.2,3.3,12.1,1541.1
Two-Wheeler,3.05,11.8,79.6,60.0,-3.9,4.2
Two-Wheeler,3.09,44.2,68.6,11.0,15.7,5.7
Two-Wheeler,2.04,65.9,81.3,60.0,14.3,1.0
SUV,86.58,63.4,95.1,7.2,22.3,357.8
Hatchback,36.64,13.6,22.3,7.2,23.7,27.9
Sedan,42.53,2.6,70.0,30.0,21.5,59.0
Hatchback,26.85,3.6,49.2,7.2,0.3,207.7
SUV,97.23,38.8,82.9,3.3,1.9,1386.0
Sedan,53.01,41.1,63.9,7.2,9.5,129.7
Hatchback,27.07,26.4,52.3,7.2,17.4,81.4
Two-Wheeler,3.75,12.7,21.4,30.0,36.9,1.0
Hatchback,31.84,50.7,63.0,7.2,42.8,39.7
SUV,74.99,51.3,72.8,60.0,39.3,21.6
Sedan,58.85,41.8,60.1,60.0,8.8,14.9
Hatchback,27.08,15.9,29.3,60.0,5.7,5.9
Hatchback,26.43,62.0,99.1,60.0,9.9,21.6
SUV,72.2,51.7,81.8,11.0,0.9,233.0
SUV,70.47,68.8,76.5,7.2,-1.8,96.3
Two-Wheeler,3.08,48.6,70.6,7.2,24.6,6.2
Two-Wheeler,4.36,54.7,89.6,7.2,11.1,20.4
Hatchback,38.2,50.3,75.7,60.0,-1.1,18.6
SUV,77.57,3.6,48.4,3.3,26.7,793.3
Hatchback,28.39,37.3,98.8,11.0,18.6,135.6
Sedan,52.05,48.8,95.3,30.0,18.4,68.8
SUV,92.63,3.7,8.7,60.0,41.8,5.6
Sedan,47.31,55.6,92.2,60.0,40.4,25.6
Hatchback,35.21,43.1,65.4,3.3,6.1,225.2
SUV,79.78,44.4,98.6,3.3,30.6,1127.2
Hatchback,29.77,21.9,86.8,3.3,15.0,426.5
SUV,65.63,2.2,51.3,60.0,-1.3,70.2
Sedan,61.11,54.0,86.5,60.0,-2.5,36.3
Hatchback,26.47,22.5,63.9,11.0,-4.3,120.5
Sedan,51.59,2.1,59.6,7.2,5.5,376.6
Two-Wheeler,3.01,44.4,82.6,7.2,-3.4,18.5
Sedan,45.16,38.2,68.6,60.0,40.0,17.9
Hatchback,34.79,40.2,61.2,60.0,26.6,8.1
Hatchback,29.27,47.6,88.8,11.0,44.2,103.3
Hatchback,37.69,60.6,91.1,60.0,9.2,18.3
Two-Wheeler,3.85,16.0,33.4,11.0,9.7,4.9
SUV,96.07,2.9,15.3,11.0,12.2,89.9
Hatchback,35.76,69.6,79.7,11.0,9.1,28.4
SUV,89.63,41.7,92.3,7.2,-3.2,944.7
Two-Wheeler,2.06,36.0,64.7,60.0,8.5,1.0
Two-Wheeler,2.66,2.6,61.2,3.3,40.6,32.9
Hatchback,31.14,34.2,74.8,30.0,46.7,48.1
SUV,80.12,4.3,58.2,30.0,30.0,94.8
SUV,75.51,17.0,29.1,30.0,32.3,21.4
Hatchback,35.1,49.1,61.5,11.0,5.2,41.9
SUV,65.55,38.8,65.0,60.0,29.9,19.1
SUV,76.59,65.0,87.7,60.0,17.0,25.7
SUV,69.85,49.9,81.0,11.0,25.0,127.7
Sedan,49.16,23.7,46.6,30.0,25.5,24.1
Hatchback,36.74,16.2,34.2,3.3,40.0,141.2
Sedan,48.76,44.0,96.5,30.0,10.0,90.4
Sedan,62.44,21.1,62.4,3.3,23.3,509.0
Hatchback,32.82,67.2,77.8,7.2,26.7,31.6
Two-Wheeler,2.17,24.5,44.0,7.2,37.3,4.2
Two-Wheeler,3.73,66.4,80.0,11.0,-1.5,5.1
Two-Wheeler,4.11,34.3,48.3,60.0,22.9,1.0
SUV,67.89,23.9,78.0,7.2,46.9,490.7
Sedan,51.42,47.1,93.5,60.0,24.5,28.9
SUV,93.1,39.6,62.8,7.2,25.9,202.7
Two-Wheeler,4.07,29.2,52.2,7.2,16.7,9.6
Two-Wheeler,2.46,26.1,35.2,3.3,-1.0,8.0
Hatchback,34.61,15.4,50.4,3.3,32.4,249.8
Sedan,64.9,42.6,82.2,7.2,22.4,266.0
Sedan,41.68,57.5,62.7,3.3,24.8,43.4
Hatchback,34.76,39.2,75.4,7.2,3.3,189.0
Sedan,40.58,42.5,74.6,30.0,13.2,35.3
SUV,78.37,7.4,96.7,30.0,1.9,313.9
Hatchback,30.47,37.0,43.8,3.3,33.9,40.7
Two-Wheeler,3.98,42.2,71.3,11.0,12.8,8.1
Sedan,54.8,44.9,72.0,60.0,14.8,19.4
Hatchback,31.38,18.4,26.8,3.3,23.9,48.2
Hatchback,36.76,42.8,47.8,11.0,35.4,11.0
SUV,96.14,9.4,65.7,11.0,10.0,429.4
SUV,74.93,2.1,52.9,11.0,11.5,271.2
Sedan,50.04,34.0,67.4,3.3,33.0,311.3
Sedan,49.9,60.3,87.0,3.3,47.1,401.4
Two-Wheeler,2.19,20.7,69.1,30.0,22.7,2.3
Hatchback,28.1,31.1,91.5,60.0,39.4,22.6
SUV,99.76,26.3,39.3,30.0,2.0,47.3
SUV,80.85,43.6,67.0,60.0,32.9,21.1
Hatchback,27.78,33.9,65.2,11.0,27.0,52.4
Hatchback,38.5,22.0,35.8,60.0,-1.6,10.4
Hatchback,38.33,64.9,76.8,7.2,35.2,44.5
Two-Wheeler,4.18,69.2,99.2,7.2,34.3,20.3
Sedan,64.82,20.8,58.3,7.2,9.0,324.2
Two-Wheeler,4.02,36.3,66.0,3.3,14.2,24.5
Sedan,62.56,59.2,80.2,30.0,39.2,31.4
Sedan,56.86,29.2,66.2,30.0,31.7,45.6
Two-Wheeler,2.89,41.8,91.4,30.0,-3.8,6.5
Hatchback,26.59,16.0,80.2,11.0,-3.6,202.2
Two-Wheeler,2.29,28.5,97.7,3.3,23.9,38.9
Two-Wheeler,3.42,44.1,62.8,11.0,5.5,4.9
SUV,93.58,42.3,83.8,30.0,20.7,84.0
Hatchback,28.54,65.5,80.7,30.0,27.0,10.2
Hatchback,26.7,62.1,71.6,60.0,2.7,4.4
SUV,86.41,33.5,96.0,7.2,36.5,574.2
Two-Wheeler,2.56,43.9,87.3,60.0,32.3,1.2
Sedan,53.91,65.1,74.5,60.0,13.9,6.6
SUV,80.5,54.6,81.3,7.2,4.9,310.7
Sedan,47.58,11.3,86.2,7.2,10.0,408.7
Sedan,48.3,68.0,78.1,60.0,29.3,5.9
Two-Wheeler,2.57,19.5,44.3,60.0,45.0,1.0
SUV,77.25,26.6,59.5,11.0,13.3,204.4
SUV,80.44,36.4,62.3,11.0,35.0,128.8
SUV,72.34,4.1,82.7,11.0,40.3,410.3
Sedan,48.95,48.5,62.2,7.2,46.9,90.1
SUV,67.41,23.6,46.5,60.0,8.8,21.0
Hatchback,26.79,68.8,80.2,11.0,-1.2,32.2
SUV,97.14,3.2,74.8,11.0,8.8,577.3
Sedan,58.7,40.0,56.1,30.0,-4.7,42.6
SUV,79.79,16.5,81.3,11.0,-1.2,586.0
SUV,72.81,34.9,71.1,30.0,26.3,58.9
SUV,67.36,25.5,74.2,11.0,12.7,244.8
SUV,70.01,17.7,90.4,3.3,31.1,1110.5
Hatchback,38.78,62.4,80.4,7.2,34.9,67.2
Sedan,48.22,39.1,66.9,7.2,35.4,122.4
Sedan,48.91,47.6,55.2,7.2,13.1,39.6
Two-Wheeler,2.29,7.2,81.3,60.0,-0.3,3.5
Two-Wheeler,4.05,14.4,26.2,7.2,7.1,5.9
Hatchback,29.29,16.0,33.4,60.0,6.7,8.2
Two-Wheeler,2.05,61.8,68.2,60.0,38.8,1.0
Hatchback,36.99,19.4,90.8,3.3,34.9,617.0
SUV,73.43,29.8,80.2,60.0,11.8,49.2
Sedan,56.57,25.3,34.1,7.2,46.3,67.2
SUV,69.54,52.0,66.5,7.2,27.1,94.7
Two-Wheeler,2.71,6.2,39.6,7.2,26.7,8.0
Two-Wheeler,3.81,15.9,62.9,60.0,15.7,2.2
Two-Wheeler,2.27,16.6,33.4,11.0,4.2,3.5
Sedan,56.28,69.0,89.0,60.0,10.0,19.5
Sedan,42.56,66.4,90.0,3.3,44.2,280.3
Sedan,45.87,25.3,93.0,30.0,16.8,84.4
Sedan,61.77,2.6,22.2,60.0,43.7,17.0
Two-Wheeler,2.16,3.7,95.7,11.0,20.1,13.3
SUV,73.3,40.1,93.2,7.2,10.3,433.4
Sedan,41.0,27.8,70.2,11.0,-4.7,193.0
SUV,90.2,56.5,93.8,3.3,30.7,901.8
Hatchback,31.37,7.9,74.5,7.2,-3.7,366.5
SUV,87.75,25.3,61.2,11.0,26.1,203.6
Hatchback,28.82,59.6,66.6,30.0,9.4,6.1
SUV,87.29,38.1,89.3,11.0,25.1,314.7
SUV,90.74,36.2,67.2,11.0,23.0,185.1
SUV,94.9,16.1,23.7,7.2,34.3,62.9
Sedan,51.72,68.3,83.2,30.0,16.5,20.4
SUV,84.44,67.7,79.2,11.0,2.9,103.2
Hatchback,35.7,67.0,91.3,11.0,47.3,100.3
Sedan,47.66,55.5,67.9,7.2,5.4,78.2
Sedan,56.16,62.5,72.0,7.2,24.0,47.2
Sedan,47.73,41.4,76.1,7.2,29.1,159.8
Sedan,58.58,47.4,56.2,3.3,13.3,125.8
Hatchback,29.26,18.5,92.4,3.3,42.4,518.8
SUV,99.99,29.9,68.9,30.0,29.5,85.4
SUV,67.25,50.5,66.7,30.0,8.5,31.7
Hatchback,27.39,23.4,79.7,30.0,3.1,62.0
SUV,85.51,7.5,96.0,11.0,43.1,662.4
SUV,92.76,10.3,64.2,30.0,40.1,125.6
SUV,66.67,64.5,99.3,60.0,3.3,65.4
SUV,70.58,24.7,85.8,60.0,16.7,61.9
Two-Wheeler,4.43,11.6,95.7,11.0,24.9,25.0
SUV,87.45,59.1,92.4,3.3,-4.5,1158.5
Two-Wheeler,2.38,50.0,98.0,3.3,28.6,29.2
Sedan,49.47,10.5,87.2,7.2,5.3,521.6
Hatchback,26.9,29.9,68.5,30.0,-0.7,40.8
SUV,88.39,16.9,49.8,11.0,30.0,175.1
Sedan,47.09,9.2,17.6,3.3,47.3,134.8
Sedan,46.37,2.5,76.9,11.0,33.4,198.2
Two-Wheeler,2.34,50.4,70.1,3.3,-1.6,16.0
Sedan,60.94,61.6,87.9,3.3,15.4,390.8
SUV,92.72,36.7,97.6,30.0,10.4,222.4
Two-Wheeler,4.23,66.4,82.7,60.0,32.1,1.0
Two-Wheeler,2.46,30.7,94.9,30.0,38.0,4.3
Two-Wheeler,3.0,11.4,22.2,3.3,43.0,7.2
Sedan,57.92,7.0,46.9,3.3,7.2,659.3
Hatchback,35.8,35.1,89.3,11.0,43.6,151.4
SUV,97.52,58.6,74.3,60.0,4.2,27.5
Hatchback,37.35,45.8,91.6,60.0,32.5,21.0
Hatchback,31.91,4.3,17.7,3.3,23.7,82.1
Two-Wheeler,3.13,49.6,61.3,60.0,39.9,1.0
SUV,87.7,38.7,75.4,11.0,34.5,206.7
SUV,97.27,26.1,49.8,7.2,11.5,257.0
Hatchback,37.66,40.2,98.2,7.2,-0.6,448.9
SUV,81.06,28.0,78.6,3.3,34.5,751.1
Sedan,50.49,18.5,75.2,3.3,22.4,536.7
Hatchback,30.67,64.0,93.1,60.0,2.9,18.2
Hatchback,35.64,49.8,94.8,11.0,35.3,120.7
Sedan,64.33,47.0,89.1,7.2,40.5,280.1
Two-Wheeler,4.09,64.7,92.6,7.2,20.6,12.2
SUV,78.91,62.2,85.8,11.0,15.8,117.5
Two-Wheeler,3.53,17.6,61.3,60.0,19.7,1.7
Hatchback,29.02,35.5,66.7,30.0,19.7,22.7
Hatchback,27.14,21.6,83.3,30.0,43.1,45.4
SUV,97.68,12.1,98.3,3.3,38.9,2317.7
SUV,99.21,19.3,65.1,3.3,7.5,1146.0
Two-Wheeler,3.64,5.2,63.6,60.0,30.0,2.4
Sedan,55.67,2.6,95.4,30.0,18.6,142.0
SUV,78.11,22.9,49.4,3.3,37.0,440.7
SUV,89.78,51.2,78.7,3.3,47.8,769.1
SUV,66.01,23.8,64.3,3.3,-0.9,1067.6
SUV,92.89,47.7,84.0,60.0,33.7,41.9
Hatchback,29.6,8.8,62.2,11.0,20.0,101.8
SUV,92.55,19.4,56.6,7.2,3.5,504.1
Hatchback,26.0,21.4,98.6,30.0,20.2,48.7
Two-Wheeler,2.49,27.1,59.3,30.0,7.2,2.1
SUV,68.8,10.8,64.1,30.0,18.8,83.7
SUV,89.67,59.8,83.2,3.3,39.6,495.9
Sedan,49.44,32.4,91.6,3.3,12.7,770.6
Sedan,46.27,45.7,66.8,60.0,45.4,16.1
SUV,84.25,68.6,99.8,30.0,37.1,100.8
Sedan,61.36,45.4,94.0,11.0,37.4,223.1
Two-Wheeler,2.81,49.3,76.3,3.3,-2.7,24.5
SUV,79.33,33.4,69.4,3.3,2.4,1046.7
Sedan,57.45,66.7,79.0,60.0,3.5,12.0
Hatchback,27.43,65.8,88.3,30.0,37.6,16.7
Two-Wheeler,3.11,38.6,87.2,30.0,7.6,4.6
SUV,91.13,18.2,30.1,30.0,-1.1,44.3
Two-Wheeler,4.5,67.4,73.2,3.3,33.4,5.2
Sedan,46.01,58.5,96.1,7.2,-2.9,379.6
Sedan,53.05,8.0,85.2,11.0,44.5,317.3
SUV,88.67,42.2,90.5,60.0,20.1,50.9
Sedan,57.8,12.8,37.8,7.2,20.4,134.1
Two-Wheeler,2.48,60.5,85.9,7.2,15.0,6.9
Sedan,42.77,40.6,62.2,60.0,23.7,9.4
SUV,82.97,21.8,65.9,3.3,0.8,1263.2
Hatchback,28.17,54.3,60.9,11.0,26.4,11.1
Two-Wheeler,2.62,7.2,76.5,3.3,32.4,37.6
SUV,95.81,15.7,44.8,3.3,31.3,587.9
Two-Wheeler,2.06,59.7,77.5,60.0,3.0,1.0
Hatchback,32.93,6.0,94.8,60.0,2.6,55.8
Two-Wheeler,4.07,12.4,32.2,3.3,45.0,23.8
Hatchback,33.8,18.5,61.3,7.2,12.7,133.1
Sedan,48.71,11.8,46.4,30.0,35.2,38.0
Two-Wheeler,4.44,58.1,98.8,30.0,28.2,6.2
Sedan,44.95,7.8,39.1,30.0,14.2,38.9
Two-Wheeler,2.01,64.4,87.4,7.2,6.2,6.3
Sedan,62.66,17.7,95.4,3.3,9.0,1451.2
Two-Wheeler,3.21,27.1,54.8,3.3,47.6,29.9
SUV,91.34,10.8,93.8,7.2,17.6,914.4
Hatchback,27.33,65.3,79.4,7.2,2.6,61.2
Hatchback,26.41,47.5,52.8,7.2,39.1,15.0
SUV,81.58,19.8,64.9,7.2,25.3,349.3
Sedan,59.67,6.7,93.1,11.0,4.8,530.6
SUV,68.67,26.5,94.4,11.0,39.2,397.0
Sedan,54.72,17.8,72.8,7.2,8.8,381.3
SUV,78.51,46.8,67.5,30.0,3.2,62.6
Two-Wheeler,2.57,48.1,87.8,7.2,19.2,9.5
SUV,68.05,33.3,94.4,60.0,6.7,73.7
Hatchback,36.64,58.6,95.6,60.0,4.1,28.2
Hatchback,28.4,4.9,26.0,60.0,34.3,6.4
Hatchback,29.75,44.3,50.6,60.0,44.6,2.7
Hatchback,29.26,7.6,18.1,30.0,38.2,7.1
Two-Wheeler,2.66,38.8,58.5,60.0,-2.3,1.1
Sedan,50.88,42.9,64.2,7.2,24.9,99.8
Two-Wheeler,2.88,8.1,13.7,3.3,-2.3,6.2
Two-Wheeler,4.17,53.6,59.0,3.3,25.4,4.5
Hatchback,39.82,33.1,39.8,3.3,40.1,62.6
SUV,89.71,55.0,89.4,11.0,21.2,194.3
Hatchback,28.89,2.3,40.5,11.0,-0.6,114.5
Two-Wheeler,4.36,9.2,37.7,11.0,39.0,7.7
SUV,83.98,43.1,56.4,30.0,13.7,27.6
Two-Wheeler,2.47,28.3,78.3,3.3,22.0,25.8
SUV,66.09,63.3,94.4,30.0,9.4,66.6
Hatchback,38.6,28.0,59.6,7.2,43.3,151.5
Two-Wheeler,3.57,56.0,74.2,3.3,22.9,12.8
SUV,99.97,36.5,79.1,11.0,37.1,272.9
Sedan,64.32,51.8,73.8,3.3,-4.1,494.4
Two-Wheeler,2.99,39.7,53.6,3.3,28.9,7.7
SUV,94.16,32.2,71.6,60.0,21.7,40.9
Two-Wheeler,3.69,45.4,61.3,60.0,3.1,1.0
Two-Wheeler,2.18,44.5,85.1,3.3,1.3,28.3
Hatchback,38.94,34.4,87.4,30.0,11.9,59.2
Two-Wheeler,4.11,54.8,71.2,11.0,2.9,6.7
Two-Wheeler,3.7,34.4,43.9,3.3,31.5,7.9
SUV,72.3,2.2,19.3,60.0,9.3,17.8
Sedan,42.96,68.7,76.6,7.2,13.8,36.4
Sedan,47.99,68.0,86.5,30.0,-4.6,38.1
Two-Wheeler,2.7,57.2,63.9,60.0,2.8,1.0
Hatchback,25.78,13.4,77.4,60.0,23.1,19.0
SUV,98.09,13.7,40.3,3.3,12.2,655.4
SUV,76.95,43.3,67.3,11.0,1.2,212.0
Sedan,48.05,3.1,63.0,11.0,36.5,184.2
SUV,70.42,68.1,78.8,30.0,9.1,22.2
Sedan,51.06,15.3,80.0,3.3,35.2,767.4
Hatchback,29.65,58.3,81.9,11.0,21.3,39.6
SUV,77.62,49.5,93.0,7.2,47.6,571.7
Two-Wheeler,3.92,23.8,67.3,11.0,30.9,9.9
Two-Wheeler,2.89,41.3,60.8,7.2,6.0,7.5
SUV,96.01,63.5,94.4,60.0,2.3,63.4
Sedan,53.04,51.8,66.5,11.0,44.3,55.4
SUV,95.25,37.6,85.9,11.0,34.7,277.1
Two-Wheeler,2.98,26.7,86.6,60.0,25.7,1.9
Two-Wheeler,2.5,33.1,98.1,11.0,10.4,14.6
Sedan,52.03,21.6,77.0,3.3,2.2,856.2
SUV,66.45,57.4,96.5,3.3,35.5,659.5
SUV,96.43,33.7,85.8,3.3,27.6,1011.1
SUV,69.13,30.1,67.1,7.2,47.1,392.4
Sedan,53.12,3.6,38.7,11.0,17.4,130.1
Sedan,40.85,22.0,88.1,7.2,37.8,281.4
Two-Wheeler,4.31,13.7,29.2,30.0,-3.8,2.7
Sedan,60.35,38.8,62.5,60.0,37.8,17.3
SUV,68.12,59.9,90.0,3.3,28.1,508.4
SUV,78.47,57.4,96.9,3.3,22.2,904.2
Sedan,49.88,23.7,37.2,60.0,-4.3,13.2
Hatchback,28.51,13.0,61.3,30.0,18.1,32.0
Hatchback,37.89,68.9,83.2,7.2,32.0,57.6
SUV,96.78,35.9,73.8,3.3,23.6,711.8
SUV,90.63,8.5,62.2,30.0,45.7,180.9
Sedan,44.97,25.6,41.0,30.0,38.6,17.1
SUV,67.22,67.6,99.1,60.0,30.7,38.8
SUV,75.97,12.5,20.1,11.0,-2.8,62.6
Hatchback,25.81,9.6,71.4,7.2,44.8,190.1
Two-Wheeler,4.43,50.2,87.6,30.0,27.6,4.2
SUV,92.4,30.2,45.3,7.2,34.2,125.2
Two-Wheeler,4.3,52.7,80.0,60.0,44.8,1.7
SUV,80.11,41.6,82.9,3.3,38.2,740.3
SUV,86.0,66.8,81.6,60.0,27.7,14.6
Two-Wheeler,2.39,5.4,20.4,11.0,21.2,2.1
Sedan,57.82,4.7,22.0,11.0,35.3,59.1
SUV,91.09,67.5,98.5,30.0,29.2,106.2
Two-Wheeler,3.58,31.3,45.7,3.3,6.4,14.5
Sedan,59.69,63.3,90.1,3.3,-1.7,733.8
SUV,74.7,44.8,56.7,30.0,32.5,20.6
Sedan,63.8,31.8,91.0,11.0,36.0,265.0
Two-Wheeler,4.28,25.9,85.7,60.0,6.9,4.0
Two-Wheeler,3.21,5.9,25.2,7.2,45.4,8.0
SUV,72.23,8.0,80.9,60.0,13.5,66.7
SUV,76.08,34.2,77.8,60.0,-0.3,71.8
SUV,71.13,31.3,65.6,11.0,29.0,145.0
Sedan,49.56,67.9,94.3,30.0,-3.5,64.9
Hatchback,26.25,35.0,60.4,7.2,46.6,96.6
Hatchback,39.56,36.9,46.2,7.2,-0.7,59.2
SUV,86.85,59.8,88.8,11.0,40.7,165.5
SUV,69.71,34.8,65.9,30.0,23.7,48.5
Sedan,49.81,39.9,66.7,30.0,42.8,37.1
Sedan,55.34,28.2,87.2,30.0,44.2,91.7
Sedan,50.91,64.1,96.2,60.0,35.4,22.3
Two-Wheeler,3.28,39.6,67.7,30.0,30.2,2.1
Two-Wheeler,3.26,26.0,41.2,30.0,8.5,1.4
Two-Wheeler,2.08,24.4,55.3,7.2,7.4,8.1
Sedan,58.66,67.2,75.5,30.0,11.5,13.8
SUV,65.57,16.0,67.4,30.0,14.0,90.8
SUV,94.36,28.7,52.2,30.0,23.6,53.5
Two-Wheeler,3.13,16.8,22.4,3.3,31.0,3.6
Two-Wheeler,3.41,68.9,80.9,3.3,33.7,8.3
SUV,65.02,22.0,98.3,60.0,30.5,71.8
Hatchback,38.47,35.1,49.5,30.0,8.7,17.2
SUV,75.92,11.9,25.7,3.3,22.7,218.6
Sedan,43.63,4.6,11.8,3.3,4.5,84.7
Sedan,47.61,40.4,86.0,3.3,30.9,503.6
Two-Wheeler,2.0,4.6,18.4,7.2,46.7,3.6
SUV,99.48,59.4,78.9,30.0,41.4,49.0
Two-Wheeler,3.37,64.3,93.4,3.3,16.3,30.0
SUV,88.96,24.7,43.4,11.0,11.6,125.1
Hatchback,28.96,13.2,24.1,60.0,35.0,3.4
Sedan,41.13,7.5,92.5,11.0,25.6,231.4
Two-Wheeler,2.6,6.3,15.7,7.2,33.2,2.3
Hatchback,33.06,23.8,62.9,7.2,40.8,126.4
SUV,74.24,14.7,25.5,30.0,31.3,18.0
Hatchback,26.99,43.0,48.7,30.0,7.4,5.1
Sedan,49.43,40.2,85.1,3.3,32.4,460.8
SUV,78.17,18.4,46.8,3.3,13.2,547.1
Hatchback,25.14,22.3,46.5,11.0,7.5,48.7
Hatchback,27.26,59.9,78.4,7.2,4.8,69.6
SUV,98.09,61.7,89.8,30.0,3.5,119.3
SUV,84.23,64.3,69.5,3.3,41.4,104.5
Sedan,61.4,38.5,68.8,3.3,21.5,372.8
Two-Wheeler,3.65,61.9,89.9,3.3,39.6,22.6
SUV,91.98,54.5,73.7,3.3,16.7,382.8
Two-Wheeler,4.47,34.2,87.2,60.0,19.7,2.7
Sedan,63.42,69.8,83.1,30.0,46.9,28.1
SUV,65.11,48.5,63.8,7.2,7.3,123.0
Sedan,50.41,56.4,62.4,3.3,28.1,60.1
SUV,78.67,57.2,89.6,60.0,41.5,35.4
Sedan,40.94,38.3,72.9,11.0,27.1,85.5
Hatchback,31.81,42.5,82.2,11.0,14.2,89.1
SUV,91.79,56.2,72.5,7.2,8.8,174.0
Sedan,40.27,31.1,55.7,30.0,35.6,22.7
SUV,88.15,59.3,99.7,30.0,20.3,115.5
Hatchback,37.67,37.2,48.5,30.0,46.9,13.5
SUV,73.94,35.5,97.1,60.0,30.9,66.9
Two-Wheeler,2.73,4.2,62.5,7.2,17.8,17.2
Two-Wheeler,4.35,59.7,79.9,7.2,46.9,11.4
SUV,78.58,61.5,75.5,7.2,6.8,129.1
Sedan,59.09,52.3,86.5,30.0,-0.2,84.0
Sedan,43.31,68.8,74.6,7.2,-3.3,39.7
Two-Wheeler,4.44,10.1,48.6,60.0,33.9,1.9
SUV,76.52,42.4,49.3,7.2,35.2,51.2
Sedan,57.09,45.9,88.6,60.0,-1.0,51.3
SUV,92.2,59.7,78.2,11.0,37.1,123.0
Sedan,46.16,63.4,85.6,3.3,20.5,226.0
SUV,69.14,8.8,24.3,3.3,19.0,231.8
Hatchback,37.59,64.9,75.8,30.0,21.7,8.9
Sedan,55.38,30.7,80.1,7.2,39.5,260.0
SUV,66.48,68.8,90.5,60.0,-2.7,33.7
Sedan,59.96,17.3,86.5,7.2,11.6,425.7
Sedan,57.12,56.4,69.8,7.2,-1.0,122.1
SUV,93.6,20.5,90.5,30.0,43.5,182.4
Sedan,42.18,69.8,93.3,3.3,28.2,256.4
Two-Wheeler,3.89,46.5,92.6,3.3,36.2,35.4
Hatchback,38.64,53.9,73.6,3.3,47.1,224.5
Two-Wheeler,4.44,47.4,94.3,7.2,42.1,26.1
Hatchback,37.71,36.1,74.4,7.2,23.7,135.0
SUV,86.57,56.0,78.8,3.3,5.1,609.4
Sedan,42.72,40.1,83.6,30.0,17.0,43.0
Hatchback,28.19,11.2,21.3,60.0,33.5,3.1
Sedan,64.41,50.2,68.1,30.0,8.5,32.8
SUV,83.33,37.8,66.6,30.0,13.5,64.2
SUV,93.47,22.9,89.7,30.0,11.0,169.0
Hatchback,39.54,65.4,73.7,60.0,10.3,4.5
Two-Wheeler,3.26,3.1,54.2,60.0,-3.3,3.2
Sedan,43.37,50.4,83.1,30.0,17.8,31.7
Sedan,53.83,62.4,80.9,60.0,26.5,10.2
Sedan,46.57,64.3,82.3,3.3,9.4,205.5
SUV,86.4,55.6,91.6,3.3,18.4,755.2
Two-Wheeler,4.01,18.1,49.3,60.0,22.2,1.3
Hatchback,38.83,23.0,94.5,60.0,37.4,31.6
Sedan,48.12,64.3,72.3,60.0,20.3,4.2
Two-Wheeler,3.84,34.3,67.0,3.3,25.8,24.7
Two-Wheeler,2.45,66.7,93.6,7.2,23.0,7.5
Two-Wheeler,2.66,7.9,61.2,30.0,8.9,4.2
Hatchback,31.3,52.5,97.9,11.0,16.8,131.1
Sedan,43.23,9.1,70.9,30.0,0.4,105.5
Hatchback,31.78,64.1,77.7,11.0,16.2,27.7
Hatchback,30.24,44.9,81.2,60.0,11.1,16.9
Sedan,46.7,23.6,69.5,30.0,3.5,80.5
Hatchback,38.18,54.5,72.4,11.0,11.0,53.0
Two-Wheeler,3.71,5.7,20.1,30.0,10.6,1.5
Hatchback,27.87,50.6,94.4,60.0,41.6,19.8
Hatchback,39.34,20.8,44.6,7.2,5.9,121.4
Two-Wheeler,3.43,66.2,85.7,3.3,46.2,20.5
Two-Wheeler,3.52,61.9,85.3,30.0,6.0,2.7
Hatchback,38.62,28.7,56.0,11.0,35.6,64.1
Two-Wheeler,4.2,37.1,42.9,11.0,31.7,1.5
SUV,71.72,18.5,98.5,11.0,1.0,745.9
Hatchback,27.93,65.6,76.5,30.0,22.3,7.1
SUV,76.19,59.1,98.6,30.0,20.1,97.0
Two-Wheeler,2.89,33.9,51.0,7.2,31.5,4.4
SUV,80.38,7.2,61.6,3.3,22.6,912.8
Two-Wheeler,2.06,42.4,62.8,7.2,32.8,3.8
SUV,65.76,23.8,51.9,7.2,12.6,216.6
Two-Wheeler,2.68,58.6,97.3,3.3,19.8,27.9
SUV,93.28,42.4,72.6,3.3,11.0,678.8
Sedan,42.02,36.5,43.5,30.0,35.9,6.9
Sedan,51.9,33.1,60.4,60.0,22.4,16.6
Sedan,44.89,25.5,86.9,7.2,8.0,375.5
Sedan,56.66,4.1,60.1,60.0,39.2,36.6
SUV,76.25,30.8,40.3,7.2,7.6,94.1
Hatchback,28.71,65.3,79.1,11.0,1.9,43.3
Two-Wheeler,3.31,6.5,87.2,7.2,41.5,29.3
Sedan,54.99,59.5,74.3,30.0,27.3,17.1
SUV,95.61,22.0,59.5,3.3,7.3,1011.2
Hatchback,27.69,43.3,59.0,7.2,8.8,55.5
SUV,91.42,10.4,41.9,60.0,37.2,35.0
Sedan,51.79,62.1,78.9,30.0,44.5,24.9
Two-Wheeler,2.49,38.1,60.7,30.0,-4.3,2.1
Two-Wheeler,4.4,57.0,90.1,3.3,19.0,33.6
Hatchback,28.07,39.5,89.5,7.2,4.9,202.5
Sedan,51.52,3.3,45.3,3.3,0.9,834.9
Hatchback,39.99,15.2,38.5,30.0,10.7,25.1
Two-Wheeler,3.43,39.2,96.5,11.0,-3.2,26.0
SUV,82.08,9.7,90.9,7.2,30.9,641.4
SUV,82.94,60.0,90.8,60.0,14.1,38.5
SUV,91.74,50.2,65.2,60.0,39.0,17.1
Sedan,56.94,37.0,51.6,30.0,32.0,19.8
Two-Wheeler,2.32,44.2,55.1,7.2,13.3,2.7
Sedan,62.36,35.5,51.1,11.0,35.2,60.5
Two-Wheeler,2.66,57.9,81.2,60.0,39.6,1.0
SUV,68.96,56.8,70.8,30.0,17.7,23.4
Two-Wheeler,3.95,48.8,59.8,11.0,36.0,2.7
Hatchback,28.25,30.8,88.3,11.0,44.1,119.2
SUV,67.76,32.1,49.2,30.0,32.0,27.4
Two-Wheeler,2.49,5.6,86.0,60.0,5.7,3.2
Two-Wheeler,4.42,20.2,55.8,11.0,7.6,12.3
Hatchback,33.87,34.5,95.7,7.2,30.5,208.8
Hatchback,29.55,23.3,64.5,11.0,5.2,108.8
SUV,69.57,17.7,64.1,7.2,36.9,299.6
Sedan,40.39,69.8,87.8,30.0,20.2,17.8
Sedan,50.2,27.2,98.5,11.0,40.7,303.3
SUV,70.22,38.0,68.7,60.0,12.2,28.9
Hatchback,38.61,45.2,68.9,60.0,35.1,11.0
Sedan,40.72,57.6,88.9,60.0,-0.3,27.0
Two-Wheeler,2.75,61.0,72.5,11.0,17.1,2.1
Two-Wheeler,2.65,60.5,90.2,3.3,43.5,20.8
Two-Wheeler,2.07,35.7,43.0,7.2,-4.8,2.7
Hatchback,33.4,41.0,85.1,3.3,15.3,336.8
Two-Wheeler,2.24,23.1,28.6,7.2,19.5,1.3
SUV,73.12,9.2,30.1,30.0,47.1,51.2
Sedan,41.89,55.7,78.3,11.0,-0.4,119.4
Sedan,51.83,67.9,96.5,30.0,22.3,43.2
Hatchback,30.52,54.5,80.0,60.0,23.6,8.8
SUV,97.15,23.7,74.5,60.0,28.3,56.9
SUV,71.66,15.8,24.9,11.0,0.3,67.2
Two-Wheeler,4.18,26.6,56.8,3.3,35.1,26.1
SUV,93.78,26.5,64.2,30.0,12.1,101.3
Hatchback,30.24,33.6,69.0,11.0,-3.7,117.5
Two-Wheeler,2.01,49.9,95.7,11.0,35.0,7.0
Sedan,56.27,48.3,98.9,11.0,21.1,258.4
Two-Wheeler,3.58,60.8,90.6,60.0,46.2,2.0
Sedan,62.15,59.3,97.8,60.0,22.9,30.8
Hatchback,36.64,53.9,90.1,11.0,17.7,91.7
Two-Wheeler,3.59,32.9,90.9,60.0,36.3,2.1
SUV,89.0,48.8,68.2,11.0,10.5,131.9
Sedan,50.05,64.1,83.6,60.0,3.9,15.1
SUV,68.99,66.0,86.0,3.3,9.1,424.3
Two-Wheeler,3.6,25.7,57.5,11.0,24.1,6.8
Sedan,49.81,61.5,99.8,60.0,13.0,40.6
SUV,96.63,5.6,28.2,30.0,30.8,52.1
Two-Wheeler,2.91,18.2,97.3,3.3,31.2,49.2
SUV,83.82,64.0,76.4,60.0,-3.6,20.5
Hatchback,37.54,38.2,59.6,7.2,36.0,74.3
Sedan,44.52,69.7,91.4,11.0,40.3,78.2
Sedan,40.24,47.3,57.1,11.0,46.0,38.9
Hatchback,32.54,46.6,89.5,11.0,35.2,91.2
SUV,83.7,61.4,75.9,11.0,8.0,99.1
Two-Wheeler,3.72,20.8,35.5,30.0,-2.7,1.9
SUV,92.77,66.6,93.7,3.3,40.1,683.4
SUV,84.86,57.1,83.5,30.0,17.9,56.5
Two-Wheeler,4.24,49.1,72.7,30.0,27.7,2.0
Two-Wheeler,3.23,26.6,58.7,30.0,43.1,2.6
SUV,71.83,68.7,85.5,60.0,33.9,15.4
Two-Wheeler,3.97,4.7,34.4,30.0,7.2,3.6
Hatchback,29.46,56.0,73.1,30.0,13.2,13.1
SUV,65.41,63.6,90.3,30.0,26.1,47.4
Sedan,61.82,36.1,58.3,30.0,15.2,35.5
Sedan,57.8,25.3,87.5,7.2,19.6,362.1
Two-Wheeler,3.12,13.6,63.4,60.0,21.3,1.8
Two-Wheeler,3.78,68.1,80.3,60.0,7.7,1.0
Sedan,45.81,8.0,98.1,30.0,11.7,139.3
Hatchback,27.38,4.4,37.1,7.2,12.9,93.3
Hatchback,36.05,52.0,90.9,11.0,43.7,123.6
Two-Wheeler,2.1,14.7,86.3,3.3,25.4,29.7
Hatchback,38.37,37.4,52.3,3.3,42.5,132.7
Two-Wheeler,3.16,47.7,68.7,11.0,48.0,5.9
SUV,89.06,69.7,75.0,30.0,-3.8,19.1
Sedan,57.13,36.2,60.0,7.2,7.3,174.3
Hatchback,27.38,32.1,44.6,3.3,29.0,73.9
Two-Wheeler,3.51,28.8,99.2,30.0,41.6,8.2
Hatchback,26.85,14.1,40.0,7.2,-0.7,118.4
SUV,72.93,62.4,98.6,3.3,6.8,1138.5
Hatchback,39.55,46.2,72.8,60.0,30.8,11.4
Hatchback,31.53,60.3,89.8,3.3,3.2,324.5
Hatchback,28.97,25.4,52.3,30.0,47.6,25.1
SUV,83.57,61.9,99.4,60.0,45.9,89.3
Hatchback,29.07,23.7,75.3,11.0,13.1,103.4
Sedan,59.28,9.6,43.4,3.3,26.3,398.0
SUV,88.05,55.7,72.6,60.0,2.0,29.2
Two-Wheeler,4.09,66.1,79.3,3.3,35.3,10.3
SUV,80.09,46.0,99.4,7.2,10.9,720.4
Sedan,46.28,45.0,88.1,7.2,33.0,185.6
Hatchback,33.11,21.8,86.6,3.3,-1.7,774.1
Sedan,48.87,48.4,99.9,30.0,19.4,85.0
Sedan,58.66,15.4,84.4,60.0,22.3,47.9
Sedan,45.68,57.4,62.5,11.0,42.1,16.7
Hatchback,25.53,31.8,47.5,60.0,14.8,5.2
SUV,98.8,20.9,56.9,11.0,32.1,221.7
SUV,89.8,50.4,85.5,30.0,38.3,89.9
SUV,82.4,57.3,62.3,3.3,23.9,86.6
Hatchback,31.01,55.7,63.3,3.3,2.1,75.5
Two-Wheeler,3.48,30.3,42.1,60.0,38.0,1.0
Sedan,59.4,7.5,68.1,60.0,43.8,48.7
Hatchback,27.58,48.3,84.4,30.0,26.2,22.1
SUV,82.59,22.2,45.8,60.0,9.9,26.2
Sedan,52.94,15.1,41.7,7.2,1.3,211.9
SUV,79.13,51.3,77.4,11.0,31.7,123.1
Sedan,42.24,33.4,76.3,11.0,37.2,119.9
Two-Wheeler,2.66,67.1,77.6,7.2,-2.8,4.6
Hatchback,38.59,23.8,29.1,60.0,35.7,2.4
Hatchback,31.85,30.8,59.1,3.3,29.6,188.9
Hatchback,25.21,3.5,89.2,11.0,4.9,205.2
Two-Wheeler,2.57,35.0,54.1,3.3,29.9,9.0
Hatchback,34.03,19.3,85.5,30.0,44.4,54.6
SUV,87.08,47.5,54.0,30.0,-3.5,22.2
Two-Wheeler,2.92,61.3,78.3,3.3,15.8,11.2
Hatchback,36.96,58.5,78.9,11.0,16.0,48.3
Hatchback,29.66,25.3,60.3,60.0,-0.7,22.6
Sedan,41.86,18.4,40.0,60.0,7.5,13.1
SUV,97.19,60.3,87.0,30.0,24.7,61.3
Hatchback,35.53,42.8,71.2,30.0,30.8,21.8
Two-Wheeler,3.3,38.4,72.3,11.0,34.8,6.7
SUV,77.28,3.1,18.5,7.2,8.9,144.2
SUV,73.68,61.1,78.9,30.0,37.3,30.6
Hatchback,30.34,6.8,34.2,30.0,31.9,19.0
Hatchback,36.53,3.0,77.9,30.0,39.3,67.3
Sedan,41.31,13.9,23.5,11.0,33.8,23.4
Hatchback,38.82,59.1,84.8,3.3,46.8,313.5
Hatchback,39.31,32.1,46.9,7.2,5.6,82.1
Sedan,51.13,41.0,62.2,60.0,39.8,14.0
Two-Wheeler,3.47,2.1,94.5,11.0,46.6,33.7
Hatchback,37.73,9.9,22.1,30.0,31.5,9.8
Hatchback,33.58,51.4,63.1,30.0,6.4,11.1
Hatchback,36.39,58.5,78.2,11.0,26.9,44.6
Hatchback,39.11,20.3,84.2,11.0,-2.8,281.0
Hatchback,36.64,42.3,93.1,30.0,38.5,53.2
SUV,77.73,43.8,82.4,7.2,15.9,328.3
Sedan,40.01,33.4,89.6,3.3,35.6,438.1
Hatchback,28.51,48.1,91.9,30.0,29.0,34.0
Sedan,40.65,20.0,36.9,30.0,16.9,16.7
Hatchback,26.06,54.8,94.7,3.3,23.2,252.1
Two-Wheeler,3.65,58.5,70.4,11.0,42.8,3.0
SUV,68.04,64.4,85.6,30.0,14.2,39.7
Hatchback,27.44,4.4,33.3,7.2,21.3,77.3
SUV,85.85,9.9,51.6,30.0,30.4,86.7
Two-Wheeler,4.32,56.1,94.2,7.2,30.3,18.3
SUV,96.55,58.3,96.0,60.0,43.6,70.1
SUV,83.85,43.9,88.4,7.2,21.2,366.6
SUV,80.83,10.8,75.6,60.0,14.2,65.4
SUV,78.03,33.7,80.9,7.2,16.0,407.9
Sedan,64.63,23.5,70.4,30.0,37.1,67.5
Sedan,48.87,9.5,16.7,60.0,-3.2,6.8
Sedan,59.84,53.2,74.1,30.0,44.4,34.3
Sedan,59.32,57.7,80.9,7.2,1.4,224.2
SUV,90.06,54.7,96.4,60.0,5.7,74.6
Hatchback,36.17,23.6,52.1,11.0,14.1,66.8
SUV,75.84,46.0,95.2,3.3,-2.8,1620.6
Sedan,57.49,43.4,98.6,11.0,7.1,328.8
Hatchback,34.26,41.2,96.4,60.0,13.0,28.8
Sedan,60.55,60.3,73.4,3.3,19.2,158.6
Sedan,61.22,30.5,91.2,3.3,35.3,767.2
Sedan,58.52,23.2,46.4,30.0,38.6,30.6
Two-Wheeler,2.78,51.1,87.5,30.0,12.7,2.7
Hatchback,36.09,15.2,90.0,11.0,8.5,235.5
SUV,90.88,40.2,81.4,3.3,46.6,1160.0
Hatchback,26.19,37.3,88.6,3.3,-2.1,497.6
Two-Wheeler,4.35,28.0,99.0,11.0,24.5,26.1
Two-Wheeler,2.87,56.6,80.3,30.0,11.4,1.6
SUV,90.63,13.8,86.9,60.0,17.9,85.2
Hatchback,25.99,48.0,65.1,3.3,0.1,162.0
Sedan,58.33,7.2,89.7,11.0,4.4,459.2
SUV,67.05,13.4,78.7,7.2,16.5,463.8
Hatchback,35.61,63.3,73.2,30.0,40.4,9.4
Two-Wheeler,2.65,33.1,50.4,11.0,33.0,2.9
Sedan,46.32,63.3,83.2,3.3,24.2,181.1
Sedan,55.68,54.6,72.5,7.2,11.4,114.7
Sedan,43.93,29.9,86.9,3.3,19.1,558.2
SUV,80.59,51.4,94.3,11.0,12.0,270.9
Hatchback,36.5,41.1,46.9,30.0,29.8,4.3
Sedan,47.03,8.7,30.0,30.0,6.5,29.6
Sedan,41.72,20.3,99.8,7.2,22.1,351.5
Hatchback,32.04,4.0,58.8,30.0,11.1,53.4
SUV,81.89,15.2,44.0,3.3,31.4,526.0
Sedan,41.83,48.7,78.7,11.0,38.1,82.2
SUV,73.44,52.5,75.9,60.0,14.9,23.9
Two-Wheeler,3.89,24.4,65.4,60.0,6.5,2.8
SUV,72.98,3.4,93.2,11.0,-0.8,829.6
SUV,82.29,15.3,79.0,3.3,6.9,1432.6
Sedan,47.44,45.6,61.0,7.2,31.9,64.9
Two-Wheeler,2.6,37.9,64.5,3.3,22.2,12.9
Two-Wheeler,2.98,30.3,51.5,3.3,18.4,13.2
Hatchback,35.05,7.2,52.6,11.0,35.2,88.7
SUV,85.67,33.6,43.4,30.0,28.6,19.5
Two-Wheeler,2.52,6.2,61.8,3.3,-4.2,48.4
Hatchback,39.63,17.4,60.8,60.0,42.2,21.1
SUV,94.19,41.0,85.4,7.2,46.4,689.8
Two-Wheeler,2.39,44.1,81.9,11.0,25.3,5.1
SUV,83.69,66.2,95.3,11.0,15.9,228.6
SUV,82.88,5.9,74.4,11.0,33.8,337.4
SUV,99.44,57.3,97.3,60.0,20.8,57.3
Two-Wheeler,3.56,12.2,29.9,60.0,20.0,1.0
Sedan,60.0,54.3,67.6,11.0,2.0,87.8
Two-Wheeler,4.33,61.1,81.4,7.2,25.8,7.1
Sedan,53.92,68.1,87.1,60.0,-2.8,23.9
Sedan,64.62,9.2,52.0,30.0,26.1,61.3
Hatchback,28.47,60.4,88.4,30.0,42.4,23.5
Two-Wheeler,4.4,32.9,98.9,3.3,4.9,107.3
Hatchback,25.67,69.6,82.3,7.2,-0.7,53.0
Two-Wheeler,3.44,69.0,86.5,11.0,-1.4,7.3
Sedan,44.86,39.1,64.7,30.0,-2.4,43.4
Sedan,47.51,17.2,95.4,60.0,15.3,51.3
Two-Wheeler,3.18,28.2,42.4,60.0,5.1,1.0
SUV,78.02,56.4,72.9,11.0,17.5,73.1
Sedan,59.58,50.1,73.1,7.2,25.6,119.8
Sedan,49.87,51.1,65.7,60.0,18.0,8.7
Two-Wheeler,3.47,41.1,54.6,3.3,47.9,13.5
Hatchback,32.37,17.1,30.9,60.0,32.1,5.0
SUV,79.7,13.7,82.9,30.0,41.2,140.0
Sedan,55.89,37.8,77.7,60.0,0.7,43.6
Hatchback,39.55,36.5,44.7,30.0,-1.4,11.0
Two-Wheeler,2.39,4.2,75.4,30.0,2.7,6.1
Hatchback,26.88,32.1,44.1,30.0,13.4,8.1
Hatchback,25.35,11.1,40.8,30.0,42.5,21.7
Hatchback,27.29,65.2,94.3,30.0,7.7,30.0
Two-Wheeler,3.47,27.5,46.7,11.0,30.4,3.7
Two-Wheeler,3.22,5.4,51.3,11.0,37.4,10.1
Two-Wheeler,3.79,54.9,78.3,60.0,4.2,1.4
SUV,96.83,44.0,72.2,30.0,2.1,104.1
Two-Wheeler,4.33,58.4,82.2,11.0,18.7,6.6
Two-Wheeler,4.45,52.4,79.7,7.2,40.7,12.1
Hatchback,35.5,2.9,72.9,60.0,-0.6,49.4
Hatchback,28.18,44.7,71.5,7.2,-1.6,132.4
Two-Wheeler,3.55,43.4,51.3,7.2,47.9,3.6
SUV,80.29,43.0,48.2,7.2,10.9,48.9
Hatchback,29.7,29.5,49.0,30.0,10.5,15.6
Two-Wheeler,2.7,22.3,71.8,7.2,24.7,12.6
SUV,87.5,2.9,39.1,30.0,7.9,92.2
Hatchback,29.76,38.6,74.5,7.2,38.0,104.0
SUV,86.29,51.5,99.7,7.2,27.8,596.6
Hatchback,39.8,48.6,61.2,3.3,19.4,112.7
Two-Wheeler,3.83,46.2,62.6,7.2,47.5,8.3
Sedan,51.05,62.8,80.9,7.2,45.6,127.1
Sedan,54.99,25.5,80.4,30.0,-3.7,111.8
SUV,69.11,4.3,41.3,7.2,6.6,337.2
Sedan,60.66,8.5,76.2,3.3,-2.1,1557.1
SUV,78.36,39.1,83.4,11.0,11.4,250.1
Sedan,44.13,56.3,84.0,60.0,10.3,15.9
Hatchback,33.87,68.6,82.0,7.2,44.9,55.3
Two-Wheeler,3.33,68.4,86.3,3.3,37.4,13.7
SUV,93.45,48.7,82.2,60.0,22.5,36.2
SUV,76.8,62.0,88.8,11.0,24.6,143.5
Sedan,50.52,15.3,88.4,7.2,30.3,386.3
Two-Wheeler,4.49,26.3,55.6,7.2,45.9,18.0
Hatchback,34.35,18.8,53.5,60.0,40.5,16.6
Hatchback,27.5,29.2,89.4,30.0,44.9,49.7
Hatchback,25.35,10.7,86.1,3.3,19.2,432.2
Sedan,59.84,26.6,93.3,30.0,19.5,103.1
SUV,70.35,69.7,90.2,60.0,43.5,23.2
SUV,95.56,58.9,95.4,7.2,9.9,470.7
Two-Wheeler,2.8,37.4,83.6,7.2,22.5,13.3
Hatchback,39.67,26.7,89.7,60.0,40.8,32.6
Sedan,63.46,52.3,58.6,30.0,27.0,8.7
Hatchback,25.43,10.2,83.2,30.0,20.9,38.2
Sedan,60.54,4.4,85.6,11.0,40.5,308.5
Two-Wheeler,4.27,54.9,83.9,7.2,18.1,12.1
Hatchback,31.25,35.8,46.6,30.0,38.0,7.2
Two-Wheeler,2.77,19.2,37.3,7.2,45.2,7.0
Sedan,42.75,11.5,75.8,11.0,5.8,260.8
Hatchback,33.72,57.0,65.9,60.0,12.5,4.0
SUV,90.32,41.9,61.2,60.0,26.0,20.6
SUV,83.14,2.1,28.7,7.2,3.1,305.2
SUV,98.16,13.2,37.1,60.0,39.9,28.0
Sedan,42.14,46.1,64.1,30.0,34.7,17.1
SUV,79.08,37.0,99.8,3.3,20.5,1408.7
Sedan,45.51,61.8,94.5,11.0,1.8,197.3
SUV,73.81,44.6,72.9,30.0,20.6,50.7
Sedan,57.74,32.8,82.7,11.0,20.8,170.8
Sedan,53.54,33.8,57.3,7.2,-1.7,210.6
Two-Wheeler,2.97,27.2,75.2,3.3,47.3,38.1
Hatchback,39.26,7.0,36.8,60.0,10.7,16.7
Hatchback,38.43,43.1,94.3,60.0,32.9,26.2
Sedan,63.96,49.1,70.3,3.3,1.8,444.5
Hatchback,33.15,70.0,84.7,60.0,44.9,7.0
SUV,97.1,58.5,74.0,30.0,41.0,40.0
SUV,88.58,36.0,72.7,3.3,16.8,706.1
Two-Wheeler,3.89,17.9,71.3,3.3,23.7,44.6
Sedan,49.59,61.9,98.1,7.2,15.5,281.1
SUV,79.62,35.5,66.8,30.0,29.7,55.1
Sedan,50.53,25.2,94.6,60.0,14.0,49.4
SUV,90.0,40.2,74.5,3.3,-0.7,1141.9
SUV,80.68,27.6,66.5,7.2,33.9,298.3
Two-Wheeler,3.39,15.7,68.6,30.0,3.4,5.8
SUV,85.35,60.7,78.5,11.0,0.3,172.4
Two-Wheeler,3.02,22.1,57.7,7.2,22.6,10.6
SUV,82.96,53.9,93.8,30.0,-1.9,144.3
Sedan,47.7,53.8,91.4,3.3,41.8,501.1
Hatchback,26.9,18.6,52.0,3.3,22.9,179.0
SUV,71.61,13.8,80.1,3.3,11.0,1162.4
Two-Wheeler,2.62,27.1,88.1,11.0,12.7,11.8
Hatchback,25.52,63.3,90.4,7.2,19.6,71.3
Two-Wheeler,3.01,23.7,87.5,7.2,34.4,18.5
Sedan,42.35,15.8,29.2,30.0,7.6,17.9
Sedan,48.18,26.2,38.0,60.0,-1.5,12.6
Two-Wheeler,2.86,14.7,34.0,3.3,29.3,11.5
Two-Wheeler,3.76,46.8,80.0,3.3,31.7,24.5
Hatchback,27.37,34.2,78.9,60.0,43.2,14.9
SUV,87.98,49.5,91.7,60.0,33.9,45.9
Hatchback,25.54,65.4,94.8,30.0,28.8,20.5
Sedan,46.34,19.5,75.2,7.2,41.4,283.7
Sedan,64.23,60.7,89.2,7.2,16.1,215.1
Sedan,43.88,44.1,84.6,11.0,13.5,124.1
Sedan,54.57,6.1,12.6,60.0,28.9,3.8
Hatchback,25.35,11.8,34.4,11.0,28.3,37.3
SUV,82.56,61.1,81.0,3.3,2.9,496.8
SUV,69.06,12.6,64.3,60.0,13.0,49.1
Two-Wheeler,2.37,61.2,87.9,30.0,21.2,1.5
Two-Wheeler,4.25,4.6,43.5,30.0,44.6,4.5
SUV,68.55,49.0,86.2,3.3,1.1,881.2
SUV,89.03,12.7,55.2,11.0,24.8,229.0
Hatchback,38.78,61.8,77.5,7.2,41.0,64.2
Hatchback,39.49,44.0,72.8,60.0,2.5,20.3
Hatchback,34.68,8.1,85.7,7.2,46.3,367.2
Two-Wheeler,4.0,39.7,96.4,30.0,22.1,5.8
Hatchback,32.32,19.3,83.9,11.0,27.7,114.5
Sedan,49.29,32.5,70.5,11.0,12.5,145.4
Hatchback,32.84,50.4,96.9,60.0,5.2,31.2
Two-Wheeler,3.11,24.5,69.0,3.3,18.9,27.2
Hatchback,25.43,38.5,58.8,7.2,1.0,76.8
SUV,73.66,46.8,91.1,30.0,21.5,80.3
Two-Wheeler,2.18,57.6,91.1,30.0,16.3,2.0
SUV,84.85,11.9,80.0,30.0,12.7,155.0
Two-Wheeler,2.69,19.4,54.5,60.0,37.6,1.1
Two-Wheeler,3.65,4.3,14.3,7.2,35.4,3.5
Hatchback,28.73,38.2,74.1,11.0,16.9,65.4
Two-Wheeler,3.04,60.3,72.5,3.3,44.6,8.7
SUV,68.26,24.2,94.3,3.3,44.8,1273.3
Sedan,51.41,30.4,50.3,3.3,-1.0,377.5
Sedan,57.6,28.8,34.7,7.2,-3.9,52.9
Sedan,44.01,60.9,88.5,30.0,3.2,44.2
Sedan,50.19,18.1,63.4,60.0,5.9,34.4
SUV,93.03,44.0,84.4,30.0,12.0,103.7
SUV,73.91,69.5,99.0,3.3,21.9,793.5
Hatchback,34.89,4.1,37.7,3.3,17.2,265.2
Two-Wheeler,4.43,56.3,72.5,60.0,-2.6,1.4
Hatchback,34.83,27.2,92.6,7.2,14.8,260.0
Sedan,54.75,19.4,75.5,30.0,24.8,55.0
Hatchback,38.78,16.4,54.0,11.0,9.6,109.0
SUV,75.84,58.6,94.1,60.0,8.7,47.3
Two-Wheeler,4.39,43.2,56.1,60.0,1.3,1.0
Hatchback,30.79,49.5,90.4,30.0,4.6,44.7
Two-Wheeler,2.66,57.4,69.3,3.3,6.7,7.8
SUV,93.45,13.8,39.5,60.0,7.5,40.3
Hatchback,27.49,52.8,59.9,60.0,23.8,2.3
Two-Wheeler,2.58,64.9,89.1,3.3,29.5,13.3
Two-Wheeler,3.7,33.4,80.4,30.0,41.0,4.0
Hatchback,32.32,4.2,30.0,60.0,5.4,14.1
Two-Wheeler,3.67,37.7,79.9,7.2,46.5,20.7
Hatchback,34.98,39.1,71.1,3.3,40.2,246.5
Two-Wheeler,4.33,32.3,73.7,11.0,-1.3,21.1
Hatchback,33.59,42.2,97.4,3.3,28.8,465.2
Sedan,48.24,50.6,67.3,60.0,35.3,9.3
Sedan,53.61,38.7,59.9,3.3,13.1,279.7
Hatchback,25.46,54.3,84.7,7.2,8.3,91.1
Two-Wheeler,4.41,36.8,55.5,60.0,4.2,1.3
Two-Wheeler,3.85,36.7,64.1,60.0,32.3,1.2
Two-Wheeler,3.7,53.3,77.1,11.0,34.5,4.8
Two-Wheeler,2.36,25.1,54.2,7.2,14.8,6.6
Hatchback,32.36,53.2,64.1,11.0,13.6,25.1
Hatchback,34.1,61.6,76.8,3.3,16.3,122.4
SUV,95.94,40.9,84.0,3.3,41.7,957.6
Sedan,57.83,52.9,75.3,3.3,27.7,285.4
Sedan,56.81,18.8,48.8,7.2,16.5,162.9
Hatchback,34.22,51.4,69.1,60.0,26.1,7.5
SUV,89.15,14.2,92.1,11.0,17.1,516.4
Two-Wheeler,3.83,41.7,53.3,11.0,44.0,3.1
SUV,88.68,19.7,82.6,11.0,16.8,379.0
SUV,92.66,63.7,99.4,7.2,36.2,478.4
Sedan,42.64,40.1,76.0,11.0,-1.6,156.9
SUV,85.88,34.1,92.4,3.3,7.3,1448.1
Sedan,51.51,13.0,68.3,11.0,43.0,190.0
SUV,73.34,39.9,82.2,7.2,46.9,479.3
Two-Wheeler,4.47,9.5,97.7,11.0,19.5,33.8
Hatchback,37.62,63.8,74.0,11.0,34.6,23.9
Two-Wheeler,3.38,43.0,67.0,7.2,9.3,9.9
Hatchback,26.95,19.8,86.6,7.2,10.2,217.5
Sedan,52.3,13.4,19.8,7.2,28.2,28.9
Two-Wheeler,3.02,54.9,75.9,7.2,-0.4,10.7
Sedan,64.84,11.7,43.7,11.0,20.7,121.0
Hatchback,36.91,51.2,69.6,3.3,36.0,147.8
SUV,75.0,24.3,52.2,3.3,34.6,436.0
SUV,82.88,25.8,35.5,60.0,37.1,8.8
Hatchback,35.03,54.0,61.8,7.2,27.2,25.5
Sedan,58.25,52.9,60.6,30.0,24.6,8.6
Two-Wheeler,4.47,8.2,64.7,11.0,3.7,23.5
Hatchback,31.84,45.5,98.7,11.0,37.7,148.3
Sedan,64.83,22.8,30.2,3.3,18.1,91.1
Hatchback,26.3,39.3,60.4,30.0,6.0,17.7
Two-Wheeler,2.81,52.7,93.8,11.0,18.4,8.2
Sedan,48.97,16.0,29.1,60.0,1.6,11.6
Hatchback,32.62,49.1,92.3,60.0,24.5,18.2
SUV,71.04,11.4,79.4,60.0,32.3,56.0
Hatchback,35.28,35.6,93.7,7.2,39.4,253.4
SUV,87.52,8.3,50.2,30.0,18.3,87.9
SUV,67.02,59.5,86.2,60.0,-4.1,38.5
Two-Wheeler,2.9,48.0,79.6,60.0,26.3,1.0
Two-Wheeler,4.26,30.1,47.6,11.0,17.2,5.0
Hatchback,35.98,18.3,68.0,11.0,40.8,119.2
Sedan,56.97,52.3,72.3,30.0,28.2,24.4
Two-Wheeler,3.19,29.7,36.4,7.2,34.3,2.1
SUV,74.15,43.6,75.2,3.3,33.3,431.8
SUV,67.71,43.7,67.8,60.0,11.3,24.5
Two-Wheeler,2.46,5.9,88.2,60.0,4.0,3.3
Two-Wheeler,3.03,5.1,58.4,7.2,5.0,21.0
Sedan,46.31,45.2,60.2,60.0,27.3,7.7
Sedan,59.27,61.9,97.3,30.0,7.8,86.3
Sedan,58.01,14.7,84.0,3.3,46.1,1288.9
Sedan,53.1,31.3,63.4,7.2,6.5,220.4
Two-Wheeler,2.38,2.3,78.0,30.0,-4.2,7.2
Hatchback,38.95,54.5,95.7,11.0,34.4,125.5
SUV,90.47,42.3,71.2,3.3,24.6,590.2
Hatchback,26.86,29.9,65.3,11.0,40.5,63.1
Two-Wheeler,4.42,5.3,63.9,60.0,10.9,3.1
Hatchback,26.17,16.6,74.4,11.0,-0.8,167.0
Hatchback,25.44,49.3,85.2,60.0,12.0,11.3
Sedan,64.23,48.0,70.7,3.3,39.2,296.5
SUV,71.91,53.9,75.7,3.3,29.1,312.9
SUV,72.32,44.8,62.7,11.0,2.9,143.5
Hatchback,36.75,21.9,43.4,11.0,28.9,41.5
Two-Wheeler,3.11,10.4,55.1,11.0,46.0,12.0
Hatchback,25.28,24.1,83.1,11.0,25.1,88.4
Two-Wheeler,2.2,27.4,84.4,11.0,8.7,10.1
Two-Wheeler,4.13,10.3,61.9,11.0,-3.4,21.5
Sedan,57.99,4.8,95.0,7.2,17.7,568.9
Sedan,48.45,51.4,73.0,7.2,21.9,91.8
SUV,94.26,7.9,65.9,30.0,26.9,111.9
Sedan,58.1,59.4,72.6,11.0,0.5,81.2
Two-Wheeler,3.64,30.3,57.9,3.3,43.2,24.4
Two-Wheeler,3.15,20.4,59.7,11.0,16.8,8.2
Sedan,50.96,17.2,74.0,30.0,18.7,67.4
SUV,67.07,36.2,63.3,7.2,-2.9,306.7
Two-Wheeler,3.23,59.0,81.3,60.0,4.0,1.2
SUV,80.83,68.0,82.6,7.2,6.4,158.9
Sedan,40.37,63.7,70.6,60.0,34.9,3.0
Sedan,44.5,11.1,21.7,7.2,3.2,66.2
SUV,74.84,48.2,89.2,11.0,46.9,291.1
Hatchback,39.6,66.1,97.9,7.2,27.3,193.9
Two-Wheeler,3.2,16.5,98.8,60.0,39.6,4.0
Two-Wheeler,4.21,22.5,78.0,3.3,1.2,80.6
Two-Wheeler,4.45,36.1,43.7,30.0,7.4,1.0
Hatchback,31.29,66.4,96.0,60.0,18.9,15.1
Two-Wheeler,2.03,60.2,79.6,60.0,11.0,1.0
Two-Wheeler,3.72,40.9,59.8,7.2,23.0,6.5
Sedan,62.31,44.0,98.2,60.0,14.9,52.0
SUV,94.17,28.1,90.6,3.3,19.3,1370.4
Hatchback,33.92,32.7,89.9,11.0,29.1,110.3
Sedan,47.99,59.0,74.1,30.0,30.3,16.8
Hatchback,34.45,28.0,75.5,3.3,23.6,338.2
Sedan,57.51,33.8,67.3,7.2,-4.9,312.9
SUV,96.04,41.0,75.2,30.0,19.9,80.2
Two-Wheeler,2.55,50.6,66.4,30.0,-3.3,1.6
Two-Wheeler,2.7,10.6,22.8,3.3,2.8,10.2
Two-Wheeler,4.06,39.7,48.3,7.2,14.9,3.8
Two-Wheeler,2.93,24.9,64.5,3.3,32.0,24.5
Hatchback,25.83,62.4,90.0,3.3,29.8,165.4
Hatchback,26.11,50.6,62.8,11.0,30.3,19.8
Hatchback,25.83,28.7,73.1,3.3,4.1,328.8
SUV,93.15,55.3,87.5,7.2,17.5,309.5
SUV,69.8,3.1,87.1,7.2,21.3,562.5
SUV,74.04,31.1,79.1,11.0,37.9,218.4
SUV,73.22,47.0,94.7,60.0,11.4,53.0
Hatchback,34.66,13.2,39.5,60.0,31.0,8.8
Hatchback,29.89,17.9,55.4,3.3,35.7,229.9
Hatchback,34.14,37.1,81.9,11.0,0.7,168.0
Hatchback,32.18,22.3,60.3,60.0,29.5,14.5
Sedan,54.06,57.1,89.4,60.0,38.2,19.9
Sedan,62.29,62.2,96.2,3.3,47.4,844.8
Sedan,59.93,9.5,81.4,11.0,38.0,265.2
Two-Wheeler,3.64,64.2,74.1,7.2,11.5,4.2
Hatchback,34.78,42.2,51.7,60.0,18.0,4.0
Hatchback,30.72,26.3,56.2,7.2,16.5,96.8
Hatchback,34.11,32.1,92.1,11.0,4.5,187.5
Sedan,64.36,49.6,82.6,11.0,15.7,151.7
Hatchback,31.4,50.4,91.5,60.0,29.8,13.7
Hatchback,25.34,67.9,95.5,7.2,16.4,95.4
Two-Wheeler,2.11,11.2,90.2,3.3,3.5,56.9
Two-Wheeler,3.04,35.8,54.7,3.3,37.7,11.4
Sedan,63.28,57.6,95.7,7.2,-1.8,485.4
SUV,66.34,53.2,68.3,11.0,37.2,65.0
Two-Wheeler,2.06,62.5,72.3,11.0,39.0,1.4
Sedan,53.56,67.4,97.9,3.3,2.8,812.7
Two-Wheeler,3.89,12.9,23.2,3.3,15.7,9.4
Sedan,58.11,11.8,68.5,7.2,25.8,297.8
Two-Wheeler,2.3,29.5,34.6,30.0,7.8,1.0
Two-Wheeler,4.17,3.6,89.0,11.0,42.1,25.8
SUV,95.66,63.2,74.6,3.3,44.8,277.7
SUV,78.78,24.9,64.8,7.2,42.1,304.3
Hatchback,33.27,38.3,68.8,3.3,32.9,201.7
SUV,77.19,62.4,78.0,7.2,18.5,130.9
Two-Wheeler,3.75,22.7,73.1,60.0,29.0,2.1
Two-Wheeler,2.92,36.6,97.1,3.3,33.6,46.4
Sedan,53.04,32.7,38.0,7.2,44.6,31.6
Two-Wheeler,3.07,58.7,89.4,60.0,22.1,1.2
Sedan,45.96,62.9,89.3,3.3,47.1,393.9
Two-Wheeler,3.19,9.6,91.6,3.3,9.8,63.7
Hatchback,37.11,36.7,43.9,11.0,34.4,15.6
SUV,86.59,16.2,56.4,30.0,-4.7,140.4
Two-Wheeler,2.71,5.2,70.8,30.0,34.3,4.2
Hatchback,32.44,29.7,73.0,60.0,37.0,14.9
Sedan,55.94,23.0,85.1,60.0,3.0,64.8
SUV,88.98,44.5,54.4,7.2,33.2,86.3
SUV,68.38,57.1,94.7,7.2,2.1,510.4
Two-Wheeler,2.24,69.8,74.9,60.0,39.6,1.0
SUV,76.83,26.5,89.1,60.0,32.7,53.0
Sedan,57.07,5.3,20.8,30.0,4.6,30.9
Two-Wheeler,2.99,35.3,45.6,60.0,41.1,1.0
SUV,93.42,10.9,82.6,3.3,13.6,1634.6
Hatchback,30.12,34.7,77.4,3.3,39.3,323.1
Two-Wheeler,2.38,56.1,97.4,30.0,-2.5,5.7
Hatchback,38.2,46.1,73.6,30.0,35.8,22.0
Two-Wheeler,4.12,62.3,95.3,60.0,44.4,2.2
Two-Wheeler,2.62,26.4,56.8,60.0,7.3,1.2
Hatchback,27.23,26.4,55.3,11.0,30.8,45.5
Sedan,59.6,47.4,63.9,30.0,21.6,19.8
Hatchback,38.42,8.2,98.0,3.3,-3.3,1556.7
SUV,96.67,58.0,64.0,7.2,-3.8,95.4
Sedan,40.35,67.8,90.0,3.3,-4.4,347.0
SUV,93.18,4.0,42.7,3.3,7.6,1106.5
Hatchback,35.8,34.5,88.9,3.3,6.4,543.9
Two-Wheeler,2.53,18.5,97.2,60.0,18.0,2.9
Sedan,47.77,14.2,48.8,60.0,26.4,16.8
Hatchback,33.23,56.8,65.7,30.0,18.3,7.1
Hatchback,29.97,63.3,80.4,3.3,9.5,135.2
Sedan,52.03,21.6,48.8,30.0,4.8,51.9
SUV,87.5,62.8,76.0,3.3,7.8,310.5
SUV,90.54,62.5,89.1,11.0,34.4,160.6
Sedan,57.6,6.9,64.3,60.0,0.0,65.3
Two-Wheeler,3.57,33.0,72.3,3.3,29.4,27.7
Two-Wheeler,3.21,40.5,95.8,7.2,13.7,21.0
SUV,90.12,24.3,58.6,60.0,41.6,37.5
SUV,83.31,14.6,66.4,7.2,47.5,670.4
Two-Wheeler,4.22,57.4,98.1,30.0,41.3,5.8
SUV,70.53,5.0,69.3,7.2,44.5,502.7
SUV,94.09,37.3,68.4,60.0,28.9,33.4
SUV,88.01,13.6,70.3,30.0,26.8,106.7
Hatchback,28.8,57.4,69.2,60.0,15.9,4.1
Two-Wheeler,4.25,3.2,75.9,60.0,41.5,4.2
Two-Wheeler,2.43,35.9,94.2,7.2,11.7,17.4
Sedan,51.4,44.7,99.8,60.0,14.5,50.0
Hatchback,34.26,13.1,31.5,7.2,8.8,77.7
Sedan,53.23,55.2,98.3,60.0,34.2,34.5
Hatchback,31.73,20.2,63.5,3.3,45.4,459.2
Hatchback,37.39,69.4,94.4,3.3,2.3,396.5
Sedan,55.84,47.5,90.8,11.0,7.7,190.7
SUV,69.34,58.4,80.3,7.2,21.0,148.3
Sedan,44.84,53.8,68.0,3.3,47.6,195.0
Two-Wheeler,4.18,50.9,76.5,60.0,43.6,1.4
SUV,85.88,9.2,70.4,3.3,47.9,1567.5
SUV,69.83,26.2,41.3,7.2,25.2,102.5
Hatchback,34.26,31.6,47.6,30.0,28.8,12.0
Hatchback,34.89,27.7,44.1,7.2,20.6,51.0
Hatchback,25.71,60.0,81.1,30.0,-4.2,22.1
Two-Wheeler,3.34,54.3,95.2,60.0,12.0,2.1
Hatchback,37.62,30.6,96.9,30.0,27.2,69.8
Sedan,51.58,14.2,92.9,3.3,7.5,1112.6
Hatchback,28.01,23.7,84.5,3.3,8.3,422.5
Two-Wheeler,4.48,48.0,83.0,30.0,26.9,3.7
Sedan,61.29,3.4,20.0,11.0,26.8,65.1
Sedan,61.79,25.0,62.6,7.2,45.5,339.4
Sedan,63.39,20.0,31.9,11.0,45.8,65.5
Sedan,61.67,42.4,72.2,60.0,20.5,19.5
Hatchback,37.33,69.2,99.0,11.0,46.0,170.2
Two-Wheeler,2.5,43.8,97.2,11.0,41.5,10.6
Two-Wheeler,3.25,21.2,67.1,7.2,11.1,17.1
Sedan,57.51,61.3,76.4,11.0,28.0,55.6
Two-Wheeler,2.41,48.3,73.6,60.0,10.1,1.0
Hatchback,30.01,47.4,65.8,11.0,-5.0,59.9
Two-Wheeler,2.63,18.0,49.4,3.3,20.7,17.6
Two-Wheeler,2.36,14.5,87.7,30.0,8.2,4.8
Two-Wheeler,3.94,52.2,72.1,3.3,-4.6,28.4
Hatchback,31.91,59.1,72.9,3.3,15.1,106.1
Sedan,51.57,31.5,63.1,30.0,20.8,34.1
Hatchback,29.74,34.5,62.6,7.2,26.0,77.2
Sedan,55.38,52.0,61.2,60.0,35.3,5.7
Hatchback,39.56,17.7,94.5,60.0,30.6,43.0
SUV,77.42,56.4,62.3,11.0,23.7,26.9
Hatchback,35.88,53.3,95.4,7.2,32.9,162.8
Hatchback,33.06,46.5,93.6,60.0,35.5,20.1
SUV,83.47,46.1,85.4,11.0,23.9,213.4
SUV,82.26,15.9,54.4,7.2,2.8,499.4
SUV,83.98,55.1,60.5,60.0,10.1,6.6
Hatchback,25.48,37.5,47.7,3.3,37.3,56.2
Sedan,60.97,36.7,62.1,7.2,25.1,137.8
Two-Wheeler,4.33,26.1,59.3,11.0,40.5,9.7
SUV,92.73,36.9,78.8,60.0,16.5,49.0
Hatchback,29.22,48.1,84.5,11.0,44.7,86.1
Two-Wheeler,3.0,37.9,49.7,11.0,21.0,2.1
SUV,87.77,20.1,52.7,7.2,43.1,328.3
Hatchback,39.04,12.0,50.0,7.2,19.1,143.9
Hatchback,34.4,65.9,82.4,30.0,21.0,11.8
SUV,98.19,66.5,98.7,3.3,-1.4,1898.3
SUV,75.98,42.2,60.7,60.0,1.9,30.1
SUV,67.44,10.2,65.1,60.0,-0.4,76.3
Sedan,50.37,53.4,63.1,30.0,11.0,14.0
Two-Wheeler,2.71,44.2,61.8,3.3,20.5,9.2
Sedan,50.9,3.2,73.2,7.2,13.8,365.4
SUV,92.38,57.3,91.6,3.3,33.9,682.2
Two-Wheeler,2.96,18.4,61.1,11.0,32.0,7.9
Two-Wheeler,3.77,32.1,62.5,60.0,25.9,1.3
SUV,83.24,47.7,69.7,7.2,10.0,187.5
SUV,73.55,53.9,85.1,7.2,10.2,300.5
Hatchback,27.14,58.4,91.0,30.0,21.5,19.5
Hatchback,26.87,30.4,88.2,60.0,37.5,18.6
Sedan,48.33,60.0,90.3,3.3,38.0,331.1
Hatchback,28.44,24.6,88.8,60.0,16.5,23.7
Hatchback,37.99,12.6,25.7,11.0,28.5,27.4
Sedan,50.0,52.0,73.8,60.0,11.9,14.5
Two-Wheeler,2.43,20.3,46.8,7.2,40.5,6.3
SUV,95.08,33.5,83.1,60.0,11.9,65.1
Sedan,55.16,33.4,93.8,30.0,33.5,85.5
Hatchback,38.14,69.0,90.5,3.3,35.7,192.2
Two-Wheeler,4.28,48.8,79.1,7.2,31.2,11.6
Two-Wheeler,3.65,2.4,27.8,3.3,3.3,26.2
Hatchback,36.39,60.7,90.9,7.2,46.2,158.7
Hatchback,31.33,22.5,61.0,30.0,35.7,28.0
SUV,86.97,51.9,63.6,30.0,12.2,29.4
Two-Wheeler,4.28,18.3,30.1,3.3,30.2,10.4
SUV,73.71,13.3,78.3,11.0,15.6,317.2
Sedan,53.81,30.6,38.9,7.2,33.5,42.5
Hatchback,37.12,40.8,48.2,60.0,34.9,3.0
Two-Wheeler,3.44,2.1,82.8,60.0,37.4,3.4
Hatchback,32.89,42.1,94.1,30.0,8.2,56.7
Two-Wheeler,4.29,16.4,74.4,7.2,36.9,24.5
SUV,65.33,69.3,87.8,3.3,-1.6,471.3
Hatchback,38.57,37.7,64.0,60.0,32.2,11.1
Sedan,46.4,15.0,44.9,60.0,-1.6,28.1
SUV,82.44,47.4,62.6,30.0,16.1,32.6
Hatchback,27.8,56.9,65.4,11.0,0.2,25.0
Two-Wheeler,3.18,25.6,41.5,3.3,29.8,10.1
Two-Wheeler,2.57,26.8,99.3,3.3,35.7,51.9
Hatchback,31.82,27.9,96.3,60.0,34.0,26.6
Two-Wheeler,4.43,12.4,46.1,30.0,17.3,3.4
Hatchback,26.67,31.6,47.3,3.3,31.3,80.7
Two-Wheeler,3.87,34.0,90.5,60.0,0.3,5.0
Hatchback,28.69,5.4,58.3,30.0,22.2,34.7
SUV,71.29,68.5,76.5,7.2,48.0,90.0
Hatchback,30.1,61.0,96.9,30.0,33.3,29.7
Two-Wheeler,2.19,69.9,75.3,11.0,21.3,1.0
Two-Wheeler,3.84,44.7,53.5,30.0,7.6,1.1
Hatchback,26.92,67.8,75.8,60.0,40.7,2.8
Two-Wheeler,3.59,54.3,89.0,60.0,8.8,1.8
Two-Wheeler,2.51,22.8,66.3,30.0,41.7,2.8
SUV,89.1,2.1,38.0,7.2,39.5,324.6
SUV,65.04,3.6,21.9,7.2,0.4,164.9
SUV,67.96,61.1,88.8,60.0,4.0,36.1
Hatchback,36.84,51.3,69.6,3.3,-2.1,245.9
Sedan,42.26,38.5,78.1,30.0,31.5,37.2
Hatchback,31.95,58.8,80.8,11.0,16.6,50.7
Sedan,55.49,50.8,84.8,30.0,41.4,49.0
Sedan,44.56,65.0,91.4,7.2,46.5,209.3
Sedan,43.07,42.1,73.4,60.0,-4.9,25.2
Sedan,41.52,66.5,99.0,3.3,42.3,458.5
SUV,97.63,15.4,40.9,60.0,40.7,29.4
Sedan,54.05,22.8,48.4,30.0,34.7,29.4
Two-Wheeler,3.54,30.6,66.2,7.2,30.9,10.6
Sedan,52.13,67.4,95.8,60.0,42.2,26.2
SUV,83.64,39.5,55.7,30.0,6.4,44.3
Sedan,43.12,41.6,54.0,30.0,-1.5,22.0
Two-Wheeler,2.89,64.5,69.8,60.0,19.7,1.0
SUV,65.83,4.4,74.0,7.2,29.7,396.0
Hatchback,35.32,24.9,58.5,60.0,10.5,17.3
Sedan,43.38,15.7,44.2,11.0,16.4,91.7
SUV,74.17,24.3,31.0,60.0,14.7,6.7
Sedan,58.5,10.0,90.7,60.0,39.4,57.6
Two-Wheeler,3.79,55.2,78.5,60.0,5.6,1.4
SUV,98.86,12.4,46.8,11.0,34.0,218.4
Two-Wheeler,3.75,51.9,81.8,11.0,11.9,8.7
Hatchback,36.96,46.4,75.6,11.0,-4.0,121.1
Hatchback,34.02,55.9,98.4,7.2,26.8,180.0
SUV,80.06,43.5,69.1,30.0,19.0,51.1
Two-Wheeler,2.25,37.6,97.3,11.0,0.3,15.6
Hatchback,33.41,24.6,30.2,60.0,-4.2,3.7
Sedan,63.56,12.5,57.8,30.0,21.6,63.7
Two-Wheeler,4.31,31.8,45.5,11.0,30.3,3.4
Sedan,63.5,8.3,61.0,60.0,37.3,36.4
SUV,98.96,17.7,63.4,11.0,1.1,501.2
Hatchback,35.75,43.6,54.5,60.0,40.1,5.0
SUV,73.17,37.4,74.8,11.0,13.0,199.4
SUV,89.41,39.0,93.2,11.0,-2.4,614.3
SUV,69.15,37.8,54.2,3.3,-4.1,416.1
Hatchback,35.71,31.8,97.6,11.0,5.6,254.0
Hatchback,37.1,14.8,96.9,7.2,33.0,313.6
SUV,77.69,3.4,92.2,11.0,37.1,472.7
Hatchback,29.62,53.9,79.6,3.3,29.7,155.1
SUV,70.8,23.7,96.2,60.0,33.8,67.7
SUV,67.14,7.2,25.8,60.0,9.0,17.3
Two-Wheeler,3.07,55.2,72.8,11.0,-0.5,5.8
Hatchback,32.11,68.4,96.2,30.0,36.9,27.8
Sedan,62.53,42.1,66.8,11.0,5.4,141.2
Sedan,59.77,68.8,84.3,7.2,13.1,109.7
Two-Wheeler,3.64,23.3,63.1,11.0,23.5,8.4
SUV,72.55,56.6,72.3,3.3,-4.3,454.9
Two-Wheeler,3.88,30.1,72.2,30.0,34.5,3.6
Two-Wheeler,3.73,8.7,50.0,30.0,42.1,4.0
Two-Wheeler,3.69,63.3,70.2,7.2,41.1,2.8
Sedan,62.23,54.7,96.9,60.0,45.9,56.4
SUV,81.23,9.2,32.7,11.0,29.6,118.3
SUV,72.95,8.0,33.5,60.0,-2.4,37.2
Sedan,47.23,56.5,77.1,11.0,32.8,66.2
SUV,66.98,59.3,89.3,3.3,4.3,712.2
Two-Wheeler,2.14,17.6,81.1,7.2,15.7,14.2
Sedan,42.32,18.3,59.5,3.3,39.9,385.5
Two-Wheeler,2.18,17.3,88.5,3.3,22.3,32.7
Hatchback,33.86,42.4,80.4,7.2,19.9,131.6
SUV,99.12,20.5,79.5,11.0,45.1,536.8
Hatchback,26.81,53.2,96.3,11.0,47.0,142.0
Sedan,49.26,44.1,60.5,60.0,8.2,11.2
Hatchback,39.47,20.0,90.9,11.0,19.4,190.7
SUV,91.45,58.2,64.7,7.2,16.7,54.7
Sedan,56.27,58.5,73.5,30.0,0.9,29.9
Hatchback,33.2,16.9,83.3,60.0,26.1,25.5
SUV,92.4,50.8,67.4,3.3,9.1,403.3
SUV,75.3,23.1,55.2,30.0,47.0,89.2
Sedan,51.75,50.9,94.9,7.2,47.5,421.1
Sedan,48.26,55.0,86.2,11.0,14.3,111.0
Hatchback,35.41,19.1,50.7,7.2,-1.4,208.4
Sedan,58.38,49.2,78.9,3.3,15.5,390.5
Sedan,55.07,46.7,90.2,60.0,33.3,29.6
Two-Wheeler,2.38,57.0,86.8,11.0,46.9,6.7
Two-Wheeler,3.81,61.0,95.0,11.0,5.7,12.4
Hatchback,39.54,43.7,91.4,60.0,-1.0,41.1
Two-Wheeler,3.26,67.6,90.4,3.3,19.4,18.3
Two-Wheeler,3.14,44.8,75.5,11.0,29.0,6.0
Hatchback,31.23,40.0,94.8,11.0,17.4,111.9
Sedan,40.31,34.4,52.1,30.0,3.0,21.7
Hatchback,34.41,38.5,71.5,30.0,15.6,28.8
SUV,91.76,21.6,93.7,60.0,38.4,83.6
SUV,83.34,20.1,42.4,30.0,19.2,43.4
SUV,74.14,44.2,99.9,11.0,4.4,543.2
Two-Wheeler,2.55,61.5,98.6,7.2,13.6,13.4
Two-Wheeler,3.54,3.8,54.1,3.3,3.1,55.0
Hatchback,26.33,54.9,93.2,60.0,4.3,20.9
SUV,83.72,47.7,66.3,30.0,-3.7,66.4
SUV,97.15,31.2,53.1,30.0,2.0,83.8
Hatchback,38.67,14.5,21.0,7.2,6.9,29.2
SUV,96.77,39.1,50.7,7.2,28.1,105.0
Sedan,59.65,69.0,89.0,30.0,14.4,35.4
Two-Wheeler,3.13,4.0,31.5,11.0,47.4,8.1
Two-Wheeler,4.45,55.9,61.0,3.3,43.4,5.8
SUV,92.59,24.6,69.9,30.0,33.8,101.0
Sedan,56.23,59.0,94.1,7.2,2.0,398.1
Two-Wheeler,3.58,18.5,94.7,3.3,27.8,61.0
Hatchback,28.11,8.2,20.8,30.0,25.9,7.9
Two-Wheeler,3.9,4.6,41.5,7.2,29.6,12.4
Two-Wheeler,3.58,33.5,42.2,60.0,9.6,1.0
Sedan,48.57,18.9,32.6,11.0,34.8,38.8
Sedan,51.36,57.6,67.5,60.0,3.0,8.9
Hatchback,39.65,57.0,75.2,3.3,22.6,149.2
Hatchback,26.55,25.7,36.7,30.0,43.7,7.7
SUV,97.23,23.0,34.4,30.0,12.8,31.1
Sedan,41.87,6.8,73.5,11.0,34.0,174.9
Hatchback,30.18,6.6,41.1,30.0,33.7,23.6
Sedan,46.99,30.4,60.1,11.0,15.7,103.4
Hatchback,26.54,21.7,36.2,11.0,26.9,24.3
Two-Wheeler,2.22,25.5,43.0,30.0,-0.1,1.6
Sedan,44.37,26.9,51.9,3.3,43.8,297.8
Hatchback,28.02,35.9,70.2,11.0,19.7,61.2
Two-Wheeler,2.35,25.9,71.0,3.3,41.5,26.6
Two-Wheeler,2.57,4.2,68.2,30.0,6.4,4.9
SUV,68.68,15.2,37.0,60.0,43.3,19.2
Sedan,47.19,41.6,56.1,30.0,37.7,15.5
SUV,73.3,33.7,71.3,3.3,38.8,623.1
SUV,71.79,60.3,96.7,60.0,28.2,42.4
SUV,89.47,2.7,33.0,11.0,25.0,168.2
Hatchback,33.69,60.2,93.0,60.0,36.0,15.8
Sedan,52.16,55.5,83.7,11.0,38.5,91.9
Hatchback,36.88,40.1,79.5,11.0,20.2,78.8
Two-Wheeler,3.88,24.4,63.7,60.0,40.7,1.7
Hatchback,36.02,51.7,60.8,60.0,34.8,3.2
SUV,65.39,65.5,84.8,60.0,1.8,25.9
SUV,92.29,49.7,79.8,30.0,-0.7,120.7
Hatchback,36.67,4.4,77.9,60.0,9.3,36.5
Sedan,42.31,14.3,80.1,3.3,29.5,584.2
Hatchback,38.19,32.3,45.7,7.2,35.7,49.5
Hatchback,30.78,50.3,56.9,11.0,21.0,12.0
Hatchback,28.99,17.9,47.6,30.0,20.5,18.4
Two-Wheeler,2.83,30.7,71.5,30.0,15.0,3.2
SUV,91.49,37.6,63.7,30.0,5.7,82.5
Sedan,43.03,16.6,73.8,60.0,25.5,28.0
Sedan,61.96,51.3,90.2,3.3,15.1,609.7
Two-Wheeler,3.97,13.0,36.5,3.3,9.7,25.2
Sedan,50.64,52.8,95.5,7.2,36.9,246.6
SUV,70.52,19.2,55.6,3.3,14.2,606.3
Hatchback,35.89,5.6,99.5,11.0,39.7,281.6
Hatchback,39.46,65.6,82.2,7.2,-1.8,100.0
Hatchback,35.4,20.7,86.5,30.0,24.5,56.2
Two-Wheeler,2.93,31.2,77.8,30.0,28.9,3.2
Two-Wheeler,2.8,21.5,65.8,11.0,1.3,11.6
Two-Wheeler,2.88,15.1,59.7,7.2,-3.0,19.8
Sedan,62.63,37.8,87.4,7.2,40.1,331.6
SUV,72.89,22.6,78.9,60.0,23.5,45.7
Sedan,42.86,13.4,70.5,30.0,28.1,52.8
Hatchback,28.12,6.8,46.3,30.0,14.7,28.2
Two-Wheeler,4.18,36.3,58.2,30.0,21.7,2.2
Two-Wheeler,3.25,30.1,37.2,3.3,33.2,4.6
Two-Wheeler,3.78,7.6,57.9,3.3,28.0,40.0
SUV,78.49,16.5,59.7,30.0,13.1,89.4
SUV,72.05,34.0,75.1,11.0,36.5,172.9
Two-Wheeler,4.23,39.9,84.1,30.0,35.8,4.0
Two-Wheeler,4.26,34.2,97.2,30.0,16.2,7.4
Two-Wheeler,3.4,3.0,22.5,3.3,14.8,13.8
Hatchback,33.62,47.1,88.7,3.3,30.0,296.1
Two-Wheeler,4.22,27.4,34.4,60.0,23.0,1.0
Hatchback,38.46,67.9,92.2,60.0,3.6,18.6
Hatchback,28.02,6.2,51.5,3.3,36.5,263.4
Hatchback,38.88,12.3,19.1,60.0,20.4,3.1
Sedan,40.87,47.8,91.4,30.0,9.4,53.2
Hatchback,28.08,63.3,75.4,11.0,39.5,21.4
Sedan,57.78,3.8,30.3,7.2,10.1,174.1
SUV,74.48,34.3,98.9,60.0,30.3,66.6
Sedan,50.54,22.8,65.4,7.2,34.0,212.1
SUV,90.78,38.3,86.9,7.2,1.0,741.1
Two-Wheeler,3.75,39.9,66.2,7.2,23.4,9.7
Two-Wheeler,3.9,59.9,90.9,30.0,4.5,4.7
SUV,88.31,69.4,81.9,7.2,9.3,137.9
SUV,79.94,55.3,62.3,60.0,4.6,9.7
Hatchback,26.6,64.8,89.8,60.0,43.2,10.0
Hatchback,25.41,33.7,74.9,11.0,0.3,122.1
Hatchback,29.01,43.9,74.3,3.3,7.7,259.0
Hatchback,33.53,9.9,19.7,3.3,20.9,70.3
Sedan,47.34,3.1,94.5,11.0,6.2,388.9
Two-Wheeler,2.24,13.6,27.7,3.3,23.1,6.4
Sedan,42.91,31.3,63.6,60.0,7.2,19.6
Two-Wheeler,2.05,29.1,37.7,3.3,15.9,4.1
Sedan,44.79,35.9,64.1,11.0,47.4,111.8
Sedan,60.61,20.1,38.9,3.3,41.3,254.5
Hatchback,25.12,19.7,44.2,30.0,35.3,13.7
SUV,97.62,69.0,77.3,11.0,24.5,47.4
SUV,97.2,51.5,86.5,30.0,-2.1,138.9
Two-Wheeler,3.74,41.7,68.5,11.0,20.8,5.5
Two-Wheeler,3.96,43.3,71.2,7.2,17.0,11.6
Two-Wheeler,2.31,63.9,93.0,30.0,13.5,2.0
Two-Wheeler,2.36,9.0,22.9,3.3,45.9,10.2
Two-Wheeler,3.41,44.1,93.9,60.0,8.9,2.9
Two-Wheeler,4.34,32.2,91.0,60.0,21.7,3.0
SUV,80.81,19.5,26.8,7.2,0.6,89.8
Sedan,61.83,39.7,96.4,60.0,21.5,49.9
Two-Wheeler,2.64,43.7,71.7,11.0,46.7,6.4
Two-Wheeler,2.88,16.7,99.4,3.3,24.6,54.1
SUV,80.86,16.2,52.3,30.0,10.2,83.4
SUV,74.19,44.3,85.2,60.0,14.6,41.3
Sedan,49.32,32.3,55.9,7.2,20.9,107.3
Two-Wheeler,4.36,16.8,57.0,7.2,26.9,16.4
Hatchback,29.86,27.7,72.8,60.0,26.6,14.7
Sedan,40.27,54.0,88.4,30.0,26.0,31.8
Two-Wheeler,3.85,19.5,47.5,60.0,32.7,1.2
Sedan,61.98,28.0,59.5,11.0,31.4,126.6
Hatchback,35.93,18.5,36.9,3.3,-0.3,202.7
Hatchback,30.12,65.8,89.6,7.2,31.7,74.2
SUV,96.45,45.1,90.5,3.3,13.9,1052.9
Two-Wheeler,2.51,58.1,75.4,11.0,19.7,2.7
Hatchback,36.87,29.9,98.6,30.0,8.7,107.5
Sedan,63.18,52.4,78.5,30.0,16.9,38.2
Hatchback,33.83,49.7,75.7,60.0,6.6,14.4
Hatchback,35.04,47.2,79.1,30.0,13.1,30.6
Hatchback,27.22,44.7,88.3,3.3,43.1,274.1
SUV,85.91,22.5,80.1,60.0,47.4,86.4
Sedan,46.52,15.9,32.7,30.0,-3.3,33.8
SUV,88.67,61.1,94.8,3.3,10.8,987.2
Hatchback,33.53,45.8,61.6,7.2,7.0,58.1
SUV,87.49,39.9,81.1,60.0,1.8,66.9
Hatchback,35.05,17.1,77.1,7.2,34.9,221.0
SUV,86.25,42.7,85.4,11.0,21.4,232.8
SUV,70.96,46.4,58.6,30.0,33.4,20.0
Hatchback,26.33,33.3,48.6,60.0,41.0,5.1
Sedan,42.63,56.2,72.2,11.0,26.5,42.4
Sedan,42.84,39.5,44.6,7.2,47.6,30.7
Two-Wheeler,2.72,19.2,88.3,30.0,35.2,4.1
Hatchback,27.63,65.5,83.9,30.0,41.0,11.7
Sedan,54.23,67.7,73.7,7.2,17.6,36.8
SUV,76.13,52.9,96.5,7.2,23.5,425.1
SUV,72.96,8.0,50.9,3.3,28.2,720.6
Two-Wheeler,3.71,45.5,81.6,11.0,27.1,8.9
SUV,96.77,66.7,96.0,30.0,0.0,155.4
SUV,68.4,40.4,57.0,7.2,25.8,112.2
Hatchback,39.25,54.1,92.0,7.2,1.0,256.3
Two-Wheeler,4.11,4.0,23.8,3.3,11.7,21.5
Hatchback,35.0,51.5,69.1,60.0,46.7,10.1
SUV,92.27,27.0,55.3,60.0,31.0,27.9
SUV,95.01,67.7,81.7,30.0,23.5,32.9
SUV,92.91,19.8,78.0,7.2,22.8,540.8
SUV,85.53,14.3,84.5,11.0,16.3,402.1
Hatchback,32.19,20.7,45.4,60.0,25.0,9.0
Sedan,45.87,32.3,66.5,7.2,22.9,136.4
Hatchback,30.51,63.2,84.5,11.0,39.1,41.5
Hatchback,36.08,14.0,97.5,7.2,25.3,339.0
SUV,89.94,6.6,34.7,11.0,44.0,213.1
SUV,68.44,44.1,77.5,3.3,29.3,444.6
Hatchback,27.97,17.9,55.8,3.3,1.4,376.5
SUV,70.73,64.3,97.3,60.0,22.2,39.4
Hatchback,30.35,40.2,51.6,30.0,21.3,8.1
Sedan,49.55,47.1,98.9,11.0,-1.4,406.2
Hatchback,39.35,39.1,51.4,3.3,27.4,97.3
SUV,95.26,50.2,55.5,3.3,45.9,166.5
Two-Wheeler,3.07,11.6,64.1,3.3,11.5,41.7
Sedan,48.32,30.2,54.3,60.0,39.4,12.6
SUV,95.85,14.5,88.6,3.3,25.6,1360.8
SUV,98.73,22.4,31.6,3.3,35.5,196.3
Hatchback,33.92,6.7,29.5,7.2,20.9,73.6
Sedan,58.22,26.0,58.9,11.0,9.4,136.9
Hatchback,33.7,13.7,76.9,3.3,-2.8,737.6
Sedan,50.96,49.2,85.9,7.2,46.6,247.9
Hatchback,37.92,51.7,59.6,3.3,-0.6,122.1
Hatchback,33.95,16.9,96.8,7.2,22.1,289.6
Two-Wheeler,3.54,60.8,66.6,3.3,23.6,3.6
SUV,93.56,48.9,88.7,11.0,6.2,360.6
SUV,67.43,60.7,67.6,30.0,-3.5,18.5
SUV,68.1,3.2,89.0,3.3,-2.6,2387.5
Sedan,48.54,21.8,91.8,7.2,35.7,336.1
Sedan,48.26,14.6,62.2,30.0,13.9,60.4
Two-Wheeler,3.78,22.4,60.9,3.3,46.9,40.8
Hatchback,28.15,25.9,68.0,3.3,47.0,398.7
Hatchback,35.81,21.3,94.7,30.0,23.6,67.9
SUV,82.73,12.6,78.2,60.0,7.4,88.8
SUV,85.24,21.9,29.9,7.2,15.5,67.8
Sedan,51.49,7.3,33.8,11.0,9.9,93.2
Two-Wheeler,2.55,12.8,17.8,60.0,27.1,1.0
Sedan,57.25,5.0,47.7,30.0,46.3,84.2
SUV,83.82,19.7,83.4,11.0,-4.8,650.1
Hatchback,38.76,2.6,63.1,11.0,-4.8,247.2
SUV,88.88,15.4,99.8,60.0,8.6,147.2
Hatchback,37.75,29.1,80.0,30.0,28.2,39.5
Two-Wheeler,2.63,17.3,71.3,60.0,5.1,2.1
Sedan,50.53,48.4,94.6,7.2,31.6,270.0
Sedan,58.75,63.7,88.5,7.2,26.6,145.4
Sedan,50.81,5.8,12.7,11.0,27.7,21.3
Sedan,62.32,16.0,76.4,7.2,36.8,329.8
Hatchback,36.91,33.1,76.7,60.0,40.5,20.7
Hatchback,27.39,40.4,53.1,30.0,30.0,7.7
SUV,77.63,49.7,95.8,7.2,-4.4,724.2
Hatchback,33.53,23.7,75.2,30.0,41.0,43.4
Hatchback,25.31,66.3,94.3,11.0,21.8,46.3
SUV,91.04,54.3,93.1,7.2,31.3,369.4
Sedan,44.51,60.4,79.3,3.3,23.9,174.9
Hatchback,31.14,38.4,64.6,11.0,-1.0,87.2
Hatchback,34.06,45.8,95.8,60.0,24.2,20.0
Two-Wheeler,2.44,23.2,91.7,11.0,18.5,10.8
SUV,68.06,45.5,85.2,60.0,11.1,39.8
SUV,91.43,62.3,94.0,11.0,0.8,363.6
Sedan,57.75,2.6,20.8,30.0,-0.0,44.9
Two-Wheeler,4.36,8.1,57.1,30.0,14.7,5.2
Two-Wheeler,2.72,19.2,78.6,3.3,29.0,31.5
SUV,76.97,18.6,24.4,11.0,2.8,43.7
SUV,98.97,54.2,84.1,60.0,30.4,31.3
SUV,72.67,68.4,93.5,30.0,7.4,69.8
Hatchback,38.67,28.1,65.5,30.0,11.4,39.2
Hatchback,25.45,30.3,65.8,7.2,36.3,84.5
Hatchback,31.95,56.1,79.8,7.2,24.4,74.9
Two-Wheeler,4.32,20.2,51.2,3.3,1.1,45.3
SUV,89.01,60.2,75.2,30.0,11.7,41.5
SUV,94.21,43.6,57.9,11.0,45.7,119.5
Hatchback,28.82,41.1,75.3,30.0,8.8,30.6
SUV,80.51,4.1,71.2,3.3,19.5,1104.8
SUV,91.74,67.7,96.3,30.0,12.2,107.6
Hatchback,27.04,33.3,66.6,3.3,21.8,165.4
Sedan,63.86,13.7,47.8,30.0,-1.1,84.4
Sedan,40.99,16.5,55.0,60.0,10.5,22.3
Sedan,57.6,29.6,79.3,60.0,41.2,33.1
Sedan,55.35,51.9,60.5,30.0,33.8,10.2
Sedan,44.93,13.0,78.5,30.0,29.3,69.7
Sedan,45.73,54.3,89.8,11.0,22.7,120.6
Two-Wheeler,2.54,10.6,40.1,7.2,29.7,6.7
Two-Wheeler,2.62,48.5,78.1,60.0,6.2,1.1
Hatchback,39.16,21.8,66.1,60.0,3.0,32.6
SUV,97.53,45.0,59.3,7.2,47.6,187.1
SUV,92.98,39.9,67.0,3.3,5.4,782.5
Hatchback,37.05,20.6,60.5,3.3,46.3,494.6
Sedan,59.97,66.2,94.2,30.0,18.9,52.7
Two-Wheeler,3.11,20.0,49.7,7.2,-1.9,14.6
Sedan,46.47,43.5,62.8,7.2,20.2,93.1
Sedan,61.35,7.6,84.2,30.0,40.1,127.4
Hatchback,33.29,6.8,18.3,60.0,5.4,6.0
Hatchback,27.63,38.6,99.9,60.0,-4.3,45.0
Sedan,45.63,35.9,65.8,7.2,25.9,126.6
SUV,72.51,32.7,39.8,30.0,37.3,12.2
Sedan,55.04,31.7,89.0,7.2,47.1,514.5
Hatchback,36.25,4.3,58.7,7.2,40.4,203.0
SUV,70.14,64.4,93.6,60.0,15.7,31.9
SUV,88.46,10.8,94.4,11.0,35.4,537.6
SUV,80.17,18.3,44.3,7.2,2.7,319.5
Hatchback,27.35,11.1,60.9,30.0,32.3,30.9
Hatchback,28.02,41.0,79.8,11.0,8.7,84.1
Two-Wheeler,2.24,20.8,43.0,60.0,42.3,1.0
Two-Wheeler,4.07,53.3,65.7,60.0,13.3,1.0
SUV,95.73,66.5,89.8,60.0,20.6,28.6
Two-Wheeler,2.39,22.8,34.3,11.0,-0.3,2.9
Two-Wheeler,3.53,40.0,86.2,30.0,17.4,4.2
Hatchback,26.0,41.6,86.7,11.0,9.0,88.7
Sedan,52.83,61.5,91.2,7.2,25.5,181.5
SUV,89.48,43.6,53.0,3.3,1.6,269.7
Two-Wheeler,4.24,20.8,55.2,3.3,24.4,28.8
Sedan,48.71,35.9,82.3,11.0,16.0,162.0
Hatchback,29.95,22.3,43.6,7.2,35.3,62.9
Two-Wheeler,2.49,67.6,81.9,3.3,15.6,8.3
Sedan,52.32,63.2,86.2,7.2,30.3,121.9
Two-Wheeler,4.23,64.4,94.1,7.2,1.5,25.8
Hatchback,33.95,47.9,73.0,3.3,20.4,147.8
Sedan,44.73,11.4,69.1,60.0,7.2,38.2
Two-Wheeler,2.49,34.4,97.8,7.2,38.9,18.4
Hatchback,35.09,32.7,86.2,3.3,21.2,369.2
Two-Wheeler,4.08,55.0,75.0,7.2,46.1,11.0
SUV,91.71,42.8,53.6,3.3,3.5,319.5
SUV,81.15,5.5,57.0,3.3,27.1,810.7
SUV,67.89,4.4,22.0,60.0,12.9,16.5
Sedan,57.31,67.1,79.0,3.3,-4.5,252.5
SUV,66.52,44.0,61.4,30.0,28.5,24.0
Two-Wheeler,2.65,43.6,78.5,7.2,42.0,9.8
SUV,90.62,47.3,61.4,30.0,9.6,35.2
Two-Wheeler,2.11,5.4,92.9,3.3,31.5,40.4
SUV,89.53,37.0,69.8,60.0,34.5,36.4
Sedan,52.32,54.6,78.9,60.0,15.4,15.7
Sedan,45.03,51.6,64.1,3.3,42.8,127.8
Two-Wheeler,3.2,17.1,30.2,3.3,-1.8,14.6
SUV,84.45,12.1,19.1,7.2,-3.6,96.4
Hatchback,31.73,44.4,93.7,30.0,6.3,51.3
Two-Wheeler,3.82,61.2,70.5,30.0,23.6,1.0
SUV,73.33,10.7,97.8,30.0,19.7,169.2
Hatchback,33.9,12.0,32.2,3.3,45.5,207.5
SUV,88.49,16.7,36.0,3.3,24.5,365.4
SUV,92.35,57.4,85.8,11.0,25.6,154.6
SUV,82.87,10.8,34.4,3.3,45.3,625.4
Sedan,43.86,40.8,91.6,7.2,15.7,264.0
Sedan,62.73,59.6,70.9,11.0,41.9,51.9
Sedan,44.9,28.3,99.0,11.0,35.6,264.5
Sedan,48.99,13.8,86.1,60.0,-4.4,76.1
Two-Wheeler,2.71,26.2,53.1,3.3,7.9,20.8
Sedan,59.37,33.1,48.1,3.3,-0.6,319.8
SUV,81.15,8.9,98.3,7.2,9.2,1102.4
SUV,75.86,7.6,45.5,30.0,24.3,61.7
Hatchback,38.34,39.1,84.2,7.2,-3.4,289.8
Two-Wheeler,2.81,37.6,97.7,7.2,13.3,20.3
Hatchback,37.13,47.1,71.7,60.0,17.3,10.6
SUV,91.51,42.9,98.4,3.3,24.6,1319.9
Two-Wheeler,4.46,63.7,77.9,30.0,13.4,1.6
Sedan,40.29,11.6,23.8,11.0,4.5,43.3
Sedan,56.91,5.7,64.9,60.0,18.1,40.5
Hatchback,25.98,68.6,75.2,60.0,33.8,1.9
Two-Wheeler,2.38,16.1,24.4,30.0,1.9,1.0
SUV,84.67,7.2,49.5,3.3,32.6,738.2
Hatchback,36.36,38.5,70.4,30.0,33.7,25.6
Two-Wheeler,4.0,59.0,77.2,11.0,17.0,4.9
Hatchback,35.3,7.1,20.5,11.0,23.2,29.6
Two-Wheeler,4.4,53.7,91.0,7.2,39.2,17.9
SUV,69.15,27.9,35.3,7.2,34.8,46.8
SUV,82.15,47.7,87.8,7.2,46.4,463.2
Hatchback,37.81,8.6,81.5,7.2,2.1,412.3
Hatchback,36.52,9.8,85.0,11.0,40.1,200.1
SUV,95.53,54.2,82.8,60.0,37.9,31.2
SUV,73.49,18.9,84.5,30.0,47.4,157.8
Sedan,46.71,30.1,94.0,60.0,46.0,52.5
SUV,94.48,60.9,95.5,60.0,15.5,53.0
Hatchback,26.12,18.5,27.7,3.3,9.7,63.7
Sedan,47.89,17.2,29.6,3.3,30.8,120.5
Sedan,57.11,68.8,93.0,30.0,-2.5,64.2
Hatchback,34.59,58.6,69.4,30.0,47.0,12.7
Two-Wheeler,3.32,14.7,47.9,60.0,6.7,1.7
SUV,78.21,14.4,48.8,60.0,27.7,29.5
Hatchback,38.08,18.3,95.1,3.3,-2.5,1175.5
Two-Wheeler,2.39,47.2,70.8,30.0,15.2,1.4
Two-Wheeler,2.43,48.5,60.7,60.0,-3.1,1.0
Hatchback,35.9,36.5,97.2,30.0,35.5,57.0
SUV,85.86,24.7,29.7,7.2,-3.7,76.9
Sedan,56.33,53.9,98.7,11.0,39.5,223.2
SUV,72.56,67.9,87.4,11.0,8.2,128.9
Sedan,64.92,7.1,41.6,11.0,44.9,159.8
SUV,86.17,47.2,56.6,7.2,8.7,106.5
Sedan,49.57,24.8,81.1,7.2,26.7,249.7
Two-Wheeler,3.05,14.3,96.1,7.2,4.2,34.7
Two-Wheeler,4.03,62.4,93.6,30.0,26.2,3.3
Hatchback,25.07,27.7,90.4,30.0,25.8,37.2
Two-Wheeler,2.04,62.0,92.1,60.0,2.8,1.3
Two-Wheeler,2.17,68.2,84.5,60.0,13.7,1.0
Two-Wheeler,2.98,45.5,67.8,11.0,-3.2,6.5
Hatchback,35.3,41.1,79.2,11.0,6.6,116.4
SUV,97.2,56.9,89.3,11.0,19.4,227.2
Two-Wheeler,3.66,24.5,36.5,7.2,22.4,3.9
Two-Wheeler,3.25,9.9,24.5,7.2,6.1,6.4
Two-Wheeler,2.6,50.9,64.3,60.0,28.7,1.0
Two-Wheeler,3.86,48.3,54.0,60.0,39.3,1.0
Sedan,59.42,45.0,90.9,11.0,32.6,177.7
Hatchback,30.69,36.1,75.6,7.2,31.7,106.1
SUV,70.28,28.8,94.3,30.0,6.5,166.6
Hatchback,27.92,33.1,82.2,30.0,20.7,30.9
SUV,82.6,67.3,80.4,60.0,7.4,17.4
SUV,73.79,27.2,48.0,11.0,7.6,123.2
Sedan,60.87,36.8,69.6,60.0,-3.3,37.4
Sedan,59.46,26.2,94.5,30.0,39.5,100.8
SUV,72.8,64.8,88.8,60.0,16.8,25.2
Hatchback,37.66,58.9,78.9,11.0,40.0,48.9
Two-Wheeler,2.61,58.3,86.1,11.0,17.8,5.0
Two-Wheeler,2.49,28.7,58.9,60.0,-1.0,1.6
Sedan,46.33,57.1,98.3,30.0,6.9,85.6
Hatchback,35.38,34.8,75.2,3.3,36.3,303.8
Two-Wheeler,4.21,65.4,89.1,11.0,-3.0,11.6
SUV,84.48,49.6,70.8,60.0,21.6,19.7
Sedan,42.88,3.2,42.5,60.0,15.7,20.9
Two-Wheeler,3.91,38.5,82.9,3.3,22.0,33.0
Sedan,48.65,45.3,72.4,11.0,11.1,95.5
SUV,71.89,52.3,68.1,30.0,17.9,30.4
SUV,78.97,39.7,61.4,3.3,-1.0,742.4
Hatchback,29.23,38.3,70.0,11.0,9.1,63.5
Hatchback,35.2,31.5,56.6,30.0,26.3,20.7
SUV,88.28,32.1,95.8,11.0,9.0,499.4
Two-Wheeler,3.82,51.0,88.5,11.0,33.8,8.7
Two-Wheeler,4.18,24.1,36.9,3.3,1.8,16.6
SUV,88.22,43.6,54.1,11.0,10.7,71.9
SUV,95.47,3.5,92.0,30.0,40.6,240.6
Hatchback,29.08,46.8,90.3,30.0,20.6,29.1
Sedan,58.12,49.9,76.8,11.0,47.2,161.8
SUV,74.04,56.6,90.9,3.3,36.0,592.6
Two-Wheeler,2.8,42.8,69.2,11.0,22.8,4.5
Sedan,51.82,7.9,99.5,7.2,-3.0,944.4
SUV,95.08,39.3,55.2,3.3,7.3,404.4
SUV,70.15,18.5,76.5,30.0,27.5,94.3
Two-Wheeler,3.4,17.6,70.0,3.3,9.5,41.9
SUV,85.0,58.9,99.8,11.0,36.3,364.4
Two-Wheeler,2.45,54.0,86.9,60.0,24.9,1.0
Sedan,57.92,63.9,90.6,30.0,8.5,48.0
Two-Wheeler,2.59,49.6,92.9,11.0,10.5,9.1
SUV,99.58,15.5,57.2,30.0,28.9,95.1
Sedan,62.28,18.1,55.6,60.0,33.1,26.1
Hatchback,36.2,58.4,96.6,60.0,4.4,32.0
Hatchback,37.34,52.2,62.4,30.0,29.2,8.2
Sedan,64.86,12.7,26.3,11.0,16.7,54.9
Two-Wheeler,2.2,30.5,76.3,3.3,3.2,32.4
Hatchback,32.84,4.1,56.0,60.0,6.4,24.0
Sedan,41.36,2.0,19.4,30.0,-2.6,29.5
SUV,92.29,4.1,41.0,11.0,44.3,268.1
Sedan,52.09,8.6,29.8,60.0,35.2,11.3
Hatchback,32.39,32.6,38.8,11.0,0.1,24.5
Two-Wheeler,2.87,49.0,73.5,3.3,47.1,20.9
SUV,69.72,15.9,62.7,60.0,41.2,43.2
SUV,79.06,8.4,86.0,7.2,43.5,722.5
Hatchback,34.21,39.5,47.4,11.0,15.9,17.9
SUV,77.56,57.7,90.9,60.0,44.3,42.9
Sedan,50.94,54.6,92.9,3.3,-0.6,777.5
Two-Wheeler,2.57,25.6,58.0,60.0,15.9,1.0
Sedan,59.48,10.4,84.2,3.3,-4.1,1652.8
Hatchback,34.84,14.2,62.6,7.2,10.9,191.2
SUV,69.59,65.9,86.7,30.0,-4.9,58.1
SUV,94.19,24.4,69.5,3.3,39.3,910.0
Two-Wheeler,2.37,50.7,62.8,30.0,-3.8,1.1
Hatchback,39.79,68.0,93.1,30.0,38.7,25.8
SUV,73.0,47.0,58.8,11.0,39.1,57.8
Two-Wheeler,4.11,9.6,97.8,7.2,45.4,53.0
Hatchback,25.56,31.7,92.7,30.0,-4.4,66.8
Sedan,56.88,49.9,57.9,7.2,6.5,56.3
Sedan,47.16,13.0,79.9,3.3,-3.6,1239.2
Two-Wheeler,2.02,66.9,96.3,11.0,29.3,5.1
SUV,84.38,18.3,72.2,3.3,2.7,1729.9
Hatchback,32.53,13.0,39.0,7.2,18.9,79.7
Sedan,48.39,7.7,58.5,60.0,12.1,32.9
SUV,94.95,47.1,61.1,7.2,16.5,128.2
Hatchback,30.96,41.8,84.9,11.0,21.8,90.7
Hatchback,32.47,30.3,51.3,60.0,2.0,11.9
Hatchback,36.46,16.8,76.7,11.0,-0.8,244.8
Two-Wheeler,3.17,14.3,28.3,7.2,25.0,4.1
SUV,75.78,27.2,44.7,11.0,9.3,101.0
Sedan,62.65,58.6,63.9,11.0,7.2,27.2
SUV,81.72,47.9,78.5,7.2,-4.7,439.4
SUV,70.87,12.0,68.7,3.3,16.5,983.2
Sedan,63.76,12.5,38.5,3.3,25.4,356.4
SUV,67.54,68.7,89.6,3.3,23.1,322.7
Hatchback,28.95,34.1,68.2,11.0,16.1,66.9
Two-Wheeler,2.4,27.3,37.1,3.3,47.3,7.9
SUV,86.28,55.1,76.4,3.3,20.5,404.2
SUV,85.92,44.9,90.2,7.2,42.2,488.2
Hatchback,37.24,47.9,70.4,3.3,43.9,189.3
Sedan,41.44,14.0,93.4,30.0,47.1,122.3
Sedan,55.26,7.2,64.5,7.2,46.3,442.3
Sedan,53.12,21.5,56.8,30.0,24.2,41.1
SUV,97.38,10.0,96.4,11.0,24.2,576.3
SUV,75.37,31.8,96.0,3.3,35.1,1214.4
Sedan,52.29,59.8,92.1,7.2,6.5,247.9
Two-Wheeler,3.26,8.1,34.8,3.3,38.5,19.0
Hatchback,36.34,20.0,25.6,60.0,22.9,2.3
Hatchback,38.6,54.2,80.4,11.0,-4.0,103.0
SUV,73.76,59.0,79.3,11.0,5.8,131.1
Two-Wheeler,2.49,38.2,82.7,30.0,18.8,2.7
SUV,89.05,3.2,29.7,30.0,29.3,43.7
Sedan,44.07,52.9,99.9,60.0,13.4,38.8
Hatchback,34.33,69.2,99.3,3.3,16.8,342.0
Two-Wheeler,2.82,57.9,69.0,60.0,46.9,1.0
Sedan,49.63,66.3,73.4,11.0,21.4,17.7
Sedan,42.82,19.1,98.7,7.2,37.8,442.9
SUV,88.16,36.3,81.1,11.0,40.8,295.8
Sedan,62.84,30.5,98.5,60.0,41.8,70.7
SUV,89.75,55.3,70.2,3.3,21.4,279.1
Hatchback,26.04,16.9,85.5,11.0,-1.1,220.8
Sedan,63.91,69.1,98.6,30.0,23.7,64.5
Sedan,51.89,4.7,13.0,7.2,12.2,48.7
Sedan,63.32,28.6,36.8,11.0,23.6,28.7
SUV,80.1,23.9,80.4,60.0,21.1,49.4
Hatchback,30.63,5.2,78.0,3.3,8.0,563.7
Two-Wheeler,3.45,23.5,97.3,11.0,28.7,17.1
Hatchback,33.28,30.1,61.9,7.2,-2.5,192.9
Hatchback,37.75,9.1,15.7,60.0,0.4,4.9
Two-Wheeler,3.91,2.4,73.7,7.2,42.0,30.1
Two-Wheeler,4.29,38.4,59.5,60.0,24.8,1.0
Sedan,53.59,56.3,84.9,60.0,10.3,21.6
Sedan,49.57,25.2,97.0,60.0,12.7,49.9
SUV,92.71,43.8,55.0,3.3,-1.6,369.5
Hatchback,30.4,20.4,68.8,30.0,45.5,51.5
SUV,98.75,42.7,82.9,11.0,36.9,252.1
Sedan,55.36,10.2,53.8,11.0,35.8,145.9
Sedan,43.64,14.0,60.5,11.0,-3.4,228.6
SUV,97.39,62.0,74.0,3.3,-1.5,438.0
SUV,90.72,41.0,75.4,3.3,40.2,744.9
Sedan,55.26,32.0,76.3,11.0,3.0,244.7
Hatchback,27.51,30.1,82.3,7.2,16.0,158.7
Two-Wheeler,4.37,15.2,45.8,7.2,3.7,21.0
Two-Wheeler,3.56,15.6,27.4,3.3,9.1,11.0
Hatchback,27.34,6.3,76.0,11.0,32.3,126.6
Two-Wheeler,2.6,35.0,83.7,11.0,35.9,8.5
Hatchback,32.3,52.3,86.8,30.0,34.8,24.9
Hatchback,28.97,32.4,66.5,7.2,30.4,88.9
Sedan,55.82,20.6,42.4,11.0,6.4,102.8
SUV,76.06,21.1,69.8,3.3,44.0,937.7
Hatchback,33.1,4.5,81.2,3.3,14.9,543.4
Sedan,50.88,66.1,72.1,11.0,45.3,27.0
Hatchback,36.13,37.5,94.0,3.3,23.8,460.0
Hatchback,39.25,47.2,80.9,7.2,36.9,118.1
Sedan,52.51,56.6,89.0,60.0,18.9,22.0
SUV,65.13,50.2,78.0,30.0,39.5,47.4
Two-Wheeler,2.05,15.4,79.4,3.3,41.2,31.4
SUV,85.55,36.4,98.3,60.0,-0.7,139.9
Two-Wheeler,2.31,43.2,61.8,7.2,19.5,4.2
Two-Wheeler,2.5,63.0,84.7,7.2,37.4,4.9
Sedan,57.36,5.3,45.7,3.3,24.0,457.3
Two-Wheeler,2.51,47.1,74.6,60.0,35.7,1.0
Hatchback,29.3,56.3,81.7,11.0,41.8,54.3
Hatchback,25.26,52.2,72.1,60.0,30.4,5.9
Sedan,58.62,12.7,31.8,30.0,25.4,24.0
Sedan,58.21,49.5,58.7,3.3,-2.4,196.5
Hatchback,38.4,31.5,41.9,30.0,39.5,9.4
Hatchback,35.57,2.0,41.7,60.0,4.6,23.1
Hatchback,33.12,56.3,64.6,7.2,18.4,24.7
Two-Wheeler,3.3,54.9,88.5,11.0,22.0,6.2
Hatchback,25.82,31.1,46.2,3.3,6.5,112.8
Two-Wheeler,3.05,58.7,72.8,30.0,28.0,1.0
SUV,89.11,11.9,74.6,3.3,31.6,1191.3
Sedan,62.12,7.1,94.0,11.0,-1.5,583.6
Two-Wheeler,2.67,59.0,85.3,60.0,40.6,1.0
Two-Wheeler,2.47,3.2,71.5,11.0,34.7,11.0
SUV,93.0,33.9,60.2,30.0,35.9,54.9
Hatchback,31.53,14.4,82.2,7.2,8.1,248.3
SUV,99.71,31.5,91.9,30.0,30.2,144.7
SUV,78.79,10.1,52.2,7.2,1.2,523.4
Two-Wheeler,2.46,42.9,92.6,7.2,44.6,15.0
Hatchback,30.22,36.4,63.1,60.0,43.9,10.3
Hatchback,28.7,59.8,76.8,11.0,40.8,34.2
SUV,91.4,25.8,58.7,3.3,9.5,707.3
Hatchback,36.11,54.9,75.8,7.2,-4.7,116.3
Two-Wheeler,4.38,28.8,83.1,7.2,44.6,29.3
Two-Wheeler,4.13,43.8,54.6,11.0,35.8,2.7
Two-Wheeler,3.88,53.4,83.9,30.0,8.1,3.6
Hatchback,37.41,26.4,77.6,3.3,37.7,418.6
Two-Wheeler,3.53,16.6,30.4,3.3,22.2,10.8
SUV,85.07,54.5,69.6,60.0,6.9,22.8
SUV,90.96,9.1,44.7,30.0,-2.7,128.4
Sedan,50.74,41.4,46.4,7.2,13.8,29.2
Hatchback,33.56,68.4,76.6,7.2,9.2,31.2
Sedan,64.45,4.4,88.9,11.0,20.9,350.9
SUV,79.43,14.2,36.9,11.0,10.3,133.5
Sedan,42.22,24.6,79.4,3.3,46.9,714.2
SUV,89.01,63.3,85.3,60.0,19.5,24.9
SUV,96.41,62.7,84.8,11.0,25.4,124.1
Hatchback,35.24,46.2,54.3,30.0,46.1,10.2
Two-Wheeler,2.53,6.7,52.1,7.2,-2.8,19.5
SUV,71.11,69.7,88.4,3.3,-1.4,527.1
SUV,84.17,24.8,76.0,30.0,2.6,164.6
Two-Wheeler,3.04,12.0,35.1,60.0,33.4,1.0
Sedan,48.21,17.5,59.5,7.2,0.8,358.2
Hatchback,39.56,43.1,52.0,3.3,5.1,94.1
Two-Wheeler,2.91,12.1,61.5,30.0,9.6,4.2
SUV,91.29,26.1,33.9,7.2,1.4,124.7
Hatchback,35.12,40.9,72.8,11.0,20.2,67.0
Two-Wheeler,2.96,46.4,52.4,60.0,-3.9,1.0
Hatchback,38.88,48.4,86.3,30.0,-3.3,57.5
Hatchback,39.2,11.6,19.4,3.3,24.9,66.7
SUV,88.37,52.2,69.7,3.3,23.3,344.6
Two-Wheeler,3.1,45.3,94.3,3.3,17.2,41.4
Two-Wheeler,3.77,55.7,81.5,11.0,-1.8,10.5
Two-Wheeler,3.5,36.6,51.8,30.0,20.8,1.1
Sedan,43.73,53.8,77.6,7.2,32.1,97.9
Hatchback,26.11,51.9,81.9,11.0,18.9,52.6
SUV,79.8,52.2,79.6,7.2,29.9,220.1
Sedan,43.77,16.2,89.7,30.0,-2.5,133.9
Hatchback,36.64,9.9,77.9,60.0,15.2,30.6
Hatchback,33.23,2.6,30.7,11.0,16.9,67.5
Sedan,61.31,4.3,38.6,11.0,26.7,126.2
Hatchback,30.98,6.9,73.2,11.0,42.9,145.9
Sedan,55.85,54.5,91.0,30.0,-4.6,98.9
SUV,94.78,50.3,69.1,60.0,37.3,19.6
Two-Wheeler,3.34,40.9,64.9,7.2,27.0,6.9
SUV,75.1,49.6,96.7,3.3,41.9,1053.1
SUV,93.01,18.1,72.6,11.0,17.7,335.1
Two-Wheeler,2.78,22.9,58.1,3.3,1.1,35.2
Sedan,40.67,22.5,40.3,11.0,46.5,68.0
SUV,79.06,21.5,89.3,30.0,30.2,141.9
Hatchback,28.88,20.8,58.0,3.3,43.8,265.4
SUV,67.48,28.2,36.7,7.2,14.4,58.4
Hatchback,28.13,22.3,68.8,11.0,-4.0,141.6
Hatchback,32.38,50.7,64.6,11.0,-3.9,51.5
Two-Wheeler,2.03,65.2,93.7,3.3,1.1,24.7
SUV,93.1,30.2,68.8,3.3,30.4,775.8
Two-Wheeler,2.36,66.0,73.7,60.0,4.1,1.0
Two-Wheeler,3.48,44.5,91.3,7.2,23.0,16.1
Sedan,56.28,63.8,79.9,7.2,13.9,102.3
Sedan,54.17,9.2,85.8,7.2,2.3,627.2
Two-Wheeler,2.95,53.5,96.3,3.3,18.0,37.5
Two-Wheeler,3.72,48.4,74.0,30.0,25.0,2.2
Sedan,63.17,4.8,37.0,7.2,7.0,261.6
Sedan,43.15,35.3,90.4,60.0,-4.8,46.2
SUV,70.16,14.4,67.1,7.2,4.0,528.7
Two-Wheeler,2.57,16.4,22.3,60.0,-4.2,1.0
Two-Wheeler,2.46,24.0,38.9,11.0,31.1,2.1
Two-Wheeler,3.38,27.7,74.8,30.0,-4.6,6.7
Two-Wheeler,3.28,37.6,74.6,7.2,32.2,10.7
Hatchback,26.25,17.9,37.5,11.0,26.7,35.5
Two-Wheeler,3.3,52.6,95.3,60.0,2.1,3.2
Two-Wheeler,2.7,67.5,78.2,7.2,43.5,3.5
SUV,85.51,41.8,68.2,60.0,16.2,31.3
Sedan,52.17,69.8,83.7,7.2,38.6,72.0
SUV,85.77,34.6,87.1,3.3,-4.8,1622.3
Sedan,52.02,36.4,54.6,60.0,44.1,13.3
Hatchback,28.27,68.8,97.2,11.0,22.6,70.9
Sedan,45.15,48.3,84.6,11.0,24.0,107.9
Sedan,61.52,16.8,97.0,11.0,5.9,504.5
Hatchback,26.4,13.4,77.9,30.0,11.3,43.1
Two-Wheeler,2.96,28.3,65.3,3.3,16.8,24.5
Sedan,40.38,43.9,73.1,7.2,14.8,119.5
SUV,73.33,64.6,76.2,60.0,46.5,14.3
Sedan,47.47,65.9,79.1,11.0,33.7,38.5
SUV,90.96,34.0,78.2,11.0,35.7,252.9
Sedan,49.92,51.7,68.4,7.2,28.5,76.3
Hatchback,34.04,33.8,88.5,60.0,37.3,25.2
Two-Wheeler,3.15,25.2,52.3,7.2,13.7,9.3
Two-Wheeler,2.65,6.8,56.8,3.3,3.1,44.0
Sedan,54.69,63.1,99.5,60.0,26.5,33.6
SUV,89.44,39.4,82.0,3.3,0.6,1430.7
Hatchback,36.64,69.4,96.8,11.0,11.5,101.7
SUV,83.83,29.9,77.4,30.0,43.2,104.8
Sedan,56.89,42.1,95.0,3.3,34.4,716.7
Hatchback,37.94,25.6,31.6,30.0,28.2,4.9
Hatchback,27.52,27.4,96.4,60.0,-0.8,44.3
SUV,99.51,68.1,83.4,3.3,34.4,282.0
Sedan,45.88,62.5,72.8,3.3,22.6,83.0
SUV,71.88,16.7,25.3,11.0,47.5,64.2
Two-Wheeler,3.04,22.6,85.1,11.0,12.9,13.5
Two-Wheeler,4.16,57.7,70.8,11.0,34.8,3.3
SUV,98.71,52.1,76.4,60.0,10.5,31.6
Two-Wheeler,2.24,39.7,51.8,60.0,8.3,1.0
SUV,90.06,7.4,66.2,7.2,25.8,509.0
SUV,76.64,49.4,86.9,3.3,18.8,717.8
Two-Wheeler,2.82,12.2,96.1,60.0,37.9,3.3
Hatchback,28.78,58.3,86.4,60.0,20.6,10.0
Sedan,43.25,50.0,90.5,60.0,23.7,21.5
Hatchback,39.61,31.7,69.5,7.2,26.7,128.5
Sedan,44.95,6.4,91.0,3.3,2.8,1450.9
SUV,96.37,5.3,29.7,11.0,33.0,142.9
SUV,65.59,60.9,85.7,11.0,39.2,119.1
Sedan,40.78,50.4,80.5,30.0,0.5,47.4
Two-Wheeler,4.31,56.1,88.4,3.3,35.5,30.9
Two-Wheeler,2.57,19.0,69.0,60.0,37.9,1.6
SUV,91.68,17.8,40.6,60.0,18.6,25.9
SUV,67.36,34.8,89.0,11.0,7.7,319.9
Hatchback,33.34,49.7,64.1,7.2,34.2,42.1
Sedan,62.37,55.1,80.9,7.2,-0.6,259.0
Hatchback,28.94,45.8,96.1,7.2,2.8,280.6
Two-Wheeler,3.67,59.5,77.8,30.0,25.7,1.4
Hatchback,32.7,2.5,30.4,7.2,3.0,121.3
Hatchback,26.57,12.5,72.7,7.2,29.5,153.2
Hatchback,38.11,49.0,66.3,60.0,4.4,10.7
Sedan,52.61,39.3,44.6,60.0,2.9,4.6
Two-Wheeler,3.2,56.1,92.2,3.3,40.7,26.2
Hatchback,34.4,41.5,100.0,11.0,9.6,221.7
Two-Wheeler,3.3,28.3,54.6,7.2,8.6,10.5
Hatchback,27.23,60.9,87.7,30.0,0.7,29.9
SUV,68.16,45.8,97.1,3.3,2.1,1458.4
Two-Wheeler,3.26,31.0,66.3,60.0,0.4,2.0
Two-Wheeler,3.61,21.5,96.1,60.0,16.1,3.8
Hatchback,34.99,53.2,59.1,60.0,10.0,2.8
Hatchback,38.1,54.4,74.8,3.3,42.0,175.6
SUV,79.26,41.9,63.2,60.0,1.9,31.7
Sedan,41.46,48.8,97.7,60.0,27.2,31.5
SUV,82.64,65.9,79.0,3.3,13.6,258.4
Two-Wheeler,4.36,59.0,85.4,60.0,44.8,1.8
Hatchback,25.23,33.0,40.6,30.0,42.6,5.0
Two-Wheeler,4.49,56.1,90.6,7.2,32.8,15.6
Two-Wheeler,4.0,62.9,79.1,7.2,8.7,7.2
Hatchback,29.37,3.5,44.2,11.0,24.3,72.4
Hatchback,29.71,21.3,72.2,7.2,10.0,178.8
SUV,92.68,23.7,74.0,7.2,32.0,474.6
Sedan,43.19,36.7,94.7,7.2,26.6,247.4
SUV,81.39,52.4,63.0,7.2,1.5,128.6
Sedan,64.06,12.8,26.4,7.2,2.3,127.9
Sedan,44.93,8.0,24.9,7.2,36.9,71.9
SUV,71.18,22.8,98.7,30.0,-0.5,262.1
Sedan,40.18,39.6,75.1,7.2,12.0,165.1
Two-Wheeler,3.16,59.7,89.9,7.2,9.9,12.9
Hatchback,28.37,63.7,94.8,30.0,8.4,34.2
Two-Wheeler,2.06,67.4,93.4,3.3,20.9,15.0
Sedan,58.49,67.0,94.9,3.3,17.9,505.4
Two-Wheeler,2.73,65.7,80.1,60.0,1.6,1.0
Sedan,43.28,27.8,93.7,11.0,-0.0,295.7
Hatchback,34.71,35.3,92.6,11.0,16.3,148.1
Hatchback,32.35,9.8,64.5,3.3,17.7,396.7
Sedan,55.76,6.0,74.2,11.0,45.7,359.6
Hatchback,34.05,11.9,55.8,3.3,-3.3,567.2
Hatchback,27.03,35.9,55.9,60.0,8.8,7.6
Two-Wheeler,4.18,20.9,31.2,30.0,18.4,1.1
Hatchback,36.34,60.7,66.8,30.0,47.0,6.9
Two-Wheeler,2.78,54.1,78.6,3.3,-4.8,26.3
Two-Wheeler,4.2,58.4,98.0,11.0,19.8,15.2
Sedan,52.96,64.3,95.1,3.3,29.7,418.4
Sedan,56.97,24.1,52.5,3.3,39.9,369.7
SUV,73.34,3.8,28.6,7.2,4.8,256.5
Two-Wheeler,3.18,61.7,83.2,11.0,28.9,4.0
SUV,75.67,63.4,82.3,11.0,25.3,87.6
Hatchback,33.02,33.1,66.6,60.0,36.3,13.5
SUV,94.63,11.4,42.9,60.0,43.0,41.5
SUV,72.61,5.7,53.4,7.2,35.0,316.9
Hatchback,32.85,24.5,74.7,3.3,16.5,339.1
Two-Wheeler,3.75,37.1,76.3,60.0,18.4,1.7
Sedan,64.98,42.7,83.4,60.0,16.2,33.3
Hatchback,39.01,60.5,95.8,30.0,16.3,44.7
Hatchback,33.11,12.3,64.9,30.0,10.8,50.4
SUV,90.47,19.6,59.7,60.0,24.9,43.1
Two-Wheeler,3.31,60.5,66.4,3.3,33.6,3.9
Two-Wheeler,4.33,55.2,80.8,30.0,20.3,2.5
Sedan,55.99,20.7,48.5,3.3,37.8,350.3
Two-Wheeler,3.71,4.1,56.3,7.2,-0.5,31.6
SUV,86.3,17.0,78.5,30.0,11.0,155.0
Hatchback,26.44,15.2,37.4,3.3,1.7,194.2
SUV,84.41,44.3,63.9,60.0,-2.1,36.8
Two-Wheeler,4.06,47.2,71.7,3.3,34.6,19.5
Hatchback,33.17,16.5,66.5,60.0,0.3,33.0
Sedan,46.3,60.8,99.2,30.0,-1.0,98.2
Sedan,40.95,8.3,91.4,11.0,-2.6,423.3
Hatchback,25.31,57.1,93.6,11.0,15.9,71.0
Two-Wheeler,3.7,37.6,65.1,60.0,23.6,1.0
Hatchback,31.17,48.6,87.9,30.0,34.9,27.4
SUV,89.52,57.7,66.2,3.3,42.5,198.3
Sedan,42.78,46.5,68.7,30.0,11.1,25.3
Two-Wheeler,3.42,32.7,61.9,30.0,16.8,2.2
Hatchback,26.47,27.9,37.2,11.0,36.1,15.1
Hatchback,31.44,12.4,42.2,30.0,7.4,30.7
Hatchback,26.75,29.2,40.2,30.0,15.7,7.3
Hatchback,26.0,51.7,74.3,3.3,13.6,130.6
Two-Wheeler,4.15,54.7,75.4,3.3,19.8,18.2
Hatchback,25.43,47.7,67.0,30.0,36.3,10.9
SUV,80.6,39.2,75.0,7.2,3.3,477.8
SUV,98.04,51.3,82.7,30.0,7.4,89.4
Sedan,55.63,59.1,80.1,30.0,4.1,36.7
Sedan,47.8,14.3,28.0,11.0,16.9,47.6
SUV,94.97,14.5,80.1,60.0,20.5,68.0
Two-Wheeler,2.51,15.3,97.4,30.0,43.7,5.9
Sedan,53.68,53.9,78.4,11.0,1.5,144.6
SUV,77.29,57.3,98.0,11.0,7.8,355.1
SUV,85.54,10.9,50.4,30.0,47.8,116.1
Hatchback,25.53,23.8,63.6,11.0,29.0,67.6
Two-Wheeler,2.69,21.1,36.3,11.0,2.7,3.7
Two-Wheeler,3.03,60.5,98.2,30.0,-1.0,5.9
Hatchback,26.08,20.8,33.3,3.3,30.1,71.6
Two-Wheeler,3.44,55.1,90.9,30.0,41.1,3.1
SUV,83.36,35.4,46.8,7.2,38.0,92.8
SUV,73.68,8.5,23.1,60.0,37.6,13.0
Two-Wheeler,4.26,17.4,50.6,30.0,37.0,3.2
Two-Wheeler,3.11,42.5,99.4,11.0,0.5,26.7
SUV,77.18,52.4,97.0,60.0,7.8,71.2
Two-Wheeler,2.18,25.8,39.6,3.3,16.5,6.6
Two-Wheeler,3.2,10.7,74.6,7.2,11.8,22.3
Hatchback,36.54,46.4,86.5,60.0,17.6,17.3
Two-Wheeler,4.06,67.5,89.2,11.0,14.9,6.9
SUV,73.66,31.6,45.1,30.0,16.3,25.6
Two-Wheeler,3.58,24.3,39.7,7.2,34.3,4.7
SUV,88.76,57.6,68.4,60.0,27.6,11.4
Sedan,54.5,5.7,58.3,30.0,34.4,62.7
Hatchback,37.61,6.4,62.6,30.0,42.0,54.7
Sedan,55.65,41.8,89.0,7.2,28.3,276.3
Sedan,41.96,42.2,55.5,11.0,47.8,49.6
Sedan,59.68,8.9,48.8,3.3,44.2,602.6
Sedan,46.28,42.3,72.9,7.2,1.2,221.9
Sedan,48.62,56.3,68.7,60.0,26.8,6.6
SUV,86.3,10.5,87.9,7.2,34.4,637.9
Hatchback,38.53,30.7,59.1,11.0,37.3,69.5
Two-Wheeler,2.54,49.2,74.3,30.0,-3.9,2.7
Hatchback,29.7,49.8,77.2,11.0,-3.1,87.9
Sedan,45.55,60.7,87.0,60.0,-0.9,24.6
SUV,92.78,45.2,50.4,11.0,1.7,54.0
Hatchback,38.98,57.9,92.6,11.0,23.6,98.5
Two-Wheeler,2.22,8.2,35.4,30.0,43.9,1.8
Two-Wheeler,3.96,43.0,54.6,60.0,12.0,1.0
Sedan,54.7,20.9,48.9,30.0,22.5,38.2
Sedan,58.14,69.7,93.7,3.3,18.4,431.5
Two-Wheeler,3.92,2.9,20.0,60.0,0.7,1.2
SUV,74.36,51.1,85.3,30.0,22.8,56.5
SUV,65.95,63.9,78.5,7.2,0.0,165.3
Hatchback,34.31,69.7,82.0,30.0,-2.5,16.9
Hatchback,29.96,63.7,86.7,7.2,16.2,71.3
Sedan,40.54,17.7,26.1,7.2,16.6,36.8
SUV,89.51,65.0,82.2,60.0,11.0,22.1
Hatchback,29.9,9.3,94.2,11.0,1.6,243.4
Hatchback,32.91,47.9,63.9,3.3,-1.0,174.6
Two-Wheeler,2.78,27.6,35.7,30.0,10.7,1.0
SUV,81.38,48.0,90.7,3.3,-0.7,1499.9
Sedan,44.93,4.1,85.9,30.0,18.3,91.3
Hatchback,30.65,7.5,37.6,11.0,12.3,61.4
Hatchback,26.6,45.2,86.5,11.0,21.9,72.9
Hatchback,39.17,14.9,44.5,3.3,31.4,225.9
SUV,78.83,69.5,77.1,60.0,38.8,7.2
Hatchback,38.04,53.8,83.7,60.0,6.4,16.5
SUV,89.83,9.9,36.9,3.3,8.0,639.9
SUV,83.71,16.2,47.5,11.0,22.1,175.2
Hatchback,31.74,68.9,80.3,30.0,16.0,8.5
Hatchback,32.26,10.4,50.0,60.0,26.1,14.3
SUV,83.6,14.0,89.8,3.3,-1.1,2591.6
Hatchback,39.75,53.1,64.5,11.0,7.1,33.1
Hatchback,27.53,50.6,93.8,30.0,16.8,34.3
Hatchback,36.3,10.9,40.5,60.0,23.4,11.8
Hatchback,39.29,32.8,54.1,11.0,2.8,80.2
Hatchback,27.9,39.5,70.1,7.2,15.4,97.3
Sedan,41.71,30.2,81.9,11.0,15.2,131.9
Two-Wheeler,3.24,47.8,78.7,7.2,-2.9,16.3
SUV,79.23,9.9,16.7,60.0,16.9,7.1
Two-Wheeler,4.38,66.0,81.8,60.0,19.1,1.0
SUV,84.57,14.7,24.4,3.3,40.0,196.8
Sedan,48.19,61.2,79.7,60.0,-1.1,17.2
Sedan,50.8,55.4,74.3,11.0,43.8,75.2
SUV,97.51,39.6,93.3,30.0,31.7,130.2
Sedan,56.41,2.0,45.1,30.0,-2.9,100.7
Two-Wheeler,4.35,48.6,70.6,60.0,16.0,1.1
Sedan,59.61,37.3,69.8,7.2,-0.2,312.6
SUV,78.4,24.5,52.7,7.2,26.8,209.7
Hatchback,26.03,67.9,92.3,11.0,41.8,55.0
SUV,90.26,36.0,42.4,60.0,8.4,8.0
Sedan,56.96,51.7,90.3,7.2,15.3,258.7
Hatchback,37.54,30.9,50.9,7.2,13.2,83.9
Sedan,43.42,10.4,73.5,30.0,7.7,77.0
Hatchback,29.84,6.6,49.2,30.0,25.2,26.2
Sedan,51.34,26.5,62.2,3.3,-2.8,645.5
Sedan,43.15,67.2,99.8,30.0,14.1,63.0
Sedan,44.18,28.4,98.7,30.0,1.8,154.8
Sedan,44.19,38.4,95.3,11.0,1.1,290.6
Sedan,58.77,41.3,73.3,7.2,37.0,211.6
Two-Wheeler,4.03,27.2,42.1,3.3,8.6,15.3
SUV,81.74,43.8,50.5,60.0,-1.6,11.9
Two-Wheeler,3.22,15.6,23.8,60.0,46.7,1.0
Two-Wheeler,3.71,65.8,74.2,7.2,36.0,2.6
Hatchback,26.45,60.8,90.0,30.0,45.6,28.9
Hatchback,33.11,36.9,47.4,60.0,38.2,4.1
Hatchback,34.76,54.7,82.9,30.0,27.9,21.5
SUV,80.55,54.8,92.4,30.0,22.4,76.3
SUV,94.4,64.3,77.5,7.2,44.9,149.1
SUV,97.74,36.3,97.1,60.0,24.1,82.0
SUV,68.8,16.7,38.4,60.0,28.0,18.1
Two-Wheeler,4.25,61.5,89.3,60.0,43.5,1.6
SUV,67.68,10.5,34.6,30.0,0.4,59.4
SUV,96.73,34.4,81.8,11.0,12.1,330.9
Hatchback,35.46,66.6,94.0,3.3,38.9,253.9
Sedan,43.4,27.6,33.2,11.0,36.3,14.1
SUV,93.36,36.9,53.0,30.0,33.2,36.0
Hatchback,38.51,27.4,51.9,11.0,-3.3,94.0
Hatchback,34.59,26.9,85.5,7.2,42.2,195.4
Sedan,43.82,11.6,52.3,30.0,12.2,43.7
Sedan,62.26,11.2,76.0,60.0,27.0,49.6
Hatchback,37.81,64.2,98.1,30.0,0.7,74.2
Sedan,57.27,14.5,51.8,60.0,-0.2,43.1
Hatchback,39.59,64.5,77.3,60.0,27.9,6.2
Two-Wheeler,4.35,55.8,94.0,11.0,-3.2,21.8
Hatchback,34.88,62.9,73.2,11.0,-0.2,39.4
Hatchback,33.09,62.5,91.9,11.0,33.7,69.0
Hatchback,31.75,43.6,78.2,30.0,-3.6,47.3
Sedan,52.51,8.8,91.3,11.0,12.7,312.4
Hatchback,35.79,27.7,41.4,30.0,6.0,14.9
Hatchback,34.05,38.4,53.0,7.2,31.1,44.4
Two-Wheeler,3.42,42.1,62.3,60.0,22.1,1.0
SUV,67.67,33.2,87.1,60.0,23.9,40.0
SUV,78.15,2.1,93.1,60.0,-3.2,149.9
Two-Wheeler,2.05,26.1,90.6,3.3,-3.0,50.5
SUV,68.32,8.3,92.0,7.2,31.9,552.5
Sedan,41.07,26.4,52.1,7.2,43.6,114.2
Two-Wheeler,3.71,23.8,84.5,11.0,33.5,13.2
Sedan,49.1,8.5,73.9,60.0,34.6,37.7
SUV,96.34,47.5,77.9,7.2,21.7,313.3
Sedan,41.72,24.7,66.7,30.0,33.7,42.9
Sedan,54.66,27.0,88.8,30.0,43.6,92.1
Sedan,62.72,15.7,61.5,60.0,23.3,30.2
SUV,76.38,13.0,40.5,60.0,2.6,39.0
Sedan,51.28,42.9,79.5,3.3,-0.1,628.7
Sedan,56.51,62.4,96.2,3.3,22.1,519.7
Sedan,55.31,55.8,76.5,60.0,43.4,15.6
Two-Wheeler,4.36,32.8,49.9,30.0,29.8,1.6
Hatchback,28.91,44.5,58.6,11.0,34.9,25.3
Two-Wheeler,4.05,15.5,60.3,3.3,44.3,45.9
Two-Wheeler,4.4,12.8,45.9,3.3,19.3,30.5
SUV,93.99,37.3,65.0,3.3,31.1,524.1
Two-Wheeler,4.48,54.7,82.0,11.0,22.9,6.8
Two-Wheeler,2.85,30.4,47.3,30.0,45.9,1.6
Sedan,49.0,63.7,80.0,7.2,35.1,78.5
SUV,78.06,54.0,72.4,60.0,45.0,25.3
Hatchback,32.65,61.7,73.9,11.0,-0.4,47.9
Hatchback,29.87,9.2,93.1,7.2,28.5,236.6
Sedan,61.1,32.7,47.7,60.0,30.6,9.9
Hatchback,38.49,24.8,59.9,3.3,22.2,269.9
Sedan,49.22,36.1,99.5,3.3,18.3,896.6
Sedan,56.54,13.1,32.5,60.0,29.2,12.4
Sedan,51.21,65.9,92.6,3.3,24.6,350.9
SUV,99.88,46.8,65.1,7.2,34.1,186.6
Sedan,45.73,62.9,91.5,7.2,21.4,137.0
SUV,71.84,7.1,87.0,60.0,40.4,64.1
Two-Wheeler,3.8,11.8,68.5,3.3,32.2,49.7
SUV,93.57,65.2,91.2,11.0,17.2,160.3
Two-Wheeler,2.29,14.4,47.5,11.0,4.1,6.8
Hatchback,31.09,61.7,70.6,3.3,25.5,57.7
SUV,77.24,4.6,71.3,3.3,17.1,1131.8
Two-Wheeler,3.5,63.9,72.9,30.0,36.5,1.0
Sedan,55.95,10.5,84.3,30.0,28.7,91.9
SUV,83.98,67.1,75.1,60.0,-4.8,14.2
Hatchback,33.3,21.1,76.9,7.2,45.1,263.5
Two-Wheeler,4.46,54.4,92.3,11.0,5.9,17.7
Two-Wheeler,2.59,3.1,72.9,3.3,-3.9,61.8
Two-Wheeler,2.76,27.0,91.0,30.0,42.8,4.4
Hatchback,29.16,7.1,55.0,30.0,44.0,36.2
Two-Wheeler,3.95,42.3,68.6,7.2,40.7,12.0
SUV,77.89,32.2,41.9,60.0,14.5,9.6
Hatchback,28.84,35.4,55.1,3.3,0.8,208.6
Two-Wheeler,2.21,67.3,85.5,3.3,37.5,8.2
Sedan,42.25,30.0,88.7,11.0,42.3,180.1
Two-Wheeler,3.83,45.4,73.8,7.2,20.2,9.0
Sedan,52.97,5.9,61.7,7.2,21.3,286.1
Sedan,55.54,35.0,46.0,7.2,14.8,62.2
Sedan,53.32,28.6,56.3,7.2,9.9,170.6
SUV,99.79,39.8,79.9,3.3,4.7,1282.4
Sedan,50.36,50.5,69.0,11.0,44.5,70.6
Sedan,64.17,35.4,92.7,60.0,-1.2,77.7
SUV,77.75,32.6,74.8,7.2,27.6,312.6
Hatchback,28.74,45.0,55.1,7.2,17.4,31.0
Hatchback,32.77,18.8,68.3,60.0,20.9,17.4
Two-Wheeler,2.82,29.2,68.0,60.0,41.7,1.3
Sedan,57.91,61.5,90.4,7.2,2.4,294.4
SUV,71.85,38.6,81.4,60.0,28.7,32.9
SUV,84.32,16.2,47.5,7.2,17.0,279.9
Sedan,64.87,29.8,52.7,11.0,8.4,116.8
SUV,95.17,45.5,70.2,11.0,15.4,174.9
Two-Wheeler,3.06,21.4,64.3,7.2,24.0,12.7
Hatchback,38.57,38.4,84.5,7.2,27.4,152.8
Hatchback,25.17,28.5,95.9,30.0,18.9,48.5
Two-Wheeler,2.83,60.3,78.4,60.0,-3.7,1.0
Sedan,51.29,13.8,68.8,60.0,34.1,30.3
SUV,77.89,39.3,55.1,7.2,39.8,133.8
Sedan,61.49,38.0,86.4,11.0,7.7,261.3
Hatchback,38.32,45.7,62.7,30.0,2.8,21.6
Sedan,44.6,35.0,47.6,11.0,0.6,57.9
SUV,73.71,61.9,100.0,11.0,41.9,295.3
Sedan,44.93,61.7,78.6,60.0,-3.3,15.6
Sedan,59.49,63.0,72.1,3.3,39.8,121.1
Hatchback,35.97,4.6,33.3,3.3,23.1,204.8
SUV,77.19,41.2,86.0,3.3,43.5,917.6
Two-Wheeler,3.54,15.9,66.7,60.0,11.6,2.6
Sedan,46.57,66.3,97.4,7.2,18.9,209.0
Two-Wheeler,2.22,43.2,61.3,60.0,37.4,1.0
Two-Wheeler,2.5,33.0,88.5,30.0,-1.4,5.9
Two-Wheeler,3.25,52.0,62.3,7.2,27.3,3.0
Sedan,56.56,30.6,54.8,11.0,4.7,136.3
SUV,74.88,5.6,77.8,11.0,23.0,293.5
Sedan,63.34,61.9,85.5,60.0,14.8,20.1
Hatchback,34.18,17.4,58.4,7.2,25.4,137.8
Hatchback,38.0,33.0,74.1,3.3,44.8,406.1
Sedan,60.11,69.6,84.6,60.0,1.7,17.6
Hatchback,27.05,22.8,99.1,30.0,18.4,69.9
SUV,74.5,38.1,52.1,30.0,19.4,22.6
SUV,77.78,23.7,99.6,30.0,39.0,179.6
Sedan,45.28,41.0,96.2,60.0,25.2,34.0
Hatchback,27.08,12.3,77.8,60.0,-1.3,34.9
Sedan,49.95,33.9,84.2,7.2,25.1,213.7
Sedan,47.89,67.7,84.4,3.3,6.8,204.0
SUV,81.76,17.2,73.3,11.0,6.0,419.9
Two-Wheeler,3.63,8.1,20.1,30.0,39.6,1.0
SUV,78.14,46.5,92.0,3.3,43.2,856.5
Hatchback,36.53,60.4,77.6,3.3,21.2,121.5
Two-Wheeler,4.17,8.0,79.3,7.2,0.2,49.4
SUV,65.12,47.9,67.8,11.0,34.7,85.7
Hatchback,25.45,59.7,74.4,11.0,2.9,36.3
SUV,86.18,19.3,78.2,7.2,29.4,482.1
Two-Wheeler,2.57,3.5,81.8,11.0,42.1,13.5
SUV,81.52,41.7,83.6,30.0,-3.6,137.9
Hatchback,30.47,52.9,73.2,7.2,34.2,54.0
Hatchback,37.42,60.0,78.8,60.0,33.8,7.6
Sedan,54.37,31.2,89.6,60.0,34.7,43.2
Hatchback,39.12,42.9,93.2,30.0,14.0,59.6
SUV,83.64,58.7,86.6,7.2,18.4,234.3
Hatchback,27.12,16.0,70.4,60.0,32.2,16.9
SUV,83.27,11.8,21.5,3.3,13.3,196.6
Sedan,59.04,5.2,55.1,11.0,21.3,178.3
Two-Wheeler,2.22,65.4,89.3,30.0,10.3,1.6
SUV,74.11,28.1,74.0,11.0,33.4,206.5
Hatchback,39.34,15.4,93.0,60.0,0.7,69.3
SUV,74.3,30.7,47.4,7.2,38.9,124.0
SUV,86.25,69.6,75.2,30.0,11.9,13.2
Two-Wheeler,2.54,44.6,63.3,3.3,30.2,8.1
Sedan,53.41,11.0,79.2,11.0,17.2,220.6
SUV,89.39,26.4,56.9,11.0,18.1,182.7
SUV,93.15,5.7,91.1,11.0,44.1,570.8
Sedan,54.3,6.4,31.7,3.3,21.9,256.2
Sedan,63.32,14.3,31.7,3.3,3.6,355.9
SUV,66.16,51.4,59.6,60.0,-1.0,10.5
Two-Wheeler,3.07,39.9,46.6,60.0,42.7,1.0
Two-Wheeler,3.64,48.2,98.4,7.2,20.6,24.7
SUV,87.39,34.1,44.0,7.2,37.8,77.5
Sedan,53.09,35.4,72.0,11.0,0.4,217.9
Sedan,64.94,5.3,38.3,11.0,21.3,122.2
SUV,75.19,38.4,60.2,11.0,24.1,97.4
Sedan,55.24,4.6,69.2,11.0,46.4,345.7
Two-Wheeler,3.37,49.9,68.9,60.0,46.2,1.0
Hatchback,25.68,38.8,78.6,3.3,29.4,195.0
SUV,70.78,53.3,69.8,30.0,17.4,27.8
Two-Wheeler,3.8,69.8,88.1,7.2,16.3,8.2
Hatchback,31.77,54.6,84.1,30.0,16.8,23.9
Sedan,57.24,29.9,42.8,3.3,-0.1,280.8
Sedan,61.4,23.1,52.9,3.3,30.0,398.2
Sedan,51.15,37.9,68.4,3.3,19.3,328.9
Hatchback,30.48,55.7,63.2,60.0,20.5,2.5
Two-Wheeler,2.23,11.4,41.0,11.0,9.5,5.0
Hatchback,28.32,44.1,68.2,11.0,-1.8,83.3
Hatchback,34.1,56.4,70.9,11.0,24.8,31.8
Hatchback,35.95,11.0,96.5,60.0,13.8,39.6
Sedan,51.72,39.4,48.0,7.2,32.9,44.2
Two-Wheeler,2.73,67.3,99.3,3.3,20.9,26.6
Two-Wheeler,3.05,68.9,94.5,7.2,32.0,9.1
SUV,98.83,69.2,89.7,30.0,3.5,73.3
SUV,66.34,7.5,63.0,11.0,39.3,272.8
SUV,85.25,68.7,77.7,60.0,0.0,15.4
Two-Wheeler,4.29,59.1,97.8,30.0,24.0,5.1
Hatchback,36.5,53.2,76.4,7.2,-2.7,141.3
Two-Wheeler,3.47,29.5,96.6,60.0,14.4,3.7
Hatchback,30.33,32.3,82.6,30.0,17.8,38.7
Sedan,61.51,37.8,91.5,3.3,27.7,751.2
Two-Wheeler,3.04,52.3,80.7,7.2,28.7,7.8
Sedan,62.05,32.8,78.9,7.2,6.6,409.5
Hatchback,30.26,61.6,88.8,30.0,30.3,19.6
Sedan,63.62,19.5,63.4,60.0,43.1,38.4
Two-Wheeler,4.39,35.0,97.1,7.2,15.1,33.3
Two-Wheeler,3.14,64.4,90.7,11.0,45.1,8.8
Two-Wheeler,3.77,10.9,50.6,60.0,8.2,2.4
SUV,98.6,3.0,20.7,60.0,9.7,22.4
SUV,84.79,42.7,97.4,30.0,9.6,174.4
Sedan,57.75,62.7,96.6,60.0,6.6,43.7
Two-Wheeler,2.25,46.3,64.5,60.0,38.5,1.0
Sedan,56.92,39.8,51.4,7.2,6.9,84.0
Two-Wheeler,3.73,2.7,76.3,60.0,29.1,3.1
SUV,70.8,7.7,68.5,7.2,12.9,489.7
Hatchback,34.11,42.4,74.7,11.0,3.2,103.5
Two-Wheeler,3.06,29.9,62.9,11.0,1.0,10.1
Sedan,52.84,43.5,55.1,30.0,38.1,15.7
SUV,81.3,33.8,86.5,30.0,0.8,182.6
Sedan,64.88,65.0,91.0,3.3,18.7,378.4
SUV,71.63,20.6,88.1,60.0,8.6,78.1
SUV,94.31,47.9,69.5,30.0,29.6,44.6
Sedan,61.55,68.9,91.9,30.0,44.2,44.9
Hatchback,38.65,4.8,63.1,60.0,21.7,25.9
Sedan,53.19,36.1,64.4,3.3,47.6,475.5
Two-Wheeler,4.14,11.5,40.5,11.0,9.8,9.5
Two-Wheeler,3.52,23.7,62.1,60.0,25.3,1.4
Hatchback,26.96,63.7,88.8,7.2,2.7,121.9
Sedan,58.32,14.0,94.6,11.0,-0.8,532.4
SUV,72.95,14.3,86.9,30.0,-2.9,216.5
Sedan,41.93,38.8,76.1,30.0,-4.1,63.2
SUV,98.84,16.6,75.7,3.3,30.7,1238.6
SUV,71.45,38.1,82.6,7.2,35.0,313.5
Hatchback,26.69,37.7,74.5,30.0,1.7,39.1
Two-Wheeler,2.56,5.5,79.9,30.0,39.6,4.8
SUV,87.48,30.5,57.6,7.2,17.5,245.3
Sedan,49.7,6.7,12.3,3.3,46.7,84.2
Hatchback,38.35,68.4,95.9,3.3,2.4,479.6
Two-Wheeler,3.93,9.7,48.0,30.0,9.6,4.1
Hatchback,32.63,44.6,93.2,7.2,43.8,217.5
Hatchback,38.33,15.9,25.1,3.3,18.2,79.0
Sedan,47.48,7.4,66.6,3.3,32.5,576.5
Hatchback,37.72,30.5,64.0,11.0,25.6,70.7
Two-Wheeler,2.1,59.9,80.7,30.0,43.0,1.2
SUV,71.84,33.9,69.0,11.0,42.4,184.0
SUV,95.36,60.1,98.2,11.0,14.2,349.1
Sedan,54.62,33.7,63.9,60.0,-0.5,29.1
Sedan,53.78,37.1,73.5,7.2,-0.9,326.9
Two-Wheeler,2.48,62.6,81.6,11.0,13.7,3.2
Sedan,42.05,52.4,63.3,30.0,15.5,11.8
Sedan,57.24,56.5,81.8,11.0,3.2,149.8
Sedan,54.72,32.2,63.3,11.0,32.2,104.1
Sedan,58.59,34.4,52.4,60.0,-4.1,19.1
SUV,69.13,47.5,68.0,7.2,-3.4,250.5
SUV,76.89,63.4,95.3,30.0,42.1,84.8
SUV,78.61,49.1,64.4,60.0,5.9,18.7
SUV,67.51,15.4,57.1,11.0,39.8,189.8
Sedan,41.55,10.3,72.2,3.3,23.2,550.3
Sedan,42.4,19.5,49.5,11.0,32.5,72.8
Sedan,43.64,65.8,77.2,60.0,13.2,6.4
Hatchback,28.0,16.8,66.5,7.2,36.4,121.5
Sedan,58.28,68.4,73.9,60.0,47.4,5.7
Two-Wheeler,3.44,2.6,24.4,11.0,18.6,4.7
SUV,70.17,19.9,70.5,60.0,14.1,47.5
Two-Wheeler,3.75,15.5,25.4,7.2,-4.8,6.0
Sedan,54.04,61.9,76.6,7.2,4.7,110.1
Sedan,52.92,56.5,94.5,60.0,47.7,46.2
SUV,84.75,67.5,89.9,7.2,35.8,202.2
Two-Wheeler,3.73,42.0,64.9,30.0,8.2,2.5
SUV,97.06,16.3,87.6,60.0,-3.9,150.6
Two-Wheeler,4.4,43.0,80.8,60.0,15.7,1.8
Sedan,40.85,58.8,66.0,7.2,30.2,28.8
Two-Wheeler,2.4,8.8,32.3,3.3,28.7,10.4
Sedan,61.08,53.2,86.7,11.0,26.7,121.9
Sedan,46.5,22.3,81.2,7.2,17.9,293.3
Two-Wheeler,2.96,12.5,84.9,3.3,20.4,44.9
SUV,67.77,55.3,92.9,11.0,27.2,177.3
SUV,89.52,64.1,72.7,30.0,43.2,21.4
Sedan,57.9,19.9,42.6,7.2,29.0,119.1
SUV,88.11,66.7,72.7,3.3,-3.8,205.8
Two-Wheeler,4.32,34.2,81.3,3.3,17.1,51.4
Hatchback,39.09,46.2,97.4,11.0,21.2,154.4
Sedan,56.53,44.0,73.8,7.2,21.6,161.3
Two-Wheeler,3.14,12.3,75.5,60.0,33.5,2.2
Sedan,54.61,57.9,74.4,7.2,10.9,105.3
Hatchback,38.44,55.7,95.8,7.2,13.7,202.6
SUV,71.65,20.1,55.1,11.0,19.5,158.3
SUV,73.64,48.9,68.0,7.2,31.8,142.9
SUV,97.01,66.9,76.0,30.0,12.0,23.3
SUV,67.48,67.4,96.0,30.0,42.7,63.5
Two-Wheeler,3.1,26.5,47.1,11.0,2.4,6.7
Hatchback,34.01,19.8,95.1,11.0,44.6,223.6
Sedan,45.82,42.5,91.2,7.2,46.3,367.1
Two-Wheeler,2.98,27.1,77.4,7.2,24.0,13.4
Sedan,49.98,38.8,89.7,7.2,38.6,247.0
Hatchback,28.62,51.4,98.0,11.0,10.1,144.0
Hatchback,35.0,39.1,51.6,3.3,5.6,121.9
Hatchback,28.5,43.2,50.9,11.0,-4.1,24.1
SUV,68.65,9.8,29.1,7.2,33.4,129.5
Sedan,56.42,17.9,90.8,3.3,9.3,1108.7
Two-Wheeler,2.39,15.5,47.4,11.0,30.0,5.3
Hatchback,37.88,20.6,38.1,7.2,23.3,62.6
Two-Wheeler,2.56,11.0,83.9,60.0,39.7,2.1
Hatchback,32.9,67.9,85.8,7.2,45.3,92.3
Sedan,44.81,65.0,95.6,60.0,36.6,21.7
Hatchback,33.65,46.1,91.2,30.0,34.7,34.4
Sedan,62.01,2.7,74.0,11.0,25.0,257.4
Two-Wheeler,3.31,10.7,71.3,7.2,35.5,20.3
Sedan,48.58,45.5,95.0,11.0,33.2,168.1
SUV,90.77,36.3,76.0,11.0,43.3,282.2
Hatchback,34.33,59.9,74.2,11.0,2.4,52.3
SUV,74.02,66.1,80.3,11.0,-2.1,112.1
SUV,69.09,28.8,39.2,7.2,24.7,66.6
Sedan,64.73,69.4,85.1,11.0,14.5,71.0
SUV,92.24,42.9,58.3,7.2,17.0,141.4
SUV,89.85,50.3,76.8,11.0,10.7,199.0
Sedan,54.93,9.0,91.6,3.3,34.4,893.5
SUV,90.4,51.5,71.1,30.0,22.7,36.8
Hatchback,33.41,18.6,90.4,7.2,45.9,337.3
SUV,72.57,60.8,71.4,7.2,37.3,77.0
Hatchback,31.79,25.7,92.6,30.0,19.0,53.9
SUV,88.03,45.2,68.1,30.0,31.0,48.2
Hatchback,28.25,43.7,90.3,11.0,0.2,150.2
Hatchback,29.84,24.0,69.1,30.0,20.8,27.9
Hatchback,27.64,58.2,91.3,30.0,3.9,34.8
Hatchback,39.73,50.4,72.8,30.0,27.9,20.0
Sedan,51.72,58.3,73.8,30.0,46.1,26.2
SUV,72.0,65.1,93.7,3.3,18.3,573.5
SUV,73.17,10.8,53.0,7.2,22.2,284.3
Two-Wheeler,2.98,17.8,67.1,3.3,22.8,28.4
Sedan,56.12,54.6,79.3,3.3,25.5,265.0
SUV,76.68,59.8,84.1,30.0,22.7,45.2
Two-Wheeler,4.2,13.4,52.8,11.0,-1.6,19.4
SUV,79.89,62.3,73.4,7.2,-4.9,141.6
Two-Wheeler,2.14,22.1,44.6,11.0,8.8,3.7
SUV,74.29,66.6,93.6,11.0,17.4,153.4
SUV,67.88,31.3,72.3,7.2,13.5,299.4
SUV,96.34,62.8,86.3,30.0,28.4,55.9
Hatchback,36.07,9.6,90.9,7.2,10.0,378.2
Two-Wheeler,4.03,20.3,70.8,7.2,13.2,22.0
SUV,99.92,23.1,53.3,11.0,5.5,259.4
Two-Wheeler,2.53,67.4,72.7,60.0,37.7,1.0
Sedan,53.05,48.3,55.6,60.0,15.9,4.9
SUV,92.38,23.0,53.4,3.3,29.3,552.9
Hatchback,38.71,8.4,35.3,30.0,-4.3,42.8
Sedan,63.16,27.0,42.1,30.0,-3.5,41.5
SUV,96.53,16.7,82.9,11.0,20.5,353.6
Hatchback,37.87,29.3,57.0,60.0,6.0,15.6
Hatchback,39.43,43.2,69.6,30.0,7.8,31.5
Sedan,42.33,8.4,87.0,7.2,15.3,342.5
Two-Wheeler,3.73,58.2,95.4,11.0,3.6,14.5
SUV,80.59,12.5,71.2,3.3,14.2,1195.0
Hatchback,35.86,48.8,55.7,60.0,-0.6,4.6
Two-Wheeler,2.24,30.6,86.7,60.0,11.9,1.6
Sedan,41.42,43.9,56.4,60.0,18.4,6.3
Two-Wheeler,4.34,69.6,91.6,3.3,13.9,26.2
SUV,71.29,3.4,14.1,11.0,30.2,46.4
SUV,88.67,13.9,45.8,7.2,-3.3,468.1
Sedan,43.15,34.1,46.8,7.2,11.2,59.5
SUV,78.4,65.3,93.7,30.0,27.2,62.6
SUV,79.45,39.1,99.5,3.3,45.4,1927.2
Hatchback,36.32,48.4,95.5,60.0,12.2,28.1
Sedan,42.6,50.2,91.5,60.0,41.9,23.2
SUV,68.0,60.5,82.1,30.0,28.1,36.9
Hatchback,32.63,33.6,75.5,11.0,33.0,79.8
Hatchback,30.22,31.4,42.7,3.3,34.8,70.1
SUV,87.1,25.1,80.9,3.3,4.5,1516.8
SUV,80.41,52.9,83.3,3.3,-4.2,1016.9
Hatchback,36.95,19.5,78.8,11.0,28.5,125.7
Sedan,40.32,14.8,87.5,11.0,27.7,192.5
Two-Wheeler,2.19,25.6,73.6,11.0,1.7,10.3
Hatchback,35.2,22.5,90.1,3.3,38.8,535.9
Sedan,63.98,43.3,48.6,11.0,36.2,18.2
Two-Wheeler,4.08,67.8,74.5,7.2,15.7,2.7
SUV,95.37,63.3,69.6,60.0,-2.3,11.6
Two-Wheeler,2.28,19.7,78.1,3.3,30.6,25.7
SUV,91.82,35.4,59.0,3.3,27.3,474.3
Hatchback,37.11,40.7,79.4,3.3,41.6,303.8
SUV,76.76,36.7,90.5,11.0,47.8,419.0
Sedan,57.49,54.2,69.1,30.0,17.5,20.2
Hatchback,33.96,68.2,96.1,11.0,38.9,81.0
SUV,88.77,19.4,89.1,30.0,9.8,157.0
Hatchback,33.21,23.7,78.9,3.3,40.3,418.7
SUV,97.39,18.3,79.3,3.3,38.1,1446.2
Two-Wheeler,3.84,67.4,82.6,3.3,32.6,11.4
Two-Wheeler,2.52,22.8,39.9,60.0,45.6,1.0
Sedan,43.36,61.5,68.6,7.2,29.1,25.7
Sedan,57.05,58.9,65.3,30.0,17.8,8.0
Sedan,54.02,42.4,96.0,11.0,43.9,263.9
Sedan,57.82,67.1,74.4,30.0,27.7,9.6
SUV,86.61,21.0,28.7,7.2,36.2,65.3
SUV,85.82,44.4,83.1,7.2,47.7,475.4
SUV,69.83,36.7,64.1,3.3,43.4,476.8
SUV,95.18,56.1,88.9,11.0,22.9,209.8
Hatchback,26.74,38.5,91.6,11.0,22.3,100.0
Hatchback,37.91,17.3,63.1,3.3,36.2,359.0
Sedan,41.88,52.9,60.6,30.0,9.7,9.0
Hatchback,33.02,59.3,85.1,60.0,37.8,10.5
Sedan,56.45,21.5,94.0,11.0,43.1,333.1
SUV,71.37,48.3,91.7,60.0,7.8,53.8
Sedan,51.06,35.1,85.7,30.0,8.5,82.5
Two-Wheeler,3.75,46.3,67.5,60.0,47.8,1.5
Hatchback,29.77,52.2,67.4,3.3,11.6,112.2
Two-Wheeler,2.37,46.5,70.0,30.0,13.3,1.6
Two-Wheeler,3.73,8.8,45.4,60.0,-0.8,2.6
Sedan,41.41,64.7,81.0,30.0,7.4,20.5
Two-Wheeler,4.12,34.6,87.8,3.3,7.0,59.6
SUV,80.91,8.6,17.5,11.0,47.8,66.4
Hatchback,36.59,26.6,86.1,3.3,45.3,680.6
Two-Wheeler,2.41,22.2,72.8,60.0,32.9,1.3
Two-Wheeler,2.72,24.1,51.7,3.3,4.1,24.7
Hatchback,39.7,9.0,20.5,30.0,23.4,9.3
Sedan,42.33,59.4,81.8,30.0,14.5,24.3
Two-Wheeler,2.54,69.9,88.8,3.3,-0.8,19.7
Sedan,63.12,56.8,82.7,3.3,45.4,438.3
Sedan,51.69,59.7,96.5,60.0,19.5,28.2
Hatchback,29.33,17.2,52.4,3.3,21.9,222.5
Sedan,40.06,11.4,17.1,60.0,47.3,3.7
Hatchback,26.78,27.2,98.4,3.3,24.1,467.4
Sedan,52.93,30.8,82.6,3.3,5.2,810.7
Sedan,58.55,35.8,87.6,11.0,39.6,202.4
Two-Wheeler,4.26,50.2,83.2,7.2,24.4,13.0
SUV,92.26,69.2,85.4,11.0,47.5,142.7
Two-Wheeler,3.47,47.1,79.6,60.0,47.1,1.8
Sedan,61.88,13.4,64.9,11.0,22.7,200.7
SUV,74.06,49.1,79.3,60.0,30.1,23.4
Hatchback,33.25,2.2,73.7,7.2,3.6,329.7
Hatchback,34.35,62.6,99.6,60.0,36.1,22.7
Two-Wheeler,4.03,49.9,76.2,11.0,21.5,6.9
Sedan,61.96,3.1,18.4,30.0,47.5,33.7
SUV,81.83,37.5,48.7,30.0,2.3,31.6
Sedan,59.94,68.1,95.0,7.2,16.5,237.3
Hatchback,35.44,32.4,91.1,3.3,29.6,460.3
Hatchback,35.15,60.3,77.5,11.0,30.5,37.9
Sedan,54.38,54.3,75.4,60.0,44.8,15.4
Hatchback,33.25,20.5,87.6,3.3,36.5,437.3
Two-Wheeler,4.13,59.8,82.6,7.2,33.0,8.3
Two-Wheeler,4.36,52.1,60.2,7.2,19.3,3.4
Hatchback,39.92,11.2,42.6,7.2,40.0,129.1
Hatchback,34.51,24.9,58.6,7.2,24.2,111.6
SUV,68.92,40.7,81.2,60.0,12.3,37.5
Sedan,50.37,63.5,73.7,11.0,-2.8,56.8
Two-Wheeler,3.04,53.3,93.6,60.0,8.5,2.0
Two-Wheeler,2.89,66.3,99.1,30.0,20.8,3.5
Two-Wheeler,3.31,11.4,77.6,60.0,31.4,2.4
SUV,95.25,67.9,83.9,7.2,2.1,232.3
Sedan,47.51,43.6,49.0,11.0,38.3,15.0
SUV,75.62,45.0,68.3,30.0,15.6,47.2
Sedan,60.77,17.7,73.6,60.0,9.2,48.6
Two-Wheeler,3.97,65.7,79.2,7.2,41.0,4.9
Two-Wheeler,3.31,23.7,43.2,11.0,-0.6,6.6
Hatchback,32.43,62.5,89.3,7.2,4.0,124.7
Two-Wheeler,3.95,7.3,24.7,7.2,44.5,7.7
SUV,72.52,26.6,88.9,3.3,3.1,1513.2
Hatchback,29.49,7.2,14.7,60.0,42.7,2.8
Hatchback,34.24,37.5,86.7,30.0,43.0,44.8
SUV,65.34,34.7,76.1,60.0,5.7,45.9
Hatchback,29.27,58.0,64.0,3.3,26.9,33.3
Two-Wheeler,2.63,12.7,56.0,11.0,7.2,9.3
SUV,97.77,44.0,74.9,30.0,24.5,73.4
Two-Wheeler,3.43,35.5,87.4,11.0,15.7,13.1
Hatchback,36.94,55.0,70.1,30.0,29.3,11.8
Two-Wheeler,2.76,55.8,73.5,11.0,33.9,3.0
SUV,68.64,19.7,88.7,3.3,3.0,1658.5
Hatchback,30.62,42.0,51.5,60.0,43.1,3.8
Sedan,55.85,26.9,55.9,3.3,16.6,367.4
SUV,70.12,53.3,59.4,30.0,32.1,9.9
Sedan,54.04,46.0,89.8,11.0,22.4,153.3
Two-Wheeler,4.44,23.7,31.0,60.0,32.9,1.0
Sedan,40.13,54.8,62.7,30.0,41.6,7.9
Two-Wheeler,3.27,36.4,92.9,3.3,23.2,41.0
Sedan,58.21,5.4,97.1,7.2,27.1,506.4
Two-Wheeler,2.55,21.7,47.0,30.0,7.0,2.0
Two-Wheeler,3.34,42.2,73.2,60.0,1.6,1.8
Two-Wheeler,4.23,49.7,62.1,7.2,32.2,4.8
Two-Wheeler,2.17,12.0,84.3,3.3,39.0,34.5
Hatchback,31.01,21.3,69.1,7.2,-1.7,253.9
Sedan,46.61,48.7,89.7,11.0,27.4,134.3
Two-Wheeler,3.93,45.6,90.4,30.0,15.7,4.8
Sedan,54.41,27.5,99.2,7.2,27.0,475.3
Hatchback,36.71,56.8,86.1,11.0,-4.9,137.9
Sedan,61.79,47.6,53.9,60.0,45.4,6.2
Sedan,55.7,33.4,84.9,3.3,28.6,583.1
Hatchback,37.87,59.9,70.5,30.0,13.4,11.9
Hatchback,34.41,34.9,57.9,30.0,36.7,18.5
Two-Wheeler,2.31,33.6,93.6,11.0,26.0,9.1
Two-Wheeler,2.86,10.0,44.1,7.2,4.0,13.1
Two-Wheeler,4.09,28.0,47.2,7.2,-0.5,13.0
Sedan,55.66,44.2,92.8,30.0,8.4,97.5
Sedan,45.47,27.2,80.1,3.3,39.2,565.1
Hatchback,38.31,55.1,87.6,7.2,16.6,123.2
Sedan,42.33,39.0,47.4,30.0,28.0,7.4
Sedan,50.5,15.1,83.9,3.3,43.4,797.0
SUV,96.42,59.4,92.8,3.3,13.9,845.0
SUV,82.27,26.2,84.7,60.0,30.5,57.3
Two-Wheeler,3.39,14.8,21.1,60.0,24.3,1.0
Sedan,53.62,31.4,64.2,3.3,46.7,526.8
SUV,77.06,14.2,31.5,60.0,44.9,18.4
Two-Wheeler,2.85,46.7,69.8,7.2,-3.9,11.1
SUV,96.03,69.4,83.2,60.0,1.5,28.8
SUV,91.19,44.7,74.7,60.0,19.2,36.5
Two-Wheeler,3.19,16.3,30.6,7.2,6.2,5.3
SUV,91.3,58.9,67.7,60.0,1.5,16.8
Two-Wheeler,3.87,5.8,95.5,3.3,29.7,77.7
Hatchback,37.36,40.3,50.3,60.0,16.2,4.8
Two-Wheeler,2.75,61.4,74.8,30.0,47.9,1.1
SUV,69.63,53.6,94.3,60.0,11.6,42.2
Two-Wheeler,4.43,53.5,74.5,60.0,2.1,1.6
Sedan,43.81,3.1,91.2,30.0,32.1,84.6
Hatchback,32.81,23.6,93.5,60.0,47.2,42.0
SUV,77.68,9.6,33.5,7.2,-3.7,342.4
Two-Wheeler,4.22,41.7,65.7,3.3,37.9,20.7
Sedan,61.94,56.9,91.6,30.0,33.7,53.5
Two-Wheeler,3.41,67.5,86.3,30.0,6.8,1.9
Sedan,51.71,41.5,97.2,11.0,9.9,312.6
Two-Wheeler,2.46,21.1,93.3,30.0,37.5,4.3
Hatchback,29.15,44.8,58.5,11.0,13.7,28.5
SUV,73.38,51.5,91.7,11.0,28.9,206.3
SUV,66.54,7.8,70.3,30.0,33.3,92.7
Hatchback,28.55,58.6,96.0,3.3,19.6,275.6
Hatchback,31.9,55.5,98.0,60.0,8.9,27.0
Hatchback,31.36,3.1,54.3,60.0,27.7,19.3
SUV,73.15,10.1,36.3,30.0,23.3,46.1
Sedan,61.22,6.4,44.4,11.0,18.1,161.4
SUV,92.48,25.0,95.4,30.0,38.1,185.0
SUV,65.23,43.9,74.0,7.2,36.3,200.5
Sedan,44.97,37.0,51.2,11.0,43.4,49.0
Hatchback,25.08,12.6,58.8,11.0,-2.8,122.4
Sedan,58.16,61.0,91.8,3.3,-1.6,659.2
Sedan,50.23,59.1,65.6,3.3,8.3,80.4
SUV,73.24,66.6,76.0,11.0,36.8,42.6
SUV,92.51,20.8,98.8,60.0,1.1,166.2
Hatchback,27.61,39.2,44.8,30.0,25.4,3.2
Hatchback,37.37,65.3,86.1,11.0,30.7,49.9
SUV,95.03,66.5,93.7,60.0,12.1,40.9
SUV,67.89,39.5,65.0,11.0,33.6,107.3
SUV,90.67,23.2,46.0,7.2,17.2,222.2
SUV,74.09,3.5,36.0,7.2,19.7,251.8
Two-Wheeler,2.82,4.0,15.8,3.3,13.9,7.7
Hatchback,38.62,8.9,23.5,60.0,21.3,6.7
Two-Wheeler,3.22,68.7,87.1,11.0,44.6,4.2
Sedan,43.34,24.2,54.6,11.0,42.1,89.6
SUV,65.7,58.5,83.9,3.3,34.8,336.8
Hatchback,28.97,5.3,44.9,3.3,0.3,386.8
Sedan,41.19,63.0,71.9,30.0,29.8,7.1
SUV,65.36,30.7,97.5,60.0,1.0,104.0
Hatchback,29.79,6.1,85.2,30.0,43.0,62.5
Sedan,60.83,41.2,88.4,60.0,-2.9,60.4
SUV,86.82,16.5,38.9,7.2,5.0,285.0
Sedan,47.74,54.9,95.8,11.0,20.8,135.9
Hatchback,25.71,39.4,56.6,60.0,44.7,6.0
Hatchback,39.59,66.1,94.0,60.0,34.3,14.7
Hatchback,37.15,9.7,45.6,7.2,16.3,155.2
Hatchback,33.32,45.1,83.9,7.2,1.4,216.8
Hatchback,38.55,67.1,78.7,30.0,6.2,13.6
Two-Wheeler,3.86,59.7,65.1,11.0,41.6,1.4
SUV,80.06,60.0,72.0,60.0,22.8,10.3
Hatchback,39.13,59.3,88.6,30.0,1.3,38.8
Sedan,55.82,20.6,87.1,7.2,15.1,394.4
SUV,85.14,19.0,94.1,3.3,36.5,1320.8
SUV,88.16,32.7,94.4,7.2,12.2,734.9
Sedan,52.44,62.4,74.1,7.2,29.5,59.1
Hatchback,39.3,55.4,98.1,3.3,16.2,513.1
Sedan,55.48,4.7,16.2,30.0,5.3,20.5
SUV,92.22,9.7,91.0,3.3,15.4,1707.0
Sedan,47.86,35.7,70.1,3.3,0.2,620.2
Hatchback,38.86,30.7,63.9,3.3,25.6,264.2
Two-Wheeler,3.76,63.9,82.6,3.3,-4.3,28.4
Hatchback,26.77,2.9,94.1,60.0,40.7,29.0
Hatchback,33.76,57.5,73.3,3.3,4.2,158.8
Sedan,51.2,63.5,87.7,30.0,45.0,41.3
Hatchback,35.19,29.7,57.6,11.0,31.9,57.6
SUV,80.54,50.1,83.2,7.2,19.0,269.4
Hatchback,37.6,57.8,85.6,3.3,25.3,215.8
SUV,81.94,33.4,53.3,11.0,1.6,164.3
Hatchback,37.94,47.7,91.5,11.0,6.4,165.9
Two-Wheeler,3.37,8.6,66.4,30.0,4.6,6.9
Two-Wheeler,3.39,24.4,36.3,60.0,43.6,1.0
Sedan,50.88,45.9,56.4,7.2,23.5,46.0
SUV,86.11,23.1,67.7,7.2,8.9,450.3
SUV,81.97,36.1,70.1,60.0,40.4,36.7
Hatchback,26.77,41.3,87.1,3.3,1.2,438.0
Hatchback,31.01,49.2,69.9,30.0,28.0,14.4
Hatchback,34.58,25.9,80.7,60.0,37.6,21.6
Sedan,43.81,48.0,73.9,7.2,2.0,185.8
Sedan,41.28,37.1,96.3,60.0,45.8,46.3
Hatchback,31.31,23.7,63.1,3.3,26.6,253.7
Two-Wheeler,4.23,52.0,79.3,30.0,1.3,4.0
Two-Wheeler,2.84,17.8,73.6,30.0,-0.5,6.1
Sedan,54.84,22.6,62.2,7.2,37.4,217.2
SUV,67.71,7.1,52.4,3.3,-0.6,1199.8
Sedan,62.0,17.1,90.4,30.0,46.8,162.0
Two-Wheeler,3.21,7.1,96.5,30.0,45.1,10.0
Hatchback,25.98,35.9,95.6,3.3,-2.8,719.3
Sedan,49.49,43.6,71.4,60.0,-1.5,27.7
Two-Wheeler,3.71,23.1,85.8,3.3,26.1,49.5
Hatchback,35.87,22.7,59.7,30.0,34.5,26.3
Two-Wheeler,2.02,3.2,14.4,30.0,-3.3,1.0
SUV,82.67,7.8,80.4,11.0,-0.1,715.5
Sedan,57.31,8.3,19.7,60.0,16.5,8.6
Hatchback,33.78,26.4,71.8,7.2,33.5,126.7
SUV,67.98,10.0,29.1,3.3,12.2,324.4
Sedan,61.23,50.5,71.4,60.0,32.5,12.8
Sedan,42.2,61.5,78.2,30.0,9.3,19.9
SUV,99.8,45.9,94.9,7.2,45.4,800.5
Two-Wheeler,4.26,12.2,39.5,60.0,16.3,1.6
SUV,77.08,59.3,87.7,30.0,14.7,57.7
Sedan,48.4,28.3,79.4,60.0,17.8,31.1
Hatchback,28.02,18.8,89.9,60.0,29.0,23.5
Sedan,44.58,6.6,92.0,7.2,-2.6,705.7
Sedan,62.34,50.3,66.1,30.0,9.3,26.0
SUV,93.97,32.4,86.0,30.0,47.0,190.6
SUV,66.5,52.1,67.4,7.2,8.5,127.1
SUV,79.26,66.2,75.9,30.0,22.9,18.3
Two-Wheeler,3.64,45.1,89.6,30.0,38.1,4.3
SUV,83.2,50.0,73.1,60.0,29.5,21.7
Sedan,62.86,47.9,53.7,7.2,22.7,28.5
Sedan,42.87,43.1,85.0,60.0,26.6,20.6
Sedan,59.84,26.5,49.8,30.0,30.2,27.7
Hatchback,31.76,33.2,89.5,7.2,45.5,245.6
Hatchback,30.07,14.9,73.0,3.3,26.7,410.4
Hatchback,26.58,42.7,66.9,11.0,4.4,65.3
Sedan,44.93,34.9,88.6,7.2,41.9,266.0
SUV,94.5,69.2,96.1,11.0,21.2,233.6
Sedan,42.84,7.7,94.4,30.0,44.0,106.2
Sedan,47.62,49.7,74.9,30.0,13.5,29.7
Sedan,63.57,62.2,73.6,11.0,9.8,53.3
Sedan,53.26,34.8,47.3,3.3,47.5,205.8
Hatchback,35.58,25.2,74.4,3.3,19.9,376.1
Hatchback,39.43,52.9,84.3,11.0,39.7,91.8
Hatchback,26.63,10.8,83.1,60.0,47.8,35.2
Two-Wheeler,3.66,7.8,93.6,60.0,39.5,3.9
Hatchback,30.27,43.9,70.0,30.0,22.9,17.8
Sedan,42.4,7.6,64.6,3.3,16.9,540.5
SUV,66.42,56.1,88.4,11.0,31.5,143.9
SUV,82.52,53.7,62.7,30.0,34.6,18.4
SUV,96.3,7.2,58.7,60.0,8.1,79.0
SUV,91.14,69.4,98.9,30.0,8.1,123.0
Sedan,58.09,19.5,38.7,60.0,18.1,13.9
Sedan,41.83,37.7,78.0,7.2,0.9,307.3
Hatchback,30.94,36.1,75.4,3.3,11.9,320.2
Hatchback,28.79,32.8,44.9,7.2,46.2,51.2
Sedan,59.9,51.0,74.9,3.3,47.1,446.1
SUV,92.69,65.2,78.0,7.2,-4.6,219.6
SUV,74.13,67.5,77.1,30.0,37.5,17.0
Two-Wheeler,3.25,3.9,67.4,3.3,24.0,42.3
SUV,77.39,11.3,20.6,11.0,23.0,45.3
Hatchback,30.9,68.9,78.7,30.0,47.9,9.3
SUV,95.04,33.9,93.4,3.3,34.6,1267.4
SUV,80.64,40.2,68.4,3.3,6.2,598.0
Hatchback,25.21,31.8,38.9,11.0,41.3,13.1
SUV,91.9,35.5,70.9,3.3,8.6,859.3
Two-Wheeler,2.37,44.4,60.4,60.0,18.6,1.0
Two-Wheeler,2.2,34.9,64.5,3.3,43.8,14.7
Two-Wheeler,4.32,3.3,89.0,60.0,45.8,6.0
Two-Wheeler,2.86,8.7,36.4,30.0,-0.7,3.4
Two-Wheeler,2.01,17.6,28.3,30.0,46.2,1.0
Hatchback,37.21,58.3,92.8,3.3,41.6,372.6
Two-Wheeler,4.18,58.8,73.7,7.2,25.8,6.1
Hatchback,34.13,7.7,52.4,11.0,9.8,116.2
Sedan,49.12,31.3,43.4,11.0,21.8,36.3
SUV,92.3,44.7,76.3,3.3,28.0,630.2
SUV,77.49,55.6,84.6,3.3,36.9,501.0
Two-Wheeler,4.29,47.1,78.9,7.2,21.7,13.0
Two-Wheeler,2.14,24.5,43.9,3.3,-0.4,14.6
Two-Wheeler,2.53,69.0,88.1,60.0,5.2,1.0
Two-Wheeler,2.91,15.9,86.4,7.2,14.5,21.4
Two-Wheeler,3.65,69.8,86.0,11.0,12.1,3.9
Sedan,59.52,56.2,77.0,60.0,23.6,14.0
Hatchback,37.39,27.4,68.6,30.0,36.1,38.9
Hatchback,36.64,5.5,33.2,30.0,-3.7,41.2
SUV,89.52,28.0,74.6,11.0,5.1,402.6
Sedan,57.68,10.8,84.7,7.2,22.5,377.9
Two-Wheeler,4.18,30.0,42.0,11.0,31.4,2.8
Two-Wheeler,2.84,53.4,78.4,30.0,23.5,1.7
Sedan,56.61,46.8,80.0,30.0,37.8,46.3
Sedan,58.38,38.7,94.4,3.3,46.1,1081.5
SUV,91.39,24.7,30.8,11.0,36.4,36.5
Sedan,61.59,61.9,77.5,3.3,-4.1,353.4
Hatchback,28.48,38.9,89.7,3.3,36.4,299.4
Hatchback,35.28,45.4,58.7,60.0,18.3,5.1
Sedan,50.14,17.4,29.4,3.3,24.0,113.4
Sedan,59.67,57.1,87.1,3.3,5.1,559.1
SUV,73.17,11.0,52.4,30.0,17.5,77.4
Two-Wheeler,3.25,37.9,73.6,3.3,47.0,36.1
SUV,77.31,53.2,88.9,30.0,27.9,66.9
Two-Wheeler,3.87,11.0,46.3,30.0,39.6,3.1
Sedan,64.04,69.2,87.4,3.3,23.3,239.6
Sedan,64.22,19.3,47.4,11.0,42.6,128.3
Hatchback,30.24,2.3,95.7,60.0,7.6,48.7
Hatchback,36.22,17.0,84.4,3.3,46.2,794.0
SUV,90.05,69.8,83.9,7.2,47.7,193.6
Hatchback,30.73,38.5,84.2,30.0,31.3,30.3
SUV,94.23,34.3,73.7,11.0,12.4,285.8
Two-Wheeler,3.02,45.0,88.0,3.3,-0.5,45.4
SUV,68.93,69.5,90.6,60.0,44.8,21.9
Two-Wheeler,3.66,20.2,85.1,60.0,7.0,3.8
Hatchback,36.99,53.6,94.4,7.2,8.1,222.2
SUV,77.23,9.2,67.0,3.3,1.0,1493.9
Hatchback,31.8,62.0,74.9,30.0,22.8,8.9
Two-Wheeler,3.18,65.4,85.2,7.2,40.8,7.1
Sedan,59.65,46.5,99.4,7.2,26.0,420.6
Two-Wheeler,3.52,54.9,98.7,7.2,8.3,25.0
SUV,86.09,3.2,55.9,60.0,44.6,69.7
Sedan,59.55,33.2,62.8,7.2,35.2,162.1
Two-Wheeler,2.62,11.7,48.3,11.0,45.8,8.9
Hatchback,29.28,60.8,87.2,30.0,45.4,26.9
Hatchback,27.87,11.2,65.3,11.0,37.6,89.3
Two-Wheeler,3.68,34.8,86.0,30.0,26.5,4.4
SUV,96.03,26.6,87.1,30.0,47.6,211.1
Hatchback,37.94,29.0,67.5,11.0,34.6,94.5
Hatchback,30.87,28.8,43.9,3.3,-0.2,193.6
Sedan,63.8,67.0,99.9,60.0,-0.6,70.3
SUV,88.73,68.1,74.1,3.3,22.9,105.0
Sedan,60.84,28.8,61.7,3.3,46.0,577.9
Sedan,59.25,34.6,76.1,7.2,20.3,236.5
Sedan,61.25,20.7,99.8,3.3,-4.5,2273.9
Hatchback,25.88,44.7,89.1,60.0,27.6,13.4
Sedan,63.72,39.4,63.6,3.3,22.8,322.8
Hatchback,27.35,59.4,78.3,11.0,19.8,32.4
Two-Wheeler,3.97,4.0,91.5,60.0,5.0,6.4
Two-Wheeler,2.24,11.1,64.4,60.0,19.8,1.4
Two-Wheeler,4.24,69.4,77.6,60.0,30.8,1.0
SUV,81.8,2.5,19.9,7.2,1.7,217.6
Two-Wheeler,2.1,42.5,51.1,30.0,5.7,1.0
Two-Wheeler,3.95,23.4,36.3,11.0,42.1,3.6
Sedan,57.53,42.2,96.2,7.2,47.3,540.7
Sedan,55.98,12.0,62.0,7.2,14.8,300.1
Sedan,46.47,8.5,99.2,60.0,2.9,93.9
Sedan,48.52,12.0,43.8,7.2,-3.8,269.8
SUV,93.62,46.0,74.5,7.2,46.5,394.9
SUV,85.21,11.5,39.6,3.3,43.1,582.0
Hatchback,32.17,40.5,50.1,11.0,8.4,26.4
Hatchback,28.2,46.0,78.8,7.2,12.3,100.3
Two-Wheeler,3.49,16.2,72.3,30.0,31.5,4.2
SUV,96.18,11.3,65.7,7.2,42.6,584.5
Hatchback,38.25,50.6,87.1,60.0,41.0,17.5
Two-Wheeler,2.86,61.5,84.4,30.0,35.6,1.4
SUV,94.34,28.9,68.8,7.2,33.5,326.6
Hatchback,29.88,64.3,73.6,7.2,14.7,27.1
Two-Wheeler,3.68,39.3,91.0,60.0,45.2,3.3
Hatchback,35.92,54.7,92.3,30.0,33.9,35.2
Two-Wheeler,2.98,15.6,28.7,30.0,7.7,1.1
Sedan,56.65,67.6,73.8,7.2,1.9,53.7
SUV,70.35,12.2,76.8,3.3,32.5,897.5
SUV,86.99,68.3,93.1,11.0,37.6,157.7
Sedan,41.73,52.8,62.9,7.2,18.2,39.0
Two-Wheeler,2.92,37.0,56.2,11.0,-1.1,6.1
Two-Wheeler,4.45,32.4,92.6,3.3,45.4,85.0
Sedan,62.34,4.4,53.5,11.0,9.2,238.4
SUV,86.7,29.7,70.9,60.0,25.4,40.3
SUV,73.72,15.7,35.8,60.0,32.0,17.0
Two-Wheeler,3.05,67.8,76.8,7.2,41.6,3.1
Sedan,48.41,46.4,65.6,30.0,1.4,37.1
Two-Wheeler,4.45,46.5,67.1,3.3,25.7,16.0
Hatchback,29.33,39.2,91.1,3.3,1.9,499.7
SUV,82.14,11.8,62.5,30.0,13.7,104.7
Hatchback,31.91,7.4,38.9,60.0,4.6,16.3
Sedan,52.66,52.7,64.4,7.2,18.2,61.2
SUV,87.89,7.4,40.6,60.0,13.6,39.4
Sedan,40.89,22.5,63.2,60.0,-0.4,37.6
Two-Wheeler,4.09,20.4,64.4,3.3,27.8,34.3
Hatchback,32.66,56.8,79.1,7.2,21.0,72.1
Two-Wheeler,3.82,2.3,52.1,11.0,43.9,13.2
SUV,92.02,28.7,64.7,11.0,5.3,272.0
SUV,90.6,33.8,96.3,3.3,4.4,2148.0
Sedan,41.36,36.2,48.5,30.0,3.6,17.3
Hatchback,28.18,20.4,46.6,11.0,2.5,68.3
Sedan,42.77,26.3,43.1,30.0,7.4,22.3
Hatchback,38.2,59.2,90.8,3.3,21.3,273.7
Two-Wheeler,4.09,37.7,45.4,60.0,5.2,1.0
Two-Wheeler,3.27,60.1,87.9,3.3,26.8,16.4
SUV,80.52,57.4,74.1,30.0,44.2,39.4
Hatchback,32.51,31.0,63.5,30.0,-2.8,42.7
Hatchback,32.15,59.6,85.0,7.2,40.1,85.5
Sedan,45.7,62.3,92.9,7.2,39.2,161.3
SUV,78.19,39.4,45.5,7.2,28.9,41.2
Hatchback,35.2,34.9,40.1,7.2,10.1,21.6
Hatchback,31.03,14.7,24.6,30.0,32.9,7.5
Two-Wheeler,2.55,53.3,72.7,30.0,-2.2,1.9
Two-Wheeler,4.33,68.0,85.3,30.0,27.4,1.6
SUV,69.01,47.6,98.4,11.0,1.7,466.5
Sedan,50.07,34.8,61.3,3.3,20.3,250.4
Two-Wheeler,3.89,55.9,83.6,7.2,11.7,11.7
Sedan,41.25,11.3,90.9,7.2,2.9,465.4
Sedan,54.34,46.4,68.4,30.0,30.1,26.2
Sedan,43.09,33.0,47.0,7.2,24.0,51.6
SUV,67.6,31.9,87.9,11.0,11.8,274.6
Hatchback,28.51,22.6,49.5,11.0,34.3,44.9
Sedan,57.19,29.3,99.9,60.0,6.5,82.8
Sedan,53.59,5.7,86.3,7.2,14.4,496.2
Sedan,40.76,67.8,87.1,60.0,36.4,10.2
SUV,95.82,28.0,81.4,60.0,47.9,90.0
SUV,90.78,24.4,87.8,60.0,30.3,65.5
Sedan,46.53,52.6,91.4,3.3,38.8,418.3
Hatchback,29.49,48.3,92.6,3.3,41.1,355.9
Hatchback,34.61,65.0,93.2,30.0,23.0,27.0
Two-Wheeler,3.97,55.1,94.2,7.2,7.8,19.5
Two-Wheeler,3.93,65.2,71.3,3.3,28.2,4.5
Hatchback,26.54,63.8,99.8,60.0,30.6,16.8
Sedan,41.37,53.2,61.1,30.0,12.1,8.9
Sedan,54.86,49.5,57.5,30.0,14.6,11.4
Sedan,42.56,46.0,70.3,30.0,43.0,26.4
SUV,68.62,19.3,42.4,3.3,37.2,319.1
SUV,94.8,8.5,81.5,3.3,0.9,2492.0
Sedan,46.34,9.7,81.8,30.0,31.6,73.2
Sedan,41.85,45.4,91.2,30.0,-0.6,84.2
SUV,92.7,26.0,81.7,30.0,3.9,171.2
Two-Wheeler,2.5,25.7,74.3,30.0,13.3,3.1
SUV,96.73,49.7,89.7,30.0,-0.7,158.2
Two-Wheeler,2.18,42.1,59.1,7.2,-0.8,6.9
Sedan,62.18,67.9,92.9,3.3,10.2,513.0
Two-Wheeler,3.55,19.9,59.1,3.3,4.5,46.4
Two-Wheeler,3.04,19.3,65.3,7.2,43.0,15.6
SUV,67.59,42.1,78.9,3.3,38.5,574.4
Two-Wheeler,4.28,58.4,87.1,3.3,13.4,32.5
Sedan,48.83,2.9,62.5,30.0,25.6,63.5
Hatchback,27.39,21.5,53.9,60.0,31.2,10.7
Sedan,50.36,14.4,28.5,30.0,16.9,18.1
SUV,81.89,36.2,98.9,3.3,32.8,1375.0
SUV,65.76,36.8,61.4,11.0,42.9,114.1
Hatchback,33.76,29.0,49.1,60.0,4.7,11.7
Sedan,48.1,35.6,57.7,60.0,19.1,13.6
Sedan,47.29,49.3,68.5,3.3,-0.7,294.4
Sedan,64.6,62.7,85.8,30.0,36.2,36.2
Two-Wheeler,2.43,21.9,59.9,11.0,47.2,9.0
Two-Wheeler,2.65,6.7,98.1,60.0,12.5,3.8
Two-Wheeler,4.15,2.0,91.3,3.3,3.8,116.1
Sedan,49.66,19.4,69.5,60.0,8.5,35.4
SUV,83.88,10.8,86.3,3.3,34.8,1295.4
Hatchback,33.66,47.3,72.3,11.0,29.6,53.0
Two-Wheeler,2.24,66.0,82.6,11.0,27.7,2.2
Two-Wheeler,2.16,20.0,75.6,3.3,29.0,25.1
SUV,77.85,40.7,63.8,11.0,42.5,114.2
Hatchback,35.55,55.1,77.6,11.0,0.8,89.8
Hatchback,35.99,46.4,65.4,7.2,-4.8,117.5
Sedan,59.31,48.7,65.1,11.0,33.8,68.7
Sedan,48.92,55.8,68.5,11.0,5.8,51.1
Hatchback,35.92,20.3,36.1,30.0,-3.5,22.3
Sedan,57.56,50.2,93.0,11.0,17.0,172.3
Hatchback,35.62,39.5,95.6,11.0,14.6,169.6
Two-Wheeler,4.5,7.3,64.7,11.0,7.3,20.8
Two-Wheeler,3.65,34.7,80.8,30.0,24.4,3.5
Sedan,52.81,19.5,74.7,60.0,-4.0,53.6
Two-Wheeler,3.59,12.7,76.8,11.0,33.3,15.6
SUV,87.42,39.3,57.3,11.0,-3.8,182.8
SUV,76.28,52.9,84.8,60.0,13.7,32.8
Hatchback,30.89,11.4,84.9,11.0,45.6,194.5
SUV,87.14,66.7,98.1,7.2,44.4,434.8
Two-Wheeler,2.91,7.9,74.3,60.0,24.5,1.9
Hatchback,37.31,25.4,50.4,30.0,35.1,20.2
Hatchback,37.01,64.8,92.8,7.2,33.1,120.6
Hatchback,33.69,42.4,97.2,7.2,-4.2,344.6
Sedan,40.56,37.3,46.3,30.0,27.0,8.4
SUV,85.28,55.5,75.1,30.0,40.4,36.5
Hatchback,28.96,69.4,95.3,30.0,40.1,24.9
Hatchback,28.27,36.6,82.7,60.0,16.7,18.2
Two-Wheeler,2.75,43.8,54.5,11.0,16.6,1.7
Sedan,52.39,31.0,99.3,60.0,44.0,66.2
Two-Wheeler,2.68,44.4,91.6,11.0,47.0,12.9
Hatchback,38.27,60.5,90.2,7.2,0.5,223.7
SUV,77.99,19.0,48.2,11.0,23.4,146.5
Two-Wheeler,2.12,29.9,97.4,11.0,34.2,10.6
Sedan,44.9,34.2,57.1,30.0,44.5,29.8
Sedan,57.53,26.7,91.8,60.0,16.5,48.5
Hatchback,29.3,6.9,88.4,30.0,7.3,70.4
SUV,79.52,31.3,66.1,7.2,46.0,389.5
Sedan,47.35,10.9,40.2,30.0,24.3,28.3
Hatchback,39.81,26.7,88.5,7.2,-3.1,398.7
Sedan,53.42,58.9,90.1,7.2,14.1,209.3
SUV,67.22,47.3,97.0,11.0,-0.6,455.5
Hatchback,33.95,35.0,54.2,60.0,5.3,10.4
Hatchback,29.72,35.2,76.1,30.0,6.1,44.2
Sedan,54.8,34.5,61.6,30.0,24.1,32.6
Hatchback,36.07,16.2,82.6,30.0,12.8,60.4
Two-Wheeler,4.08,44.4,92.0,3.3,24.8,36.8
Sedan,56.15,5.8,70.5,11.0,26.7,202.4
Hatchback,30.21,6.1,64.5,3.3,23.9,344.5
Sedan,58.24,47.2,85.6,11.0,11.6,174.1
SUV,87.77,22.6,67.3,3.3,43.8,1007.3
Sedan,52.87,42.9,92.2,7.2,37.1,284.5
Hatchback,27.21,20.8,28.3,60.0,11.5,2.6
Hatchback,25.19,2.7,93.0,7.2,33.9,206.8
Two-Wheeler,3.74,6.2,93.4,30.0,17.7,8.1
Sedan,45.11,23.3,89.6,60.0,22.5,35.6
Two-Wheeler,4.22,62.3,74.3,60.0,39.7,1.0
Two-Wheeler,2.12,39.8,56.9,30.0,44.1,1.0
Sedan,46.08,30.7,69.7,30.0,38.0,38.7
SUV,80.78,22.1,66.4,3.3,19.9,797.0
Sedan,56.5,39.0,47.0,7.2,26.7,41.6
Two-Wheeler,2.0,24.8,84.5,3.3,2.1,40.1
Sedan,58.96,68.4,80.4,11.0,25.9,39.4
Hatchback,36.9,2.8,87.9,3.3,37.1,667.4
Sedan,61.14,5.8,76.5,11.0,4.6,398.9
SUV,76.45,15.1,76.9,7.2,24.6,456.9
Hatchback,37.39,63.4,93.9,30.0,1.3,56.6
SUV,76.62,62.2,84.4,11.0,41.4,122.2
Two-Wheeler,2.18,32.3,93.8,60.0,18.8,1.8
SUV,94.02,44.9,90.6,7.2,23.4,434.0
Two-Wheeler,3.42,48.9,59.4,11.0,35.7,1.8
Hatchback,34.66,43.7,85.9,3.3,47.9,436.9
Two-Wheeler,3.44,26.3,77.9,60.0,5.4,2.7
Two-Wheeler,2.03,46.6,57.4,11.0,-0.3,2.4
Two-Wheeler,2.08,38.5,71.2,60.0,43.3,1.0
SUV,79.0,34.2,89.4,60.0,1.4,77.6
SUV,66.03,28.0,46.1,60.0,-0.5,21.5
Sedan,50.8,19.4,61.5,3.3,35.6,456.4
Hatchback,32.66,11.0,49.8,11.0,43.0,94.9
Sedan,61.01,58.3,92.7,3.3,38.2,483.5
Two-Wheeler,2.96,67.9,87.9,3.3,31.2,11.4
SUV,99.24,26.6,70.0,7.2,7.9,600.4
Hatchback,38.71,21.8,96.1,7.2,14.5,390.6
SUV,68.98,22.1,82.6,11.0,30.4,294.1
SUV,94.01,44.3,83.9,3.3,20.4,725.0
Two-Wheeler,2.08,66.2,81.7,7.2,20.6,3.1
Sedan,57.14,47.6,91.0,7.2,-1.2,387.9
Sedan,64.73,10.8,56.8,60.0,44.8,40.8
Two-Wheeler,4.18,59.0,92.1,3.3,16.8,34.7
Sedan,49.92,55.3,71.2,30.0,4.7,28.7
SUV,66.99,58.6,92.7,7.2,37.5,275.2
Hatchback,25.21,2.2,31.2,30.0,22.8,17.4
Hatchback,38.01,67.2,75.6,3.3,38.7,72.3
Hatchback,32.34,53.0,66.8,11.0,27.3,27.3
Hatchback,33.29,20.3,80.8,3.3,29.5,389.3
Two-Wheeler,2.87,50.2,67.2,60.0,5.4,1.0
Hatchback,30.28,23.4,78.7,60.0,7.1,29.1
Hatchback,27.13,10.2,42.2,3.3,40.9,196.2
Hatchback,26.18,21.6,72.1,3.3,26.5,294.1
Sedan,55.81,68.8,88.3,30.0,12.3,34.4
SUV,66.32,25.7,67.5,60.0,25.2,28.8
Sedan,43.21,50.9,95.1,30.0,-3.4,94.2
SUV,75.92,32.9,57.2,60.0,24.5,19.4
Sedan,48.88,19.7,65.9,30.0,15.4,63.6
Sedan,62.36,2.3,16.7,30.0,36.7,19.2
Sedan,63.56,46.2,74.9,3.3,36.3,325.7
SUV,75.38,32.8,67.4,7.2,32.7,263.4
Sedan,57.12,6.7,86.4,3.3,32.5,1008.8
Hatchback,27.58,46.5,56.8,11.0,27.0,18.3
SUV,70.29,8.4,54.2,11.0,32.6,218.0
Sedan,59.97,39.4,77.6,11.0,6.7,183.5
Sedan,42.17,12.3,34.3,60.0,36.8,10.9
SUV,79.66,56.0,95.9,30.0,18.7,107.3
Sedan,40.38,40.4,81.3,60.0,39.7,21.3
Sedan,47.24,57.8,65.2,30.0,29.8,8.1
Sedan,59.76,13.9,83.3,30.0,39.4,102.4
Hatchback,27.89,10.6,83.4,11.0,10.5,149.4
Sedan,41.99,43.5,67.6,3.3,41.6,255.6
SUV,89.6,43.6,83.6,30.0,8.2,107.0
Two-Wheeler,3.97,10.3,26.0,11.0,16.0,4.1
Hatchback,26.22,7.5,17.1,3.3,-3.2,96.4
SUV,79.9,14.7,46.1,60.0,38.4,28.8
SUV,66.07,23.0,55.7,7.2,-4.8,349.0
Hatchback,26.23,50.9,89.9,3.3,4.8,331.6
SUV,75.78,10.3,34.5,7.2,-2.9,310.7
SUV,66.69,19.4,50.6,60.0,15.8,27.2
SUV,86.49,38.2,90.8,3.3,11.2,1173.6
SUV,87.07,39.1,77.2,3.3,2.3,1089.3
Hatchback,26.22,65.2,94.1,11.0,4.5,77.8
SUV,97.77,42.1,63.9,3.3,31.1,441.7
Two-Wheeler,2.59,25.5,36.5,7.2,46.3,4.2
SUV,67.08,59.4,87.7,60.0,31.0,21.8
SUV,87.19,63.2,72.2,11.0,-2.0,95.4
Sedan,52.85,55.1,95.3,60.0,19.7,28.7
Sedan,48.78,3.6,96.3,11.0,32.9,312.8
SUV,74.42,41.8,83.0,11.0,26.7,191.2
Hatchback,29.46,29.0,70.3,60.0,46.8,20.7
Two-Wheeler,4.43,67.1,77.6,3.3,38.9,9.6
SUV,91.42,14.2,86.0,3.3,-3.9,2696.3
Sedan,40.89,53.5,63.4,60.0,-0.8,7.9
SUV,90.94,62.5,68.1,60.0,22.1,5.2
SUV,77.85,24.1,78.7,60.0,-1.8,86.1
Hatchback,32.82,15.1,78.8,7.2,45.7,286.2
Sedan,50.05,21.5,88.1,60.0,-3.0,70.0
Two-Wheeler,2.47,62.6,83.2,30.0,8.0,1.6
Two-Wheeler,3.75,9.5,87.5,7.2,2.9,42.8
Sedan,48.86,36.7,74.9,30.0,8.7,51.9
SUV,65.09,42.5,64.3,60.0,40.7,17.1
SUV,79.17,47.8,53.1,3.3,38.0,83.7
Two-Wheeler,4.26,53.9,89.2,60.0,26.8,1.8
Two-Wheeler,4.04,40.4,88.1,3.3,21.2,39.6
Sedan,50.61,26.8,82.3,7.2,5.6,389.1
Two-Wheeler,4.15,64.2,82.6,60.0,42.3,1.0
Two-Wheeler,2.12,6.3,28.0,3.3,14.1,11.4
SUV,96.95,57.1,94.7,7.2,36.6,478.5
SUV,81.76,25.3,50.1,3.3,18.7,395.3
Two-Wheeler,2.66,64.0,74.2,60.0,30.2,1.0
Hatchback,34.52,6.4,93.2,60.0,10.6,40.8
SUV,72.65,20.9,76.9,3.3,37.3,882.6
Two-Wheeler,3.08,35.6,61.9,3.3,17.2,15.8
Two-Wheeler,3.58,16.3,92.3,11.0,38.9,19.1
SUV,83.39,66.8,82.1,60.0,17.3,15.0
Sedan,51.22,59.7,87.0,60.0,15.6,17.9
Two-Wheeler,4.12,57.2,65.9,11.0,41.2,2.4
Sedan,58.89,52.1,96.6,60.0,26.8,32.8
SUV,89.36,26.8,49.1,11.0,21.0,121.3
SUV,96.4,34.3,96.8,30.0,37.0,159.8
Sedan,64.94,66.9,83.4,11.0,39.2,74.1
Two-Wheeler,3.29,53.5,61.7,7.2,37.7,2.4
SUV,78.13,52.3,67.3,11.0,19.7,75.8
Two-Wheeler,4.11,17.3,40.3,3.3,-2.5,34.2
Hatchback,33.48,51.2,58.2,7.2,5.6,31.0
Hatchback,26.65,52.6,98.0,60.0,-0.9,29.4
Two-Wheeler,4.34,18.8,72.7,30.0,33.8,5.2
Two-Wheeler,3.37,65.7,86.5,30.0,22.4,1.5
SUV,83.58,5.4,66.6,3.3,23.3,979.5
Sedan,50.81,46.8,66.4,30.0,15.6,26.2
SUV,93.66,68.1,86.3,3.3,1.8,530.5
Hatchback,38.18,32.1,92.5,3.3,14.2,618.2
Sedan,41.25,48.3,90.7,30.0,-3.8,73.7
Sedan,64.28,68.2,76.1,11.0,35.3,30.4
Sedan,41.09,68.1,95.2,60.0,27.2,15.1
Sedan,48.67,60.3,91.7,7.2,44.9,210.4
Two-Wheeler,4.24,3.3,30.2,60.0,37.4,1.4
SUV,92.35,23.5,71.6,7.2,44.5,489.1
Sedan,56.5,51.5,70.1,3.3,19.8,223.8
SUV,89.26,20.6,45.9,60.0,12.2,30.5
Two-Wheeler,4.04,58.6,73.0,3.3,40.1,13.0
Hatchback,38.21,23.0,75.7,30.0,11.4,53.7
Two-Wheeler,3.56,15.0,49.6,7.2,13.6,13.1
Two-Wheeler,2.82,2.6,36.8,7.2,9.4,11.4
SUV,99.32,39.1,48.2,11.0,37.9,56.8
Hatchback,31.08,6.2,98.0,60.0,21.3,33.2
SUV,81.16,26.6,56.9,11.0,37.1,155.0
SUV,74.29,39.9,56.7,11.0,13.5,94.5
SUV,98.11,18.5,60.5,30.0,13.5,116.0
Two-Wheeler,2.24,43.8,50.6,7.2,-2.7,2.5
Sedan,54.07,3.2,39.7,60.0,13.4,23.7
Two-Wheeler,2.89,30.7,50.1,60.0,33.6,1.0
SUV,89.74,12.6,90.6,30.0,38.7,189.4
Sedan,44.18,8.3,53.5,3.3,9.1,581.6
Sedan,51.3,64.7,87.2,11.0,15.5,80.4
SUV,85.29,28.0,77.8,11.0,36.1,270.3
Sedan,63.56,36.8,89.9,7.2,-4.5,604.0
SUV,89.09,9.8,75.3,60.0,-4.2,129.0
Sedan,46.3,4.8,65.5,7.2,34.3,263.7
Two-Wheeler,3.24,69.5,95.2,11.0,45.1,10.5
Sedan,41.78,60.3,91.7,30.0,10.0,41.7
Two-Wheeler,2.71,68.0,78.2,11.0,3.1,2.5
Hatchback,36.1,41.9,57.9,11.0,43.9,42.8
Hatchback,27.87,31.8,71.2,3.3,26.9,227.0
Hatchback,30.05,19.6,76.5,60.0,27.5,17.9
Hatchback,27.75,68.1,86.1,11.0,30.1,33.0
Sedan,64.68,67.6,99.6,7.2,38.7,343.2
Two-Wheeler,2.19,55.9,90.2,11.0,32.5,4.8
Sedan,60.25,68.3,84.6,7.2,-2.1,172.8
Hatchback,35.07,66.2,90.5,30.0,27.7,20.2
Sedan,47.17,19.1,79.2,11.0,7.9,247.9
Sedan,55.84,4.9,50.4,11.0,16.2,173.3
Sedan,50.06,60.4,88.5,3.3,36.2,310.1
Hatchback,30.87,29.2,37.5,30.0,5.3,7.9
Hatchback,34.18,28.3,88.8,60.0,18.8,25.3
SUV,94.0,43.9,78.6,3.3,33.2,708.6
Sedan,55.44,11.5,41.2,7.2,23.5,145.6
Hatchback,25.67,27.3,63.1,60.0,31.1,10.5
Hatchback,31.39,19.1,31.5,60.0,44.0,5.2
Sedan,44.51,36.4,60.2,7.2,3.8,151.4
Two-Wheeler,2.88,21.5,53.9,60.0,44.0,1.4
Two-Wheeler,3.58,29.3,35.4,3.3,46.4,7.5
Hatchback,34.86,41.8,47.1,11.0,27.2,11.7
Two-Wheeler,2.46,4.5,95.0,60.0,31.1,2.8
Hatchback,27.36,67.2,90.4,30.0,41.5,17.5
SUV,76.47,11.0,45.8,60.0,42.5,37.0
Hatchback,28.53,42.7,78.7,11.0,23.1,53.9
Two-Wheeler,3.28,23.0,42.8,7.2,12.6,7.2
Two-Wheeler,2.69,38.2,66.0,3.3,38.9,15.5
Hatchback,29.24,3.4,37.2,30.0,26.9,23.4
SUV,99.53,52.2,74.9,60.0,37.3,26.7
Sedan,49.17,48.9,54.8,60.0,28.4,3.3
Two-Wheeler,3.08,9.2,30.1,3.3,42.4,14.1
Two-Wheeler,2.15,50.8,99.0,30.0,17.8,3.2
Two-Wheeler,3.49,13.6,96.1,30.0,40.7,8.0
Hatchback,30.39,12.8,45.5,3.3,45.8,339.5
Hatchback,29.14,41.3,96.6,11.0,36.9,109.0
Sedan,52.59,11.6,84.9,30.0,29.5,86.0
SUV,75.0,60.2,79.4,7.2,4.4,208.2
Two-Wheeler,3.61,42.1,82.2,7.2,47.7,20.0
SUV,91.72,60.2,93.1,60.0,-3.8,73.5
Sedan,56.84,6.1,14.0,3.3,43.1,106.9
Hatchback,31.9,58.3,98.7,30.0,-2.1,85.2
Sedan,42.48,50.6,80.2,60.0,22.6,15.4
SUV,86.07,65.2,84.5,30.0,43.4,48.4
Hatchback,39.23,8.8,34.2,7.2,2.5,139.7
SUV,96.55,12.0,43.7,30.0,11.8,91.4
Hatchback,30.06,22.3,50.5,11.0,32.7,52.4
Two-Wheeler,3.18,3.8,71.5,30.0,33.4,4.8
Hatchback,38.16,43.0,82.8,30.0,32.1,35.5
Hatchback,32.09,17.8,75.8,3.3,32.9,374.6
Hatchback,38.88,11.0,56.1,60.0,6.1,26.0
Hatchback,35.5,68.5,91.3,11.0,41.2,56.0
Hatchback,31.62,61.9,68.2,7.2,18.4,20.9
Sedan,55.39,6.8,12.7,3.3,11.9,77.1
SUV,77.77,51.5,72.6,3.3,20.4,337.9
Sedan,61.9,6.3,72.7,60.0,23.8,41.5
Two-Wheeler,4.2,54.6,82.5,11.0,4.3,9.5
Hatchback,31.7,66.2,99.8,11.0,45.4,150.0
Hatchback,29.79,66.4,84.4,11.0,5.7,45.8
Hatchback,29.92,54.1,84.8,60.0,10.0,11.7
Two-Wheeler,2.43,10.3,66.2,60.0,7.4,1.9
SUV,71.14,34.0,57.0,60.0,13.4,24.8
Sedan,59.09,57.2,82.6,7.2,42.7,163.4
Two-Wheeler,4.07,44.2,99.2,11.0,26.6,19.6
SUV,66.49,26.2,89.1,3.3,-2.3,1629.8
Sedan,56.02,28.7,38.9,60.0,35.0,6.4
Two-Wheeler,2.29,38.2,66.1,30.0,42.9,1.7
Hatchback,31.21,3.7,78.0,60.0,28.6,25.6
Hatchback,27.24,52.3,87.8,30.0,-4.6,39.8
SUV,82.73,67.6,97.8,11.0,15.3,276.7
Sedan,60.55,23.7,62.3,11.0,1.0,256.9
Two-Wheeler,2.69,41.6,66.8,60.0,3.3,1.2
SUV,75.12,37.1,94.4,60.0,-3.9,97.5
Hatchback,37.14,16.9,37.6,60.0,35.4,7.8
Sedan,45.85,59.1,77.7,11.0,17.0,58.5
SUV,86.03,67.5,90.4,3.3,-0.7,800.1
Sedan,49.22,14.4,77.6,3.3,9.0,816.0
SUV,75.01,55.3,81.2,11.0,24.5,126.3
Two-Wheeler,2.87,27.7,49.0,60.0,45.9,1.0
SUV,81.82,14.8,68.3,3.3,11.3,1228.2
Hatchback,32.87,9.7,46.4,30.0,42.5,28.9
Two-Wheeler,4.11,8.2,23.8,30.0,-4.0,2.5
SUV,66.33,33.6,53.8,60.0,39.1,17.0
Sedan,49.46,64.9,96.9,30.0,29.5,56.5
Hatchback,36.04,65.8,80.0,7.2,10.2,59.6
SUV,83.91,67.8,89.6,60.0,10.6,30.9
Sedan,51.2,32.1,73.4,3.3,15.5,450.3
Sedan,44.51,64.7,86.0,60.0,28.3,11.7
SUV,90.64,63.2,84.7,3.3,3.9,618.0
Hatchback,35.05,14.4,52.7,60.0,44.8,19.2
SUV,89.56,38.9,55.4,3.3,27.7,309.9
Sedan,40.16,61.6,87.5,60.0,9.2,16.6
Hatchback,25.44,14.6,73.6,60.0,35.2,16.6
Sedan,59.13,56.6,90.5,30.0,-3.3,89.6
Hatchback,31.47,3.7,62.6,11.0,3.6,180.9
Two-Wheeler,3.72,8.0,65.2,3.3,29.1,41.9
Sedan,53.16,53.0,76.7,60.0,37.0,15.0
Sedan,64.18,12.4,87.3,11.0,22.9,293.9
Sedan,43.28,62.3,94.0,30.0,29.7,42.9
Sedan,61.33,50.6,71.8,60.0,20.7,13.4
Two-Wheeler,2.77,18.2,39.7,60.0,16.3,1.0
Hatchback,38.87,7.4,16.6,60.0,14.2,4.4
Sedan,44.21,21.4,92.8,60.0,25.5,35.9
Sedan,42.82,9.4,72.1,7.2,33.2,275.4
Two-Wheeler,2.39,3.4,17.6,30.0,0.6,1.1
Hatchback,27.01,56.1,75.4,7.2,5.9,62.1
Two-Wheeler,2.2,48.2,73.8,3.3,2.9,18.5
Sedan,50.77,10.7,18.0,3.3,24.2,73.4
SUV,81.76,59.4,81.7,3.3,-0.8,722.4
Two-Wheeler,2.7,25.0,65.0,11.0,45.0,8.3
Two-Wheeler,3.96,28.8,87.8,7.2,27.7,22.8
Sedan,57.83,40.5,79.2,7.2,24.0,204.2
Hatchback,25.77,13.5,57.2,11.0,16.5,72.5
Sedan,51.63,67.8,86.0,3.3,35.9,206.5
Sedan,40.53,27.5,94.6,3.3,12.2,814.1
Sedan,58.42,43.4,65.8,30.0,45.1,41.3
SUV,94.51,65.6,98.7,7.2,23.3,510.0
Sedan,62.22,53.6,75.1,3.3,8.0,357.0
Sedan,64.47,60.1,92.7,11.0,12.7,167.7
SUV,79.33,8.4,77.1,30.0,10.6,153.9
Hatchback,29.91,36.7,43.9,3.3,24.9,44.0
Hatchback,32.87,17.8,56.7,11.0,26.8,84.2
SUV,80.82,14.5,76.4,60.0,45.4,82.7
Two-Wheeler,2.63,58.9,65.8,60.0,-4.2,1.0
Hatchback,30.83,2.8,15.8,3.3,6.1,112.3
Two-Wheeler,3.41,46.1,51.3,7.2,39.9,1.8
Sedan,64.4,63.4,85.6,60.0,35.8,17.2
Hatchback,25.35,39.5,70.1,60.0,37.2,10.1
Hatchback,27.45,56.0,99.1,7.2,0.2,280.2
SUV,75.92,3.0,74.6,11.0,2.0,536.6
Two-Wheeler,3.48,21.3,78.1,7.2,1.2,29.4
Two-Wheeler,3.46,41.4,50.7,11.0,-3.2,2.9
SUV,72.72,6.0,57.9,3.3,0.5,1304.6
SUV,92.03,40.2,46.9,30.0,23.4,13.9
Hatchback,38.63,42.7,96.9,11.0,6.1,225.6
Sedan,41.96,2.7,93.3,3.3,18.9,850.1
Two-Wheeler,3.86,64.4,77.5,60.0,40.4,1.0
Sedan,55.47,63.6,97.8,11.0,4.4,256.6
SUV,93.36,8.6,70.8,7.2,16.2,600.4
SUV,82.77,27.9,88.9,60.0,8.0,82.0
SUV,86.13,65.2,83.4,60.0,28.4,17.5
Hatchback,38.58,58.6,66.4,30.0,8.7,7.7
SUV,93.08,23.3,72.8,60.0,30.1,50.4
Sedan,64.65,39.0,54.9,11.0,21.7,60.5
Hatchback,38.53,48.0,94.2,30.0,33.6,41.7
SUV,83.64,28.7,39.9,11.0,32.2,59.0
Two-Wheeler,3.13,69.1,82.1,7.2,37.1,3.7
Hatchback,25.4,8.0,49.3,7.2,16.2,108.7
Sedan,47.1,3.6,88.3,3.3,16.1,829.8
Hatchback,29.02,11.2,64.8,30.0,42.9,40.8
Hatchback,28.99,26.0,48.0,7.2,46.1,87.1
Two-Wheeler,2.07,60.1,81.5,3.3,7.1,12.2
Sedan,42.69,66.4,91.3,3.3,28.9,257.6
SUV,92.02,5.6,70.3,11.0,24.2,392.1
Hatchback,37.93,65.3,73.2,7.2,4.0,45.1
Hatchback,32.37,65.0,96.2,30.0,1.7,51.0
Two-Wheeler,4.19,39.9,96.8,3.3,33.6,65.2
SUV,68.83,65.3,84.6,3.3,47.7,481.0
Hatchback,33.59,6.6,57.5,30.0,44.0,45.9
Hatchback,36.71,58.3,79.9,30.0,18.5,19.8
Two-Wheeler,4.32,44.3,63.7,60.0,42.7,1.1
SUV,79.51,48.6,56.0,3.3,11.6,146.6
Sedan,42.11,15.7,78.2,30.0,1.2,100.3
Hatchback,34.21,31.2,74.3,60.0,30.5,18.8
Hatchback,35.63,14.2,53.4,30.0,11.1,36.7
Two-Wheeler,4.03,31.7,73.1,30.0,32.4,3.9
Two-Wheeler,2.95,38.5,90.2,60.0,34.6,1.7
SUV,87.3,31.6,74.1,11.0,37.4,250.1
SUV,90.69,16.2,60.1,3.3,9.2,1122.4
Two-Wheeler,3.08,35.2,99.9,30.0,1.4,10.1
Two-Wheeler,4.03,21.2,55.3,11.0,38.5,9.0
Hatchback,25.97,21.5,67.5,60.0,1.5,20.4
SUV,82.66,64.6,98.4,3.3,11.9,1046.4
SUV,84.85,41.5,90.1,60.0,15.8,59.4
Sedan,52.29,52.0,95.9,60.0,15.9,35.0
Sedan,63.24,22.8,44.7,7.2,33.2,132.4
SUV,90.9,68.2,88.1,30.0,42.0,51.3
Hatchback,29.07,66.3,77.0,3.3,15.3,69.2
Two-Wheeler,3.46,8.6,91.3,3.3,41.9,53.0
SUV,71.67,25.5,55.7,11.0,25.7,132.2
Sedan,55.66,19.1,54.6,60.0,33.3,21.0
Sedan,57.78,29.7,42.8,3.3,20.4,148.7
Hatchback,36.87,35.4,41.9,3.3,40.7,58.3
SUV,74.84,30.1,78.1,60.0,43.4,45.8
SUV,92.84,8.4,76.1,30.0,25.7,144.0
Two-Wheeler,2.72,10.4,38.5,7.2,-1.2,12.3
SUV,69.47,49.4,62.5,11.0,21.2,57.8
SUV,85.44,41.8,50.2,30.0,17.6,18.7
Sedan,63.79,55.5,84.6,11.0,32.3,104.9
Hatchback,38.0,44.0,86.6,11.0,-4.4,174.9
SUV,66.94,45.9,96.5,7.2,33.8,375.4
SUV,77.08,18.2,25.3,3.3,-2.9,187.0
Two-Wheeler,2.49,61.1,99.8,3.3,37.6,29.0
Sedan,54.46,55.3,86.4,3.3,37.6,408.6
Hatchback,36.8,5.5,43.1,60.0,24.7,13.7
Two-Wheeler,3.57,39.5,92.3,11.0,8.9,15.1
Sedan,63.01,18.9,62.5,7.2,44.4,306.8
Two-Wheeler,3.25,30.5,78.3,60.0,5.5,2.4
Two-Wheeler,3.78,43.5,55.7,3.3,0.3,17.2
Hatchback,34.38,69.9,78.0,3.3,20.1,53.5
Two-Wheeler,2.07,56.9,71.0,60.0,34.6,1.0
Hatchback,32.06,14.0,53.3,7.2,15.9,138.5
Sedan,57.43,13.9,99.8,11.0,21.4,360.2
SUV,76.14,22.0,50.1,30.0,18.9,50.0
SUV,71.26,11.7,25.4,30.0,16.7,25.1
SUV,99.3,2.7,13.6,7.2,25.9,94.0
SUV,96.32,47.9,76.2,3.3,23.8,541.1
Two-Wheeler,4.33,9.7,53.8,3.3,8.1,48.4
Sedan,55.42,17.2,82.8,60.0,45.0,52.0
SUV,83.54,52.3,62.7,7.2,-2.3,157.2
Sedan,47.44,41.6,89.5,30.0,-3.5,100.2
Two-Wheeler,3.81,47.3,91.7,7.2,24.1,17.6
Sedan,49.9,47.4,97.8,11.0,19.3,212.4
Hatchback,33.62,51.5,89.7,3.3,46.6,399.2
Two-Wheeler,4.15,52.1,79.6,11.0,-3.4,13.1
SUV,83.13,25.4,38.2,60.0,-2.1,20.5
Two-Wheeler,3.41,22.5,72.0,11.0,35.2,9.9
SUV,75.51,7.2,87.2,11.0,40.2,492.7
Two-Wheeler,3.68,53.5,88.4,7.2,-1.2,24.4
Two-Wheeler,3.52,5.1,11.1,11.0,1.7,2.1
Two-Wheeler,3.82,69.9,92.0,60.0,0.3,1.8
Hatchback,38.29,39.0,57.8,30.0,33.8,16.0
Hatchback,26.42,30.1,89.6,11.0,11.1,115.9
Sedan,48.22,24.9,39.4,7.2,13.6,78.4
Hatchback,29.5,49.6,78.0,11.0,18.1,53.2
SUV,84.05,4.2,40.0,7.2,7.6,384.8
Hatchback,35.5,53.4,72.2,3.3,8.6,177.6
Sedan,62.85,4.9,51.1,7.2,9.0,357.5
SUV,77.11,6.0,92.0,7.2,22.6,619.1
SUV,92.3,33.4,98.7,30.0,7.0,248.2
Two-Wheeler,3.3,38.7,50.0,60.0,2.1,1.0
Two-Wheeler,2.54,34.3,43.2,60.0,10.9,1.0
Sedan,44.83,8.8,18.5,60.0,22.7,4.9
Two-Wheeler,2.62,23.7,29.4,3.3,38.3,3.1
SUV,85.1,24.3,31.2,7.2,26.3,51.4
Sedan,46.03,20.0,51.2,7.2,19.8,139.7
Hatchback,35.6,67.6,77.5,3.3,21.9,80.5
Hatchback,38.21,62.3,81.8,30.0,35.1,16.5
Hatchback,38.27,50.4,58.1,30.0,8.0,9.0
Hatchback,32.77,43.5,90.7,3.3,37.8,323.1
Two-Wheeler,3.98,9.2,55.8,30.0,29.4,3.9
Hatchback,26.54,54.7,69.2,7.2,18.1,38.7
Hatchback,31.47,12.4,36.6,3.3,13.9,191.0
Sedan,41.79,25.8,33.5,11.0,8.3,23.5
Sedan,52.56,65.1,75.9,3.3,33.7,112.0
SUV,79.05,9.4,68.9,7.2,2.7,684.8
Hatchback,36.12,13.2,44.1,11.0,32.4,57.8
Hatchback,31.2,47.7,83.0,30.0,10.9,30.1
SUV,67.39,4.6,74.3,30.0,28.5,102.6
Hatchback,28.12,4.9,57.9,30.0,21.3,34.5
Sedan,62.5,53.4,85.9,30.0,24.8,48.6
Hatchback,37.58,18.0,93.5,11.0,24.7,193.8
Two-Wheeler,2.69,41.7,54.8,7.2,-4.8,5.8
Sedan,63.53,41.6,68.2,7.2,47.1,219.8
SUV,97.95,48.9,78.1,60.0,38.6,34.6
Sedan,45.17,19.4,34.7,7.2,40.1,71.2
Sedan,49.11,28.4,89.6,11.0,38.5,205.9
Two-Wheeler,4.01,28.2,63.3,30.0,8.0,4.2
SUV,91.62,32.8,40.2,60.0,34.4,8.2
Hatchback,35.71,46.0,57.0,60.0,-0.5,7.8
Hatchback,38.7,61.2,76.6,11.0,14.4,37.7
Sedan,60.22,55.3,95.5,11.0,22.7,174.8
Hatchback,35.13,13.4,45.0,60.0,-1.0,20.2
Two-Wheeler,3.85,14.8,45.5,11.0,12.8,8.8
Two-Wheeler,2.09,44.4,76.1,3.3,-4.9,23.8
Two-Wheeler,3.37,47.6,55.0,11.0,4.1,2.4
Sedan,42.91,24.1,59.3,3.3,40.0,318.7
SUV,81.0,34.1,58.1,60.0,-0.7,39.2
SUV,89.62,25.7,32.9,3.3,34.9,132.9
SUV,93.81,22.7,44.7,60.0,47.6,38.0
Sedan,40.43,42.7,61.6,60.0,14.9,10.4
Two-Wheeler,3.31,55.9,65.4,30.0,47.9,1.0
Two-Wheeler,3.69,9.4,81.3,60.0,24.7,3.1
SUV,98.36,69.9,89.4,3.3,4.9,738.7
Sedan,55.19,29.2,59.1,7.2,37.5,148.9
Sedan,50.36,38.5,57.4,3.3,16.3,222.7
Sedan,59.66,25.1,79.5,3.3,-0.6,1164.2
Sedan,60.54,15.9,64.5,30.0,42.8,70.2
Hatchback,30.17,67.6,76.9,3.3,1.3,90.3
Two-Wheeler,2.37,40.0,45.7,7.2,17.6,1.3
Two-Wheeler,3.56,2.2,54.8,11.0,45.1,17.5
Two-Wheeler,4.41,18.3,67.6,60.0,39.0,2.7
Sedan,46.52,64.4,76.6,30.0,29.2,12.7
Two-Wheeler,3.38,49.0,96.7,7.2,18.7,17.7
Two-Wheeler,2.16,3.5,52.1,3.3,23.9,19.4
Two-Wheeler,2.67,62.6,70.8,3.3,21.0,4.2
Hatchback,35.4,20.1,34.2,60.0,3.4,8.6
Hatchback,30.07,13.9,54.2,7.2,12.7,127.2
SUV,81.19,9.6,60.4,3.3,30.5,823.0
Hatchback,34.25,30.1,58.4,3.3,2.9,298.4
Two-Wheeler,3.14,8.4,71.9,7.2,10.0,23.7
Hatchback,29.45,52.7,74.5,3.3,-3.2,226.4
Two-Wheeler,2.94,44.3,68.2,60.0,24.4,1.0
Hatchback,29.72,15.3,63.7,30.0,30.0,30.7
Two-Wheeler,2.89,52.6,63.9,3.3,41.8,7.9
Hatchback,30.11,26.4,97.7,30.0,25.1,60.7
Sedan,49.37,50.3,61.0,60.0,40.3,7.0
Hatchback,27.17,39.9,53.8,7.2,18.4,35.4
Sedan,63.7,50.0,71.2,3.3,17.0,326.3
Hatchback,39.81,6.2,35.3,11.0,22.5,71.3
SUV,83.2,19.7,37.1,7.2,9.2,163.6
SUV,67.14,66.8,76.3,3.3,-4.9,230.0
Sedan,46.68,61.8,95.7,30.0,34.3,41.4
Sedan,64.22,33.6,88.3,11.0,1.0,401.4
Hatchback,25.15,19.5,83.8,60.0,33.9,20.2
SUV,68.35,47.9,83.1,60.0,5.9,43.1
Hatchback,34.82,42.8,71.9,30.0,31.4,23.9
SUV,85.84,44.0,90.4,7.2,17.1,436.2
Hatchback,31.38,38.9,95.0,60.0,10.9,28.5
Two-Wheeler,3.03,60.8,71.1,11.0,-3.1,3.6
SUV,77.03,48.5,64.2,60.0,21.0,14.0
Hatchback,30.81,19.8,32.4,7.2,17.9,40.7
Sedan,48.95,33.5,95.8,3.3,27.3,739.4
Sedan,60.08,8.5,62.3,11.0,13.7,241.7
Sedan,57.81,8.0,67.0,60.0,34.4,38.7
Two-Wheeler,3.7,23.4,32.9,3.3,42.1,7.6
Hatchback,39.89,60.2,84.6,7.2,34.6,90.1
Sedan,48.44,15.1,54.6,30.0,4.9,62.4
SUV,76.52,8.5,88.9,11.0,1.5,667.6
Sedan,64.47,19.3,42.1,11.0,28.2,93.0
Two-Wheeler,2.43,22.4,27.8,60.0,33.2,1.0
Sedan,55.12,19.1,28.4,7.2,7.5,70.3
Sedan,51.78,35.4,99.8,11.0,-3.3,503.0
Two-Wheeler,3.34,69.7,92.0,60.0,33.3,1.0
Hatchback,38.62,37.6,43.1,3.3,6.1,64.2
Hatchback,25.42,21.1,92.3,7.2,26.2,168.3
Sedan,58.78,50.8,56.0,3.3,47.7,94.6
SUV,75.54,67.4,95.6,7.2,28.8,238.6
Two-Wheeler,2.84,24.1,90.3,7.2,31.1,17.3
SUV,71.21,7.2,44.5,60.0,47.0,46.9
SUV,76.95,69.1,83.0,3.3,30.9,235.6
Sedan,42.25,12.1,38.6,30.0,37.2,27.9
Hatchback,30.69,11.5,56.0,3.3,14.3,308.9
Hatchback,25.75,37.4,94.7,7.2,14.6,184.5
Sedan,54.21,36.2,92.6,11.0,25.1,201.9
Hatchback,25.76,20.5,46.9,30.0,25.2,14.9
Sedan,51.46,6.4,97.3,11.0,10.7,399.8
Hatchback,38.36,22.3,67.2,60.0,36.5,19.5
Two-Wheeler,2.81,34.6,42.7,60.0,-2.5,1.0
Hatchback,38.82,37.0,60.9,7.2,18.9,93.6
Sedan,52.68,27.7,78.9,30.0,15.8,66.8
Hatchback,28.03,13.1,39.1,11.0,43.7,51.3
SUV,91.05,64.2,80.1,60.0,27.9,16.8
Hatchback,39.95,52.7,90.8,60.0,41.7,23.6
Hatchback,35.99,43.1,76.2,11.0,15.4,88.5
Two-Wheeler,3.84,43.7,53.1,60.0,0.9,1.0
Two-Wheeler,2.37,7.5,38.3,3.3,-4.4,24.0
Sedan,52.69,69.1,86.6,11.0,41.1,69.7
SUV,76.5,69.3,97.6,7.2,18.8,352.2
Sedan,54.82,13.0,65.2,7.2,6.8,407.9
Two-Wheeler,3.4,13.0,59.5,11.0,11.8,11.4
SUV,69.85,31.1,56.7,11.0,23.8,104.3
Sedan,46.98,39.9,90.8,3.3,-1.9,995.5
SUV,76.89,19.5,41.8,30.0,46.4,59.7
SUV,79.21,19.7,37.4,3.3,46.9,479.7
Sedan,62.46,16.0,31.1,30.0,8.8,30.2
Hatchback,32.34,3.4,8.8,7.2,16.6,17.7
Two-Wheeler,4.38,64.9,83.9,30.0,10.2,2.5
Hatchback,39.16,47.6,66.2,3.3,35.2,166.1
Hatchback,31.03,60.7,99.7,30.0,12.0,51.3
Sedan,60.01,35.5,99.0,7.2,42.0,542.9
Sedan,55.5,23.6,46.7,3.3,23.9,267.6
Two-Wheeler,2.74,12.6,32.7,11.0,33.2,3.4
Two-Wheeler,4.44,64.4,71.4,11.0,37.3,2.0
Sedan,63.48,40.0,64.2,3.3,42.2,351.6
Hatchback,30.92,50.1,84.8,3.3,20.1,221.8
Sedan,49.36,7.6,26.4,11.0,33.4,51.7
SUV,76.52,43.3,49.4,7.2,25.2,47.8
Hatchback,25.02,66.1,76.1,11.0,1.0,26.6
SUV,91.77,36.8,73.8,30.0,19.1,84.3
Sedan,49.72,39.7,81.1,7.2,47.3,292.4
Sedan,64.02,21.0,59.5,30.0,33.2,58.9
SUV,84.81,64.7,74.2,60.0,37.6,9.0
Hatchback,26.67,41.5,62.1,3.3,2.6,180.5
Sedan,49.51,38.4,92.2,11.0,33.4,195.6
Two-Wheeler,4.16,27.6,42.7,60.0,1.1,1.2
SUV,66.35,35.8,52.3,60.0,23.2,13.7
Sedan,64.28,34.9,79.8,30.0,42.6,73.6
Two-Wheeler,2.61,11.2,28.7,60.0,40.2,1.0
Two-Wheeler,3.16,49.0,88.3,60.0,17.5,1.5
Sedan,63.91,3.7,29.5,30.0,41.3,43.4
Sedan,61.95,54.2,69.6,3.3,46.2,268.7
Two-Wheeler,3.15,60.8,88.6,3.3,26.0,18.2
Sedan,55.34,12.5,84.3,7.2,6.1,456.0
Sedan,60.37,33.8,63.2,3.3,22.6,375.4
Two-Wheeler,2.86,14.7,89.5,60.0,20.5,2.5
SUV,95.17,65.8,83.9,3.3,-3.9,630.7
SUV,82.21,31.4,72.6,7.2,8.6,394.6
SUV,74.82,66.4,87.7,60.0,-1.3,38.4
Sedan,60.99,22.6,34.6,60.0,19.4,7.8
Hatchback,38.77,46.4,89.5,7.2,23.7,167.5
Two-Wheeler,3.91,31.2,68.1,3.3,4.5,39.3
SUV,72.16,62.4,90.8,3.3,40.2,544.1
Sedan,40.47,57.6,92.6,11.0,21.9,98.8
SUV,67.65,24.1,95.6,3.3,-1.4,2101.4
SUV,80.43,10.4,21.4,11.0,23.9,50.9
Hatchback,29.31,2.9,32.5,11.0,32.9,55.3
Sedan,59.84,12.1,83.0,3.3,22.2,831.8
Hatchback,36.11,51.1,63.8,3.3,2.3,173.8
Sedan,56.19,2.6,24.6,11.0,34.5,79.4
SUV,71.13,58.6,76.2,3.3,23.1,272.6
Sedan,42.34,19.5,36.4,7.2,43.2,75.3
Two-Wheeler,4.03,2.1,76.7,60.0,20.5,3.3
SUV,77.52,43.1,63.9,60.0,42.4,21.4
Hatchback,38.32,8.9,56.4,7.2,25.8,159.6
Sedan,40.99,30.3,64.7,3.3,45.0,357.0
Hatchback,28.15,63.3,74.4,11.0,45.2,30.9
Sedan,47.08,11.3,68.9,60.0,17.4,32.8
Sedan,57.24,24.6,53.2,11.0,27.3,91.1
Two-Wheeler,4.0,61.8,91.8,30.0,21.9,3.2
SUV,92.55,6.3,74.2,11.0,-0.5,723.7
Sedan,42.99,24.1,84.0,11.0,24.2,125.0
SUV,81.81,69.0,79.3,30.0,-0.5,36.6
Two-Wheeler,2.24,33.7,73.7,30.0,37.8,1.9
SUV,74.59,48.5,93.5,7.2,3.9,538.6
Sedan,44.52,25.0,85.6,7.2,34.4,231.2
Two-Wheeler,3.01,16.3,87.6,30.0,-2.1,8.8
SUV,90.33,40.7,89.7,30.0,-3.5,180.8
SUV,87.37,47.9,63.0,7.2,3.2,185.8
Two-Wheeler,3.66,34.9,96.1,60.0,38.4,2.9
Two-Wheeler,3.23,20.0,86.3,11.0,10.1,17.6
Sedan,53.8,12.6,19.7,60.0,30.7,4.4
Two-Wheeler,2.86,41.6,76.0,3.3,3.9,27.6
Sedan,51.94,61.5,69.1,11.0,23.0,24.7
Hatchback,34.16,47.5,81.3,3.3,43.9,267.7
SUV,87.26,44.2,82.0,3.3,17.7,783.8
Two-Wheeler,3.97,34.7,87.2,11.0,16.0,14.2
Two-Wheeler,3.37,9.9,71.5,11.0,40.2,14.9
Sedan,50.25,60.4,99.9,7.2,-2.2,503.1
Hatchback,31.94,55.3,64.1,3.3,31.5,54.1
SUV,85.85,42.4,62.3,3.3,12.1,389.9
SUV,95.32,37.9,97.9,60.0,25.8,71.0
Two-Wheeler,4.24,47.1,97.7,11.0,23.1,16.7
Hatchback,37.34,69.4,82.2,30.0,28.3,10.7
SUV,85.51,14.0,53.1,60.0,4.6,53.7
Sedan,64.13,42.6,99.5,3.3,4.2,1531.1
Hatchback,35.38,6.8,89.7,60.0,5.0,50.5
Two-Wheeler,3.78,46.9,52.2,30.0,8.2,1.0
SUV,67.59,47.9,94.9,11.0,47.5,369.7
Hatchback,32.67,64.3,71.3,7.2,7.1,29.6
Hatchback,39.27,34.8,73.8,30.0,28.9,35.0
SUV,86.92,64.9,98.2,7.2,15.3,474.0
Two-Wheeler,4.3,8.6,20.6,60.0,4.8,1.0
Hatchback,28.6,56.4,70.8,7.2,45.9,58.0
Hatchback,39.15,10.2,24.9,11.0,18.0,35.5
Two-Wheeler,4.39,69.5,75.6,11.0,3.8,2.6
Two-Wheeler,2.7,27.0,47.7,60.0,46.3,1.0
SUV,65.8,42.9,68.4,11.0,25.0,109.9
SUV,68.23,58.8,90.0,3.3,1.8,831.3
Sedan,42.47,59.1,77.1,11.0,30.5,45.8
SUV,90.97,4.3,23.4,60.0,18.6,20.3
Sedan,64.44,16.0,76.7,7.2,8.8,475.9
SUV,68.64,22.3,97.1,3.3,27.9,1315.2
Sedan,64.27,13.7,40.7,3.3,39.6,401.6
Two-Wheeler,3.66,27.3,71.7,7.2,0.1,26.7
Two-Wheeler,2.01,40.0,64.9,11.0,43.0,3.5
Hatchback,36.47,17.3,46.6,7.2,35.9,97.1
Sedan,51.69,39.6,93.8,7.2,30.1,265.6
Sedan,47.61,32.2,80.3,60.0,16.4,29.5
Hatchback,34.15,45.5,92.9,3.3,-0.5,650.4
SUV,91.09,42.1,68.6,3.3,43.9,663.3
Hatchback,32.81,38.2,85.5,3.3,14.0,343.0
Hatchback,34.04,39.0,91.4,7.2,9.3,215.0
Sedan,47.84,31.7,99.6,60.0,2.7,70.7
SUV,66.61,53.7,66.9,7.2,42.3,100.5
Two-Wheeler,2.62,58.6,77.2,3.3,8.6,13.9
Hatchback,28.85,65.6,72.1,11.0,3.3,18.6
SUV,92.25,64.3,87.7,7.2,40.3,237.7
Hatchback,26.17,44.8,99.1,3.3,39.1,464.2
SUV,92.29,48.4,96.9,3.3,32.6,1230.2
Two-Wheeler,3.01,30.7,76.4,30.0,42.7,3.5
Hatchback,27.2,26.7,78.5,3.3,28.6,283.7
Sedan,59.74,8.5,65.0,11.0,37.9,219.4
Hatchback,35.1,13.9,58.5,7.2,43.9,187.6
Two-Wheeler,2.48,34.8,47.8,60.0,32.6,1.0
Sedan,63.12,51.6,98.5,7.2,30.6,351.8
Two-Wheeler,3.82,59.6,74.7,60.0,4.0,1.0
SUV,80.04,60.2,87.2,7.2,45.0,349.9
Hatchback,28.21,68.4,84.8,7.2,43.8,57.0
Sedan,59.27,44.0,75.8,7.2,18.3,196.0
Two-Wheeler,2.38,5.5,11.0,60.0,21.2,1.0
Hatchback,39.86,43.5,74.7,30.0,25.8,27.8
Hatchback,32.0,30.0,97.0,3.3,4.9,754.0
Hatchback,34.38,23.7,67.2,30.0,26.6,30.9
Sedan,43.54,54.4,75.2,11.0,29.2,52.3
Hatchback,35.51,30.4,47.4,3.3,44.5,148.6
Sedan,54.4,44.5,67.7,30.0,8.9,39.3
Two-Wheeler,3.24,62.9,80.4,30.0,15.0,1.5
Two-Wheeler,2.07,26.1,82.3,30.0,24.4,2.3
SUV,96.54,36.3,84.7,30.0,5.5,165.9
Hatchback,39.89,16.9,95.9,7.2,16.7,341.4
Two-Wheeler,2.6,18.2,52.1,11.0,34.5,5.6
Two-Wheeler,2.22,53.6,66.7,60.0,22.1,1.0
Hatchback,32.61,33.9,57.7,60.0,18.8,8.3
Two-Wheeler,3.43,8.8,22.6,30.0,10.5,1.2
Sedan,43.28,8.6,39.9,7.2,28.4,128.0
SUV,80.42,44.7,67.8,7.2,46.9,275.9
Two-Wheeler,3.24,35.5,57.8,11.0,-0.9,7.9
Two-Wheeler,4.44,29.5,96.5,60.0,32.2,3.9
Sedan,64.21,38.3,87.5,60.0,36.2,30.7
SUV,69.7,69.9,76.7,11.0,2.1,48.9
SUV,96.48,36.9,98.2,3.3,41.5,1578.9
Hatchback,28.83,69.5,89.9,7.2,39.6,64.2
SUV,97.37,56.0,78.7,7.2,45.3,306.4
SUV,70.6,51.5,90.2,7.2,6.0,371.2
SUV,84.5,42.8,92.1,3.3,-3.6,1648.6
Two-Wheeler,4.36,36.9,56.2,3.3,-4.0,27.4
Two-Wheeler,3.2,51.9,68.4,30.0,18.3,1.2
Hatchback,27.12,50.4,81.4,7.2,18.6,90.2
Hatchback,37.19,53.4,65.9,3.3,41.9,112.0
Sedan,53.28,55.9,67.3,11.0,9.0,49.6
SUV,93.31,13.5,67.0,60.0,18.6,56.9
Two-Wheeler,4.14,8.2,36.7,3.3,3.0,39.4
Two-Wheeler,2.66,55.2,67.1,30.0,13.9,1.0
SUV,99.34,52.1,65.9,11.0,46.2,141.0
Two-Wheeler,4.29,53.9,88.9,11.0,5.6,13.7
Hatchback,35.2,57.6,91.2,60.0,42.9,17.4
Two-Wheeler,2.59,9.2,55.6,7.2,21.4,8.8
Two-Wheeler,2.91,33.0,69.6,30.0,11.5,2.6
Hatchback,31.62,29.9,36.4,11.0,35.9,11.5
Two-Wheeler,2.72,59.6,89.7,3.3,11.6,21.0
Hatchback,28.3,48.2,91.2,60.0,0.1,27.7
Sedan,58.33,37.1,77.1,60.0,29.4,24.9
SUV,68.53,27.2,82.7,7.2,41.9,473.1
Sedan,54.87,34.1,81.4,30.0,3.0,81.8
Sedan,64.23,66.8,89.7,7.2,25.7,152.7
Sedan,47.21,2.4,9.2,11.0,46.5,31.5
Two-Wheeler,4.11,43.3,82.8,30.0,36.9,3.7
Two-Wheeler,3.39,8.6,70.6,3.3,39.1,46.6
SUV,72.09,67.2,97.6,7.2,11.6,374.8
Two-Wheeler,2.85,26.7,95.3,60.0,34.3,2.6
SUV,95.27,7.1,55.9,60.0,42.5,58.1
SUV,95.07,54.9,66.6,3.3,4.6,332.5
Hatchback,27.16,63.7,93.9,7.2,16.4,103.7
Two-Wheeler,2.69,69.1,88.2,11.0,28.8,3.3
Sedan,47.19,31.2,76.3,11.0,38.0,133.7
Two-Wheeler,3.34,27.4,73.4,3.3,41.7,35.7
SUV,90.87,8.9,24.9,7.2,7.0,186.3
Two-Wheeler,2.99,44.7,55.9,11.0,22.6,1.9
Hatchback,32.63,11.0,48.6,7.2,35.3,108.4
Two-Wheeler,2.58,53.3,66.4,30.0,45.4,1.1
Hatchback,28.43,50.3,68.9,60.0,-0.6,10.9
Two-Wheeler,3.02,41.5,72.1,3.3,28.4,17.3
Two-Wheeler,3.96,17.7,83.9,30.0,8.3,6.7
Two-Wheeler,3.72,36.3,63.0,60.0,24.9,1.1
Two-Wheeler,4.07,9.9,50.0,60.0,26.1,1.8
Two-Wheeler,4.08,44.8,53.2,3.3,-1.9,11.8
Hatchback,29.66,13.0,36.0,30.0,15.8,17.2
Hatchback,36.87,18.9,85.5,3.3,44.0,595.1
Two-Wheeler,3.76,62.3,78.7,60.0,40.8,1.0
Sedan,64.91,66.5,75.0,3.3,19.2,109.4
Hatchback,32.46,15.3,53.7,11.0,21.4,71.8
Hatchback,34.52,8.9,79.7,11.0,-4.8,271.9
SUV,91.84,12.0,87.1,60.0,-0.8,133.3
Two-Wheeler,2.46,32.4,96.0,60.0,6.1,2.9
SUV,79.2,33.2,63.6,11.0,38.8,150.6
Hatchback,35.46,38.2,85.7,7.2,-2.3,274.0
Two-Wheeler,3.49,16.1,63.1,7.2,46.9,23.7
Hatchback,27.07,41.6,59.5,11.0,42.8,31.0
Two-Wheeler,2.01,58.6,73.1,60.0,5.7,1.0
Two-Wheeler,3.46,52.1,75.1,7.2,0.4,13.2
Two-Wheeler,4.23,54.2,90.8,30.0,26.3,3.7
SUV,94.08,51.4,94.7,60.0,4.8,79.5
Sedan,56.17,31.8,43.3,3.3,25.5,139.3
Hatchback,28.92,13.0,54.9,11.0,7.0,99.4
Hatchback,39.11,14.7,42.7,7.2,37.0,108.5
Sedan,59.05,2.3,96.0,11.0,19.5,397.6
SUV,95.69,17.0,65.3,60.0,16.8,59.4
Two-Wheeler,2.89,34.5,76.3,30.0,9.3,3.6
Two-Wheeler,3.55,11.7,81.3,3.3,5.3,70.0
Sedan,50.63,45.9,92.5,11.0,1.4,262.0
Sedan,56.85,61.5,88.4,11.0,3.5,160.6
Hatchback,26.9,45.8,85.9,11.0,35.4,75.9
Sedan,49.15,16.4,62.6,30.0,25.4,49.1
Sedan,43.89,29.7,52.1,60.0,-2.4,18.8
Sedan,53.08,30.5,66.1,30.0,11.6,46.3
SUV,93.54,55.7,69.8,11.0,18.0,90.4
Two-Wheeler,2.49,11.0,94.3,60.0,2.7,3.6
Sedan,52.47,14.8,88.8,11.0,4.1,375.9
SUV,65.79,51.6,65.6,3.3,26.8,197.7
Hatchback,34.85,18.4,86.0,11.0,5.9,227.0
SUV,92.76,5.5,43.4,60.0,40.2,52.0
Sedan,42.71,29.5,97.5,30.0,0.6,133.6
Sedan,58.62,5.7,11.6,11.0,10.9,23.1
Two-Wheeler,3.53,69.8,83.6,30.0,40.1,1.3
Hatchback,32.17,67.2,91.8,3.3,1.0,301.2
Two-Wheeler,3.84,39.5,66.3,30.0,0.8,3.6
Sedan,54.75,38.7,77.3,3.3,38.8,454.8
Hatchback,25.9,21.6,32.5,11.0,2.5,28.9
SUV,97.76,10.1,27.8,11.0,34.8,104.3
SUV,91.16,44.8,64.2,30.0,0.5,58.1
SUV,90.57,14.7,54.3,60.0,32.6,36.9
SUV,98.43,12.2,33.5,60.0,14.3,26.3
Two-Wheeler,3.72,34.0,50.2,11.0,8.8,4.6
Hatchback,38.85,8.5,83.1,11.0,11.5,199.1
Hatchback,30.78,32.1,84.3,7.2,3.8,252.1
Hatchback,34.86,7.2,20.5,11.0,33.1,26.6
Hatchback,28.95,42.7,97.6,3.3,33.8,390.5
Two-Wheeler,2.93,67.4,74.7,30.0,37.9,1.0
Two-Wheeler,4.46,59.3,94.6,30.0,38.6,4.1
Two-Wheeler,3.3,21.4,61.6,7.2,1.7,20.0
Two-Wheeler,2.16,46.9,88.4,30.0,40.7,2.1
Hatchback,29.14,59.7,95.6,30.0,-0.9,52.1
SUV,78.96,2.4,79.9,3.3,17.9,1353.0
Two-Wheeler,3.78,23.4,84.4,30.0,29.0,4.6
Two-Wheeler,3.89,13.3,27.5,3.3,17.3,11.8
Two-Wheeler,4.0,20.4,87.7,30.0,17.0,7.1
Hatchback,34.09,64.2,98.4,11.0,-4.1,201.7
Two-Wheeler,2.01,23.6,42.6,30.0,22.7,1.0
SUV,83.77,29.0,99.4,3.3,-1.5,2668.2
SUV,83.96,48.3,59.3,60.0,13.6,11.5
Hatchback,39.13,4.0,54.0,11.0,33.3,124.3
SUV,80.85,42.6,51.2,11.0,24.0,42.5
Two-Wheeler,3.34,33.5,75.0,3.3,24.9,26.8
Sedan,48.94,34.3,65.2,30.0,20.8,32.0
SUV,66.48,35.6,48.0,30.0,33.7,20.2
SUV,78.3,6.9,41.2,30.0,22.8,60.8
Hatchback,39.77,27.1,32.1,11.0,28.3,12.6
Two-Wheeler,2.04,38.1,57.2,7.2,47.7,5.0
Sedan,48.85,6.9,70.8,30.0,-3.8,134.4
Sedan,53.99,40.0,74.2,3.3,32.9,404.0
SUV,79.57,49.8,60.1,7.2,42.0,90.0
Sedan,46.89,29.8,38.8,11.0,19.6,26.2
Hatchback,30.79,54.4,90.4,3.3,14.1,305.5
Two-Wheeler,4.14,68.6,88.7,3.3,-1.8,32.1
Sedan,44.3,62.6,81.4,11.0,21.5,49.3
Hatchback,32.56,62.4,72.9,60.0,27.7,3.9
Two-Wheeler,2.53,6.8,34.9,7.2,31.1,6.6
Sedan,61.88,49.2,91.1,30.0,25.4,61.3
Hatchback,29.84,51.2,85.6,30.0,34.8,25.1
Hatchback,38.21,68.3,82.9,11.0,20.8,36.7
Sedan,40.97,66.9,87.3,30.0,9.4,26.1
SUV,85.52,49.3,78.3,11.0,22.3,156.2
Sedan,46.28,27.5,84.7,3.3,1.3,945.7
Sedan,41.08,20.6,52.2,3.3,5.1,391.3
Hatchback,32.03,69.6,81.0,7.2,27.8,37.4
SUV,67.01,55.8,72.1,7.2,12.0,121.2
Hatchback,37.77,60.7,95.6,3.3,4.7,491.1
Sedan,54.82,51.1,89.3,30.0,17.1,52.0
Two-Wheeler,2.02,2.7,51.1,11.0,24.6,6.2
Hatchback,33.79,21.3,72.0,30.0,8.8,47.1
Two-Wheeler,4.24,10.7,75.2,11.0,17.8,17.7
Sedan,45.3,21.9,60.2,11.0,14.3,119.5
Two-Wheeler,2.04,27.0,58.7,7.2,26.4,6.1
Hatchback,33.82,4.4,39.6,3.3,27.9,254.0
Two-Wheeler,3.14,30.0,79.5,7.2,34.2,14.7
Sedan,61.96,64.1,70.9,30.0,41.8,10.5
Two-Wheeler,2.95,22.3,48.7,7.2,4.0,10.7
Hatchback,34.2,37.5,55.2,11.0,26.1,37.1
SUV,99.57,41.4,80.6,3.3,25.2,826.4
SUV,92.97,13.0,31.4,30.0,6.6,59.5
SUV,76.07,17.6,59.9,7.2,43.0,350.9
Sedan,60.93,66.3,91.8,3.3,26.5,355.1
Hatchback,37.89,46.8,77.4,30.0,4.7,42.4
Two-Wheeler,3.82,69.5,76.9,3.3,18.3,6.3
Sedan,50.99,56.0,72.5,3.3,30.0,173.6
SUV,73.41,13.4,19.8,30.0,20.5,11.1
Sedan,53.73,58.7,92.8,30.0,14.1,56.2
SUV,91.47,35.7,60.7,3.3,32.3,476.4
Sedan,50.9,20.4,84.4,11.0,32.5,195.5
SUV,68.13,31.2,74.5,30.0,15.9,70.1
Hatchback,30.74,30.2,81.6,11.0,-1.5,153.1
Two-Wheeler,2.33,57.1,76.3,3.3,19.3,8.9
Two-Wheeler,3.52,48.9,62.6,3.3,34.9,10.1
Sedan,57.53,64.0,94.2,30.0,39.8,57.6
Two-Wheeler,3.99,15.3,80.5,60.0,28.5,2.6
Sedan,46.49,13.2,41.2,30.0,20.4,28.6
SUV,73.15,22.5,86.0,7.2,14.4,499.7
SUV,65.21,47.8,92.5,11.0,3.8,293.7
Hatchback,26.48,17.5,40.1,30.0,5.9,18.4
Sedan,45.6,65.0,86.5,60.0,22.4,11.7
Hatchback,39.36,2.2,44.1,60.0,4.5,27.9
SUV,89.84,5.5,85.4,3.3,34.9,1525.2
Two-Wheeler,3.7,2.7,43.5,11.0,4.5,13.9
Hatchback,28.69,27.5,80.9,11.0,27.9,88.8
Hatchback,25.4,35.2,65.4,3.3,37.2,158.1
Hatchback,28.19,25.8,90.3,60.0,39.4,22.9
SUV,85.67,53.8,69.6,3.3,4.7,378.4
Sedan,52.62,18.3,89.9,30.0,41.2,102.9
SUV,73.12,44.1,88.9,3.3,20.1,736.0
Sedan,49.53,64.3,85.6,60.0,27.6,11.6
Sedan,51.93,37.5,47.5,30.0,36.5,11.4
Sedan,50.27,43.0,69.6,7.2,45.9,198.6
Hatchback,32.78,22.6,98.6,60.0,-0.7,65.0
Sedan,60.17,55.0,86.4,3.3,36.5,439.3
Sedan,48.41,68.7,86.2,7.2,-2.4,147.9
Hatchback,38.37,65.1,74.4,60.0,31.5,4.1
SUV,93.85,19.8,62.4,30.0,12.3,102.3
SUV,76.89,20.5,47.7,7.2,25.6,193.6
Two-Wheeler,2.98,46.7,98.3,60.0,19.7,2.4
Two-Wheeler,3.97,7.5,29.4,60.0,10.6,1.1
SUV,69.8,32.6,63.9,30.0,31.6,48.8
Sedan,54.92,7.6,71.1,7.2,18.3,344.9
Two-Wheeler,2.45,16.3,92.2,60.0,34.3,2.2
Hatchback,31.86,44.0,89.1,30.0,-2.6,69.5
SUV,83.07,26.7,96.0,7.2,26.6,675.3
Sedan,49.12,55.5,69.8,7.2,48.0,96.6
Sedan,42.61,30.1,56.9,60.0,46.5,19.3
SUV,87.08,59.9,99.2,30.0,37.7,123.4
SUV,83.44,46.4,65.0,60.0,38.2,20.0
SUV,79.95,43.9,54.2,60.0,-0.1,15.9
Sedan,44.32,42.6,88.5,30.0,26.7,44.4
SUV,66.78,45.1,73.7,60.0,29.4,21.0
Sedan,64.35,60.8,96.9,3.3,35.7,665.1
Sedan,49.54,24.7,47.2,30.0,4.6,37.7
SUV,89.9,65.3,81.6,3.3,0.6,521.0
Hatchback,30.23,47.1,61.9,30.0,35.1,9.8
Two-Wheeler,4.33,37.5,55.2,7.2,25.0,7.1
Two-Wheeler,2.77,62.3,91.6,60.0,31.0,1.1
Hatchback,37.97,40.8,98.1,3.3,22.4,596.9
SUV,90.06,26.5,88.2,60.0,10.7,81.5
Sedan,64.87,65.5,96.3,7.2,16.3,300.1
Two-Wheeler,2.97,56.7,63.9,7.2,-2.4,3.6
Sedan,49.59,47.9,95.4,30.0,0.3,116.7
Two-Wheeler,3.06,5.5,44.9,11.0,37.1,7.7
Two-Wheeler,2.58,59.6,79.9,3.3,0.1,18.5
Two-Wheeler,2.03,19.4,49.9,30.0,40.5,1.6
SUV,92.56,57.1,81.5,7.2,21.9,215.9
Sedan,60.32,50.6,93.3,3.3,38.2,649.8
Sedan,63.61,43.2,91.1,30.0,37.5,74.5
Hatchback,35.95,9.0,59.6,11.0,-4.8,222.4
Sedan,47.67,54.4,85.3,11.0,9.2,115.6
Sedan,52.98,53.8,83.7,7.2,-2.0,284.2
Two-Wheeler,4.26,52.5,69.5,60.0,-3.8,1.5
SUV,88.65,6.8,93.2,7.2,34.0,856.1
Two-Wheeler,3.08,47.0,92.6,60.0,5.8,2.4
Sedan,50.94,44.5,62.8,7.2,18.4,92.2
Hatchback,28.4,56.4,97.7,60.0,16.7,19.9
Two-Wheeler,3.78,61.3,67.0,3.3,39.7,4.8
Sedan,53.55,27.2,96.0,60.0,27.5,49.3
Two-Wheeler,2.46,64.8,74.8,30.0,20.8,1.0
SUV,83.67,31.9,81.9,11.0,3.2,426.2
Sedan,61.05,53.0,91.4,3.3,10.7,705.0
Hatchback,39.53,3.4,80.8,30.0,28.0,62.8
Sedan,46.99,61.8,77.6,11.0,32.2,41.7
Sedan,53.15,23.7,87.3,60.0,-1.7,66.2
Two-Wheeler,2.81,14.0,66.6,60.0,8.5,1.8
Sedan,62.23,58.7,95.9,60.0,12.9,37.1
Hatchback,35.29,69.8,96.6,60.0,-1.2,27.4
Sedan,61.88,65.7,87.3,7.2,-1.9,219.1
SUV,83.52,69.0,82.9,3.3,33.9,216.9
SUV,70.23,18.1,40.3,60.0,10.8,22.4
Two-Wheeler,3.85,19.7,72.9,11.0,23.9,11.0
Two-Wheeler,2.6,35.2,77.8,7.2,11.0,12.3
SUV,66.41,52.9,87.3,7.2,30.5,211.0
SUV,69.04,42.7,86.0,7.2,38.0,301.8
Hatchback,37.37,53.8,97.7,30.0,-4.7,89.5
Hatchback,31.02,25.2,82.3,11.0,23.4,106.7
Two-Wheeler,3.15,43.3,62.8,3.3,7.7,16.8
Sedan,42.91,23.0,32.2,60.0,12.2,5.5
Two-Wheeler,3.0,65.6,80.8,7.2,23.6,4.2
Sedan,44.25,11.7,91.6,11.0,41.9,261.5
Two-Wheeler,2.42,17.7,93.9,30.0,16.3,4.7
Hatchback,37.77,58.6,87.7,11.0,38.1,73.1
Hatchback,34.84,42.7,95.1,60.0,14.2,30.7
Hatchback,39.68,30.6,73.6,60.0,39.4,21.2
Sedan,41.62,16.4,47.5,11.0,16.3,87.0
SUV,67.53,42.0,47.4,3.3,44.3,93.5
Two-Wheeler,2.95,69.9,87.5,60.0,46.0,1.0
Two-Wheeler,2.16,32.3,54.2,30.0,37.0,1.0
SUV,73.88,9.9,72.8,30.0,18.4,115.4
Hatchback,26.77,45.8,53.7,60.0,31.3,2.5
SUV,91.28,11.0,39.1,30.0,8.4,73.6
Sedan,52.9,32.1,73.9,7.2,13.6,244.8
Sedan,48.77,64.2,93.6,60.0,7.0,27.1
SUV,93.03,62.8,87.8,7.2,28.4,216.9
SUV,81.47,40.3,90.1,11.0,29.3,262.2
Hatchback,31.24,46.8,70.7,3.3,15.2,174.8
SUV,81.65,50.8,75.8,60.0,27.0,22.8
SUV,87.49,32.0,84.9,11.0,9.2,368.6
Sedan,49.03,19.1,60.3,60.0,8.2,34.8
SUV,99.71,20.8,52.6,7.2,23.5,300.3
Hatchback,28.51,7.6,79.0,3.3,41.2,460.1
Two-Wheeler,3.53,8.5,54.1,11.0,45.8,15.4
Hatchback,29.21,39.3,92.7,3.3,13.8,429.3
Two-Wheeler,4.1,33.9,59.2,7.2,4.4,14.2
SUV,82.02,6.9,91.8,60.0,45.6,115.0
Hatchback,39.41,3.1,37.9,7.2,17.8,139.8
Hatchback,30.08,51.6,93.5,7.2,-0.1,237.4
Hatchback,29.72,47.5,60.7,30.0,37.6,9.1
Two-Wheeler,2.45,16.4,68.4,7.2,25.8,10.9
Sedan,50.7,56.6,62.3,30.0,32.2,6.6
Two-Wheeler,3.59,69.1,83.1,7.2,28.8,4.8
Sedan,47.68,17.6,40.8,7.2,36.0,109.7
Two-Wheeler,2.53,16.4,67.6,11.0,25.9,7.7
Hatchback,34.56,15.6,25.0,30.0,9.3,9.3
Sedan,52.06,4.5,52.7,7.2,13.6,252.2
Sedan,63.78,46.8,98.6,60.0,5.0,74.6
Hatchback,32.24,16.5,72.8,30.0,46.5,61.7
SUV,66.42,9.1,80.9,7.2,20.7,399.7
Sedan,50.9,56.1,92.7,60.0,33.0,24.8
Hatchback,26.88,25.4,96.8,60.0,29.7,26.2
Hatchback,34.58,27.2,50.6,60.0,40.1,9.3
Two-Wheeler,3.96,14.6,50.8,60.0,12.4,1.9
SUV,69.36,34.6,91.9,30.0,36.8,99.9
SUV,79.49,42.4,92.4,3.3,23.0,907.9
Two-Wheeler,3.0,58.1,64.0,30.0,17.2,1.0
Sedan,48.97,29.3,82.6,11.0,4.1,229.4
Hatchback,28.87,36.4,52.5,3.3,-1.1,182.6
SUV,94.1,52.2,64.3,11.0,22.2,65.8
Hatchback,26.68,19.9,44.5,3.3,9.7,167.7
Two-Wheeler,2.74,54.5,61.6,11.0,27.9,1.1
Hatchback,29.79,22.6,51.3,11.0,1.2,93.2
Two-Wheeler,2.97,67.0,97.5,30.0,10.8,3.4
Two-Wheeler,3.89,52.0,72.4,3.3,15.5,18.8
Sedan,54.32,62.4,81.9,7.2,5.8,145.0
Hatchback,32.89,3.6,69.8,30.0,-3.0,91.5
Two-Wheeler,4.12,60.7,92.3,11.0,38.4,8.9
SUV,91.22,54.9,91.8,30.0,3.7,132.5
SUV,70.16,10.4,98.1,30.0,46.3,242.2
Two-Wheeler,3.0,3.8,21.8,3.3,6.9,16.6
Two-Wheeler,2.02,45.3,53.8,7.2,42.4,2.0
Sedan,49.93,9.3,16.3,7.2,43.5,35.1
SUV,88.68,2.9,97.5,60.0,32.6,102.6
Sedan,54.18,47.7,91.7,30.0,44.6,68.1
Hatchback,33.51,25.0,76.9,60.0,24.5,18.5
Hatchback,31.26,27.1,81.3,11.0,41.9,115.4
Two-Wheeler,2.42,41.2,91.8,30.0,43.0,3.6
Hatchback,38.18,13.7,50.0,60.0,36.1,15.8
SUV,79.51,37.2,66.4,30.0,5.4,79.5
Two-Wheeler,3.53,34.5,82.2,60.0,4.7,2.4
Two-Wheeler,2.03,12.1,76.5,11.0,42.8,9.4
Sedan,57.03,56.7,71.7,7.2,38.8,83.9
Hatchback,28.36,51.4,58.0,3.3,10.1,44.4
SUV,87.42,43.6,74.4,30.0,35.6,65.8
Two-Wheeler,3.21,54.9,90.2,30.0,19.2,3.2
Two-Wheeler,3.23,12.0,35.1,11.0,0.4,8.5
Hatchback,35.47,43.7,86.0,11.0,16.5,98.3
Sedan,57.78,54.1,68.6,30.0,25.2,18.2
Hatchback,28.71,35.4,65.1,3.3,43.5,207.3
Two-Wheeler,3.16,53.9,86.4,3.3,23.5,23.6
Two-Wheeler,3.04,11.9,23.9,60.0,36.6,1.0
Hatchback,33.0,66.4,85.5,7.2,15.7,67.0
Sedan,62.76,13.7,23.1,3.3,2.6,189.4
Two-Wheeler,4.27,11.2,28.4,11.0,18.2,4.5
Two-Wheeler,4.38,10.6,75.2,60.0,29.3,3.2
SUV,89.39,46.7,62.1,30.0,12.6,36.3
Hatchback,27.38,49.5,62.1,3.3,-4.1,128.6
SUV,74.88,53.7,91.2,3.3,-1.2,1069.5
Two-Wheeler,2.47,55.3,98.9,3.3,9.4,37.6
Sedan,59.61,40.8,75.4,7.2,37.9,212.1
Sedan,49.07,66.9,95.2,60.0,21.2,20.2
Two-Wheeler,3.47,25.0,32.9,60.0,10.9,1.0
Hatchback,35.09,28.9,40.2,3.3,12.3,95.0
Hatchback,31.4,65.5,88.5,11.0,35.6,43.5
Two-Wheeler,3.84,69.4,91.3,30.0,43.6,2.9
Sedan,54.33,17.2,67.7,60.0,43.8,40.4
Two-Wheeler,3.1,56.7,80.4,60.0,31.7,1.0
Two-Wheeler,3.1,22.9,58.4,7.2,30.9,10.5
SUV,67.58,2.1,28.8,30.0,5.7,56.7
Two-Wheeler,3.67,50.0,84.8,30.0,38.8,3.2
Hatchback,37.95,34.0,95.6,3.3,42.3,651.1
SUV,67.05,47.0,84.7,60.0,39.5,33.0
Sedan,41.1,33.8,66.5,7.2,13.9,144.1
Hatchback,26.73,5.3,90.2,11.0,34.3,134.1
Hatchback,26.72,19.9,86.8,11.0,1.7,201.8
Two-Wheeler,4.1,27.8,76.2,11.0,42.8,13.8
Sedan,47.39,41.0,95.9,11.0,31.1,172.8
SUV,65.74,32.5,94.0,11.0,-3.2,522.5
SUV,79.13,40.6,68.0,7.2,43.8,269.1
Sedan,42.3,24.6,40.7,30.0,6.7,22.0
Sedan,41.22,60.7,88.9,7.2,45.6,164.9
Hatchback,31.91,66.4,83.5,11.0,23.9,31.8
Sedan,61.14,18.8,34.8,7.2,33.6,81.0
SUV,88.35,25.7,66.1,60.0,4.9,63.1
SUV,94.71,21.0,54.1,60.0,45.8,54.1
SUV,72.02,29.7,58.5,7.2,33.9,203.2
Sedan,48.03,23.7,46.6,11.0,21.4,60.9
Two-Wheeler,4.33,25.7,83.2,3.3,43.1,59.5
Sedan,44.76,62.2,85.1,3.3,11.5,274.4
SUV,85.21,49.8,72.2,3.3,10.2,520.0
SUV,78.42,52.9,94.5,60.0,15.2,51.7
Two-Wheeler,2.16,4.4,84.1,7.2,40.2,17.1
Two-Wheeler,4.34,48.7,95.9,60.0,43.7,3.2
Sedan,64.6,21.0,72.4,60.0,6.7,52.2
Two-Wheeler,2.09,46.0,74.8,30.0,1.6,2.2
Two-Wheeler,2.01,31.8,44.7,60.0,6.0,1.0
Two-Wheeler,3.62,20.0,83.2,7.2,4.7,30.9
Two-Wheeler,2.14,8.8,59.7,11.0,43.3,7.8
SUV,92.05,17.4,74.9,11.0,6.6,467.9
Sedan,44.86,11.8,77.0,60.0,29.6,29.2
SUV,69.52,50.9,63.1,11.0,23.8,56.7
Two-Wheeler,4.08,33.0,68.6,7.2,42.5,14.8
SUV,95.2,49.3,60.9,60.0,1.3,20.7
Sedan,47.52,16.2,24.2,3.3,16.2,92.0
Hatchback,35.95,64.1,88.3,3.3,44.3,236.3
SUV,79.3,35.3,80.0,30.0,36.5,85.9
Two-Wheeler,3.91,38.4,62.7,7.2,-2.9,15.9
Sedan,52.09,17.6,84.5,11.0,33.3,203.6
Hatchback,37.97,64.5,99.5,3.3,31.4,417.0
Sedan,43.89,4.8,58.4,3.3,6.7,631.1
Sedan,53.22,62.4,91.1,3.3,14.5,410.8
Sedan,52.58,19.5,83.1,7.2,44.6,362.3
Two-Wheeler,2.21,56.6,63.7,3.3,34.6,3.1
SUV,90.58,23.8,86.5,11.0,0.0,636.5
Hatchback,27.46,39.7,80.2,60.0,2.0,20.3
Two-Wheeler,3.88,40.6,67.9,7.2,34.4,10.0
SUV,65.9,18.9,91.1,7.2,16.0,497.4
Hatchback,30.75,32.9,65.8,7.2,10.8,114.2
Two-Wheeler,3.66,48.2,62.1,30.0,47.6,1.5
Sedan,58.59,20.2,30.9,30.0,34.1,14.3
SUV,90.47,65.2,89.1,60.0,21.4,27.3
Hatchback,25.53,41.6,54.6,60.0,45.2,5.4
SUV,98.6,24.9,61.0,11.0,16.2,248.4
Hatchback,33.87,6.7,93.9,3.3,12.4,799.7
Two-Wheeler,2.88,49.0,98.0,3.3,5.2,52.0
Two-Wheeler,3.43,10.0,22.4,3.3,34.4,8.1
Hatchback,33.72,52.5,59.6,7.2,28.6,22.4
Sedan,48.91,50.8,76.5,11.0,35.3,72.1
SUV,96.74,31.8,73.2,11.0,30.5,264.7
Hatchback,34.19,58.7,99.7,30.0,42.6,53.3
SUV,87.59,11.9,74.5,11.0,10.6,402.6
Sedan,41.25,42.7,86.9,7.2,27.7,179.2
Sedan,41.06,2.1,28.0,60.0,6.9,15.6
Hatchback,30.47,32.8,75.2,7.2,47.8,194.5
Hatchback,30.26,5.0,47.7,7.2,26.2,127.2
Two-Wheeler,2.61,3.2,60.9,7.2,47.8,18.9
Sedan,41.46,40.8,57.2,11.0,-4.2,77.6
Two-Wheeler,2.25,17.5,33.2,3.3,28.0,7.1
Sedan,53.65,26.0,44.4,30.0,30.7,21.5
SUV,82.71,56.5,82.7,30.0,38.1,50.1
Hatchback,37.8,19.3,79.4,60.0,2.0,40.4
Two-Wheeler,3.19,3.4,87.9,7.2,45.2,43.1
Hatchback,35.41,22.2,97.1,3.3,11.5,804.2
Two-Wheeler,4.47,41.2,98.7,3.3,10.9,82.6
Sedan,59.27,13.3,53.1,3.3,30.5,448.3
SUV,93.2,38.1,77.5,30.0,-0.0,142.7
Sedan,42.23,69.2,86.8,60.0,-4.3,15.3
Two-Wheeler,4.4,50.0,81.1,11.0,46.2,12.3
Sedan,59.21,42.4,58.9,7.2,34.8,90.0
Sedan,61.41,20.7,82.3,11.0,40.7,251.0
Two-Wheeler,4.16,33.7,57.8,3.3,-4.4,34.1
Hatchback,37.43,36.2,57.4,11.0,44.2,56.5
Hatchback,39.18,29.0,65.8,3.3,39.0,327.3
Two-Wheeler,4.17,19.4,92.0,11.0,5.1,29.5
SUV,84.19,39.5,55.9,7.2,4.2,204.5
Sedan,43.42,53.1,71.8,60.0,26.5,9.4
Hatchback,33.13,8.4,37.5,30.0,16.1,26.3
Hatchback,30.06,6.3,39.9,3.3,22.1,214.0
Hatchback,25.41,27.6,73.6,3.3,27.2,244.8
SUV,97.16,36.1,86.8,3.3,16.0,1124.4
SUV,68.34,5.5,23.9,30.0,38.6,30.4
Hatchback,33.68,46.3,72.1,7.2,18.8,82.4
Sedan,43.71,62.5,99.2,3.3,38.7,526.6
Sedan,52.73,8.4,92.6,3.3,35.7,799.0
SUV,79.31,23.4,88.1,60.0,26.2,59.8
SUV,84.13,33.4,49.7,7.2,23.7,117.5
Two-Wheeler,3.33,11.9,79.5,7.2,5.1,26.6
Hatchback,35.33,29.2,86.2,3.3,24.8,414.6
SUV,78.58,26.2,60.5,30.0,32.7,55.4
Hatchback,25.01,12.9,58.5,60.0,30.5,13.8
SUV,99.6,24.3,56.2,7.2,7.7,409.1
Hatchback,27.42,27.9,48.5,7.2,16.4,59.0
Sedan,47.28,14.8,80.9,60.0,38.0,38.8
SUV,94.2,47.6,70.6,7.2,15.8,232.5
Sedan,43.37,18.8,94.4,3.3,38.5,756.7
Hatchback,33.79,27.6,86.6,3.3,46.6,708.3
Sedan,62.32,30.7,62.5,3.3,32.3,337.6
Hatchback,36.13,14.6,22.8,7.2,21.4,26.6
SUV,99.21,66.5,75.8,30.0,44.4,24.9
SUV,67.95,57.9,71.2,7.2,30.2,86.6
Hatchback,36.84,24.1,39.6,7.2,19.4,49.1
SUV,93.22,19.4,75.9,3.3,1.0,1860.4
SUV,81.4,20.6,65.0,11.0,9.7,289.2
Hatchback,38.42,10.9,49.1,3.3,8.4,425.4
SUV,75.02,67.9,99.9,7.2,2.0,599.1
Hatchback,39.56,22.3,84.3,60.0,12.4,35.0
Hatchback,35.61,64.1,72.6,11.0,6.8,27.7
SUV,84.53,55.2,88.0,7.2,35.6,266.6
Hatchback,38.08,32.7,77.3,3.3,-1.1,657.6
SUV,92.56,6.1,18.5,3.3,13.2,301.6
Two-Wheeler,3.13,33.9,41.7,60.0,21.0,1.0
SUV,99.35,24.4,86.4,30.0,46.2,228.5
Hatchback,38.05,25.9,71.2,30.0,30.1,41.8
SUV,77.65,6.5,51.9,7.2,36.5,332.7
Two-Wheeler,3.51,3.5,8.8,30.0,4.0,1.0
Hatchback,33.65,28.2,97.6,60.0,-1.5,60.2
Sedan,53.69,68.7,94.8,30.0,44.7,55.8
Sedan,57.17,37.7,76.0,60.0,42.8,25.0
SUV,78.73,47.1,81.0,11.0,16.2,195.4
SUV,71.56,45.4,51.7,11.0,38.6,29.3
Hatchback,28.85,10.6,80.7,3.3,-1.2,765.5
SUV,91.28,45.5,77.4,7.2,21.7,273.7
Sedan,50.5,3.7,33.2,11.0,14.6,100.4
Sedan,64.07,20.8,66.2,30.0,35.1,62.3
Hatchback,31.28,29.0,38.1,11.0,-3.7,32.0
Hatchback,27.89,6.3,66.3,60.0,45.8,30.2
Sedan,42.71,11.2,94.6,30.0,32.2,84.5
Hatchback,33.39,6.2,46.2,3.3,32.3,278.1
SUV,69.05,53.6,98.2,30.0,43.1,119.1
Hatchback,32.7,37.6,91.8,3.3,14.6,441.9
Sedan,63.66,10.2,91.9,7.2,42.2,608.7
Two-Wheeler,2.84,17.3,53.6,30.0,44.0,2.7
SUV,83.36,29.9,36.1,7.2,4.9,72.7
SUV,87.45,50.8,65.0,11.0,37.7,78.9
SUV,97.47,49.2,79.9,3.3,-2.9,1108.7
Hatchback,38.18,46.0,51.3,11.0,28.8,11.5
Sedan,60.29,41.2,85.2,3.3,3.7,941.5
Two-Wheeler,3.32,41.6,86.3,11.0,30.2,9.1
Sedan,50.45,42.8,74.9,3.3,11.1,387.5
Hatchback,39.62,55.2,83.9,3.3,1.8,400.2
Two-Wheeler,4.33,21.4,55.8,3.3,28.7,30.1
Two-Wheeler,3.79,16.1,33.2,11.0,20.8,4.0
SUV,75.35,29.9,55.2,11.0,8.2,141.6
SUV,80.24,2.0,71.4,7.2,-2.5,989.9
Two-Wheeler,4.46,69.4,89.6,60.0,8.7,1.4
Two-Wheeler,4.47,39.3,73.6,30.0,-2.7,5.7
Two-Wheeler,4.48,34.3,41.1,30.0,16.2,1.0
Sedan,43.53,10.0,53.9,60.0,23.7,23.3
Sedan,62.42,42.7,50.2,7.2,-3.2,74.7
SUV,80.83,5.9,15.6,11.0,-1.8,102.4
SUV,69.78,31.3,96.4,30.0,-1.3,215.8
Hatchback,28.54,12.8,97.8,7.2,35.6,298.0
Hatchback,27.81,62.5,99.4,60.0,26.1,17.7
Two-Wheeler,2.79,24.6,77.2,60.0,24.3,1.6
Two-Wheeler,2.06,8.7,48.6,3.3,-3.5,28.9
SUV,80.77,65.5,76.1,60.0,14.0,11.8
Hatchback,35.5,63.4,69.9,60.0,11.1,3.2
SUV,70.95,13.5,80.3,11.0,3.4,443.6
Sedan,45.21,29.0,41.8,3.3,29.9,112.4
SUV,83.25,25.6,73.2,30.0,16.6,104.5
Hatchback,32.87,9.1,77.0,7.2,13.9,247.9
Two-Wheeler,2.21,18.1,51.3,3.3,3.1,23.8
Two-Wheeler,4.39,40.4,88.9,3.3,17.4,44.1
Two-Wheeler,3.03,44.4,95.5,11.0,7.6,15.3
Sedan,40.01,56.0,89.4,30.0,38.8,32.4
Hatchback,33.27,24.3,89.1,7.2,19.3,210.1
Hatchback,33.43,25.5,61.8,3.3,9.4,344.4
Two-Wheeler,2.05,17.7,75.1,60.0,32.5,1.2
Sedan,58.67,40.0,66.4,7.2,-2.1,258.1
Two-Wheeler,3.44,51.1,76.4,7.2,8.4,11.1
Sedan,62.29,68.6,94.8,30.0,26.9,53.9
Hatchback,38.23,31.3,74.2,7.2,4.0,220.1
Sedan,49.16,42.7,93.8,7.2,38.8,260.1
Sedan,53.69,25.7,93.6,30.0,3.5,142.4
Sedan,62.31,51.1,76.5,7.2,-0.9,281.0
Sedan,59.04,44.3,60.3,3.3,14.5,208.3
Sedan,48.26,54.3,87.6,30.0,7.9,47.2
SUV,96.78,9.6,45.2,11.0,26.8,220.4
SUV,80.12,15.1,68.3,7.2,41.6,459.6
Hatchback,29.4,28.0,48.3,11.0,26.7,36.0
SUV,70.97,16.0,74.0,7.2,47.6,617.9
Hatchback,31.11,44.7,93.3,7.2,32.9,159.5
SUV,71.9,27.5,97.6,30.0,42.3,159.4
Two-Wheeler,2.82,2.5,86.1,30.0,38.6,5.8
Sedan,40.79,38.7,99.0,30.0,36.8,76.8
Sedan,58.38,68.3,78.5,7.2,-2.4,99.6
Hatchback,28.68,43.9,64.5,11.0,47.0,55.5
Sedan,64.12,36.0,52.7,60.0,42.2,14.2
Hatchback,25.74,25.7,69.2,11.0,31.7,65.1
Two-Wheeler,2.68,39.9,48.8,11.0,2.8,2.6
Two-Wheeler,2.19,2.5,24.3,3.3,38.8,9.7
Two-Wheeler,4.21,60.7,73.0,60.0,13.1,1.0
Hatchback,26.2,18.2,70.8,11.0,30.9,81.2
SUV,85.51,47.1,86.2,7.2,38.0,376.1
Two-Wheeler,2.87,4.3,47.1,7.2,41.0,12.6
Two-Wheeler,2.56,42.5,57.0,11.0,13.1,2.3
Two-Wheeler,2.78,8.0,27.3,3.3,13.7,13.5
SUV,65.7,29.1,48.7,7.2,36.2,133.3
Sedan,55.32,51.7,73.0,30.0,29.5,27.0
Sedan,59.72,55.8,76.5,11.0,44.7,89.5
Sedan,52.54,55.0,98.7,11.0,31.6,189.2
Two-Wheeler,2.77,46.5,100.0,11.0,40.8,15.0
SUV,80.85,23.5,99.4,7.2,5.7,1126.8
Sedan,56.29,64.8,87.7,11.0,27.7,84.9
Two-Wheeler,3.35,27.2,73.5,3.3,15.4,32.6
Two-Wheeler,4.11,67.8,78.3,30.0,11.5,1.2
Two-Wheeler,3.49,64.7,96.7,60.0,8.0,2.3
Two-Wheeler,3.22,69.8,79.2,11.0,35.9,1.6
Two-Wheeler,2.51,37.8,81.0,30.0,17.9,2.8
Two-Wheeler,2.39,27.3,53.6,30.0,10.7,1.5
Hatchback,38.05,69.3,78.4,3.3,36.9,78.1
SUV,71.9,20.4,56.1,11.0,32.4,170.4
Hatchback,26.45,40.9,51.7,60.0,1.2,5.7
SUV,92.14,36.5,79.2,3.3,-2.0,1270.4
Hatchback,26.23,12.9,19.7,11.0,43.3,13.4
Sedan,51.51,62.4,73.6,3.3,7.6,137.9
Sedan,53.71,14.6,37.3,60.0,40.7,16.0
Sedan,40.65,11.2,77.3,7.2,29.4,263.8
SUV,91.43,45.8,62.6,11.0,45.4,148.2
Hatchback,28.35,50.1,80.3,11.0,5.4,75.7
Two-Wheeler,3.05,4.9,28.5,11.0,46.3,6.1
SUV,75.29,53.5,82.5,11.0,32.9,134.5
SUV,98.62,49.8,85.9,11.0,31.6,237.4
SUV,86.16,62.4,99.3,30.0,20.6,119.9
SUV,94.59,50.3,96.6,7.2,27.1,594.5
Sedan,55.17,27.6,66.9,3.3,12.3,494.4
Two-Wheeler,3.39,19.2,82.3,60.0,-1.0,4.4
Sedan,44.44,59.3,88.4,7.2,30.5,119.4
SUV,88.07,52.1,80.2,7.2,19.9,227.6
Two-Wheeler,2.1,50.6,71.1,3.3,32.5,8.6
Hatchback,34.43,14.5,98.4,11.0,12.5,251.9
Sedan,51.7,36.0,59.1,7.2,13.5,122.0
Two-Wheeler,3.25,8.0,31.9,60.0,47.3,1.4
SUV,72.39,31.4,59.1,30.0,46.8,68.3
Two-Wheeler,3.51,6.9,93.5,7.2,13.2,35.0
Sedan,44.67,67.4,99.8,60.0,37.7,30.3
Sedan,42.02,64.6,76.4,30.0,33.0,11.3
Hatchback,37.36,57.6,89.0,60.0,25.6,14.1
SUV,80.71,56.2,75.8,60.0,19.2,21.7
SUV,72.4,36.1,50.2,60.0,21.2,11.4
Two-Wheeler,3.75,58.3,93.2,3.3,33.6,30.4
Two-Wheeler,3.75,53.6,88.0,30.0,28.3,3.2
Hatchback,33.54,11.9,84.7,60.0,30.0,27.8
Sedan,43.74,55.1,62.1,7.2,16.3,31.7
SUV,85.9,10.1,35.6,3.3,47.7,661.8
SUV,82.24,56.6,63.1,60.0,10.4,7.6
Two-Wheeler,4.38,36.3,76.1,3.3,22.6,32.4
SUV,88.41,10.4,54.5,60.0,-4.9,82.6
Sedan,62.6,66.4,74.2,11.0,-0.3,55.0
Two-Wheeler,3.17,40.8,71.1,11.0,27.6,5.3
Sedan,48.02,16.5,97.3,30.0,25.7,109.8
SUV,97.14,33.9,100.0,3.3,3.9,2956.2
Hatchback,30.68,68.4,84.4,7.2,38.8,50.3
Hatchback,33.7,59.9,86.4,7.2,9.0,115.6
Two-Wheeler,4.45,46.6,73.3,11.0,18.1,7.6
Two-Wheeler,3.03,13.1,21.3,60.0,12.1,1.0
SUV,70.08,35.5,96.6,11.0,7.3,415.1
Sedan,56.1,65.8,79.0,3.3,38.3,177.5
Sedan,40.17,26.1,52.5,7.2,31.7,97.0
Hatchback,29.37,17.2,60.7,60.0,29.8,14.3
Hatchback,32.87,68.5,81.4,60.0,48.0,7.2
Two-Wheeler,2.96,41.8,72.0,7.2,-2.3,14.5
Hatchback,34.95,66.8,98.8,11.0,22.2,101.8
Two-Wheeler,4.09,52.7,88.2,30.0,18.7,3.9
SUV,70.57,42.7,63.9,30.0,5.8,48.7
Hatchback,39.32,68.4,84.3,30.0,4.5,21.3
Two-Wheeler,2.99,25.3,73.6,60.0,-2.0,2.8
Sedan,58.11,30.4,42.9,60.0,7.8,11.0
SUV,69.67,41.1,65.9,7.2,21.3,164.4
Sedan,57.82,8.0,57.4,11.0,27.8,167.9
SUV,92.34,52.3,94.4,60.0,43.5,63.5
Sedan,61.08,24.2,96.6,30.0,4.2,184.4
Hatchback,36.66,31.5,83.4,3.3,22.0,396.7
Sedan,50.8,44.1,92.8,60.0,6.3,43.8
Two-Wheeler,3.36,55.7,62.9,3.3,-1.8,8.1
SUV,79.08,26.5,50.8,30.0,-1.7,78.6
Sedan,61.63,38.8,52.4,30.0,11.3,22.8
Two-Wheeler,3.93,30.1,39.5,30.0,42.3,1.0
Two-Wheeler,3.47,52.6,77.9,3.3,27.5,16.7
SUV,92.43,51.0,56.8,60.0,22.4,6.5
Two-Wheeler,2.65,63.5,95.0,7.2,47.4,15.9
Hatchback,25.12,50.0,91.8,3.3,17.7,246.7
Sedan,44.65,6.3,97.0,60.0,23.7,51.8
Two-Wheeler,4.03,33.8,78.5,60.0,28.5,2.0
Hatchback,35.44,60.7,78.0,3.3,32.5,121.9
Sedan,41.29,42.3,67.1,11.0,-4.6,103.8
SUV,78.26,51.3,91.9,30.0,37.2,81.0
Two-Wheeler,3.42,33.6,42.4,30.0,46.7,1.1
SUV,87.54,41.2,51.3,30.0,11.9,25.7
Hatchback,34.07,29.1,55.7,30.0,40.3,23.0
Hatchback,30.93,34.6,74.2,60.0,5.2,19.4
SUV,88.46,32.6,47.2,11.0,17.5,90.3
Hatchback,37.81,17.8,66.0,30.0,17.1,47.8
Two-Wheeler,3.19,59.4,64.5,60.0,43.3,1.0
Two-Wheeler,3.69,37.0,98.3,3.3,11.1,60.3
Two-Wheeler,2.55,57.3,90.3,11.0,23.8,5.1
Sedan,60.45,12.4,91.3,60.0,11.2,71.4
Sedan,45.77,15.6,88.2,60.0,-4.3,71.1
SUV,90.84,34.7,63.4,7.2,43.7,300.3
Sedan,48.5,60.4,74.2,30.0,45.1,22.9
SUV,97.0,17.4,40.2,60.0,-0.8,41.3
SUV,68.01,12.0,52.0,11.0,4.5,248.9
Two-Wheeler,2.12,12.5,42.9,7.2,2.7,10.1
Hatchback,31.28,37.6,78.3,7.2,43.2,134.2
Two-Wheeler,3.12,51.6,80.7,3.3,4.0,28.2
Hatchback,30.16,51.9,98.7,3.3,42.2,484.4
Sedan,50.9,13.1,56.8,7.2,36.4,221.6
Sedan,63.14,14.4,43.4,7.2,44.6,228.2
Hatchback,29.31,19.5,38.6,60.0,-1.7,11.7
Two-Wheeler,3.26,29.7,48.0,30.0,31.2,1.3
SUV,98.76,66.1,77.3,3.3,7.6,290.6
Sedan,62.19,31.0,44.7,11.0,24.0,55.6
Sedan,54.43,66.3,79.7,11.0,29.4,44.3
Two-Wheeler,2.79,18.4,31.2,60.0,36.6,1.0
Sedan,47.89,50.4,98.5,30.0,9.6,83.4
Two-Wheeler,3.27,7.7,30.5,7.2,37.1,7.6
SUV,76.23,47.5,98.7,3.3,40.3,1202.6
Hatchback,34.89,37.3,73.4,60.0,45.0,21.6
SUV,91.92,4.6,84.0,11.0,39.7,498.9
Two-Wheeler,2.36,66.1,72.5,60.0,-3.0,1.0
SUV,89.5,39.4,88.0,30.0,27.2,95.0
SUV,99.35,61.9,96.5,3.3,14.3,1166.1
SUV,67.73,29.1,95.6,3.3,46.3,1326.6
SUV,83.84,9.7,70.4,30.0,2.8,184.6
Two-Wheeler,2.66,47.9,74.8,7.2,39.0,6.5
Sedan,59.43,6.4,76.5,7.2,15.4,425.0
Sedan,62.68,19.5,100.0,11.0,26.2,393.8
SUV,90.74,38.1,50.6,30.0,38.2,26.4
Two-Wheeler,3.89,27.9,66.0,30.0,30.1,3.2
Sedan,42.75,59.7,68.9,30.0,35.9,9.6
Hatchback,34.87,31.3,39.1,60.0,27.2,3.0
Hatchback,36.89,48.7,66.1,30.0,4.2,24.3
Sedan,56.82,38.2,71.3,11.0,20.5,113.7
SUV,70.98,3.3,28.6,60.0,11.4,21.8
Hatchback,35.7,69.9,74.9,60.0,5.1,2.7
Sedan,50.67,23.2,50.6,30.0,42.3,33.7
Two-Wheeler,3.25,30.0,79.7,7.2,27.2,15.0
SUV,79.0,60.9,87.5,60.0,40.6,27.6
Hatchback,34.87,67.7,98.1,3.3,3.1,581.5
Two-Wheeler,3.04,37.2,99.9,60.0,20.6,2.7
Sedan,51.53,37.0,95.4,3.3,37.0,793.9
Two-Wheeler,2.17,3.0,58.3,60.0,23.1,1.4
Two-Wheeler,4.3,48.0,69.1,11.0,44.5,6.4
Hatchback,28.5,17.8,28.3,3.3,11.4,72.8
Hatchback,26.6,46.2,71.7,7.2,29.6,59.4
SUV,99.05,19.8,72.9,30.0,35.5,117.9
Two-Wheeler,2.54,46.0,74.5,7.2,39.4,7.6
Hatchback,30.56,34.3,78.1,3.3,1.0,509.5
Hatchback,38.64,63.2,84.7,60.0,42.7,10.7
Sedan,64.34,2.2,33.7,3.3,-2.5,806.2
Hatchback,34.57,11.5,18.0,11.0,9.1,18.0
SUV,74.24,69.9,95.1,3.3,14.2,598.6
Two-Wheeler,3.65,58.9,95.1,60.0,4.0,2.8
Two-Wheeler,3.49,63.8,78.4,7.2,40.1,5.3
Two-Wheeler,3.79,36.8,81.0,30.0,37.0,3.2
SUV,82.87,42.6,93.5,3.3,-4.7,1687.8
Hatchback,37.04,34.9,58.3,7.2,31.7,79.8
SUV,79.99,51.3,57.0,11.0,-4.9,49.9
Sedan,48.43,26.9,73.7,3.3,35.9,436.6
Sedan,44.06,68.7,74.8,7.2,38.1,27.1
Sedan,56.04,34.5,73.7,11.0,-3.7,245.4
Two-Wheeler,4.07,39.3,72.1,11.0,47.4,12.1
Sedan,41.85,55.3,62.9,7.2,2.2,47.2
Hatchback,31.58,4.9,46.9,3.3,20.5,249.7
Sedan,47.86,46.2,80.8,3.3,1.7,496.5
Sedan,61.86,65.4,85.8,3.3,42.8,316.8
Sedan,56.22,32.6,83.6,30.0,20.2,57.7
Sedan,40.43,27.7,41.4,3.3,4.5,164.6
SUV,90.8,39.9,64.5,11.0,-4.4,248.8
Hatchback,28.58,32.7,48.3,7.2,12.0,48.1
SUV,99.64,44.7,54.6,30.0,30.3,26.0
Sedan,53.86,10.2,69.7,60.0,2.6,55.4
SUV,68.4,32.3,96.5,7.2,30.0,453.1
SUV,73.37,40.9,84.5,60.0,11.1,45.3
Two-Wheeler,4.02,26.6,74.4,30.0,30.2,4.4
SUV,71.81,44.5,97.9,30.0,15.0,129.5
Sedan,50.95,40.8,68.8,11.0,11.9,105.2
Two-Wheeler,4.34,2.6,78.7,11.0,3.3,30.7
Two-Wheeler,3.96,42.4,53.8,60.0,45.9,1.0
Two-Wheeler,2.0,52.2,92.9,3.3,37.6,18.5
Hatchback,38.6,47.1,68.9,30.0,45.4,29.6
Hatchback,33.49,65.7,93.5,30.0,1.3,39.7
Hatchback,36.09,29.3,34.8,30.0,9.4,6.2
Sedan,57.53,32.6,60.8,11.0,8.2,129.5
SUV,77.71,16.8,39.0,30.0,30.1,39.8
Hatchback,38.06,53.3,78.6,30.0,9.2,25.3
Sedan,42.49,11.8,17.8,7.2,5.4,37.0
Two-Wheeler,2.97,18.1,68.5,11.0,46.6,11.1
Sedan,63.48,55.5,83.9,60.0,11.0,25.4
Sedan,63.9,48.9,55.5,30.0,2.4,15.2
Hatchback,26.27,23.6,68.0,60.0,0.9,20.5
SUV,82.6,21.5,29.4,3.3,21.6,143.9
Two-Wheeler,3.71,39.4,87.8,30.0,-1.7,7.1
Two-Wheeler,2.84,18.2,25.3,30.0,41.0,1.0
Two-Wheeler,2.76,16.6,37.8,3.3,8.7,15.5
Hatchback,39.55,5.1,39.1,30.0,30.4,28.5
Two-Wheeler,2.42,42.7,55.6,3.3,0.1,11.0
Hatchback,26.98,15.1,90.5,11.0,1.7,210.8
Two-Wheeler,4.47,68.3,91.8,7.2,7.5,16.2
SUV,67.15,66.0,88.5,3.3,5.5,482.5
Two-Wheeler,3.31,15.3,56.1,3.3,7.1,36.7
Hatchback,38.8,35.5,87.3,60.0,5.7,33.9
Two-Wheeler,2.21,30.8,83.6,7.2,34.5,10.2
Sedan,55.07,65.5,74.9,11.0,16.5,34.6
Hatchback,36.89,33.5,95.1,11.0,42.2,189.3
SUV,84.82,15.9,39.9,3.3,17.8,486.7
Hatchback,25.47,22.1,73.2,60.0,28.0,15.3
SUV,74.7,62.7,76.2,3.3,21.1,212.3
Hatchback,38.06,52.5,78.2,3.3,45.3,288.2
SUV,71.92,26.1,39.5,60.0,21.3,11.2
Hatchback,25.89,22.7,39.6,7.2,31.3,40.8
SUV,88.66,9.0,32.4,30.0,34.1,44.4
Two-Wheeler,2.14,28.3,62.5,30.0,31.7,1.6
Hatchback,36.42,45.8,95.6,11.0,38.0,130.2
Two-Wheeler,4.28,42.6,71.2,7.2,32.1,11.4
SUV,83.47,61.2,88.0,60.0,8.8,38.1
Hatchback,36.49,19.4,55.9,11.0,34.1,84.1
Hatchback,36.97,24.0,90.3,60.0,43.8,31.9
Sedan,57.38,56.1,86.3,60.0,11.9,25.7
Sedan,50.78,25.4,42.3,7.2,37.3,74.0
Sedan,52.55,48.9,62.0,11.0,21.5,42.1
SUV,67.11,65.1,71.9,60.0,0.8,9.3
SUV,76.35,42.0,55.8,30.0,-1.6,41.5
Sedan,44.48,29.4,91.9,7.2,15.1,311.4
Sedan,64.72,11.9,45.0,3.3,45.1,639.0
Two-Wheeler,3.79,4.2,38.4,7.2,25.8,11.4
Sedan,55.65,25.1,68.6,60.0,44.5,32.4
SUV,99.0,63.3,75.2,3.3,29.8,243.8
Hatchback,38.85,14.2,48.1,7.2,45.0,159.1
SUV,95.32,49.2,94.1,3.3,19.5,1181.8
Two-Wheeler,3.9,31.0,61.1,30.0,5.9,3.7
Hatchback,33.86,40.0,63.6,60.0,34.2,9.1
Sedan,42.0,18.8,45.4,60.0,-3.8,21.4
Sedan,50.33,56.1,98.2,30.0,34.0,66.7
SUV,84.37,21.6,44.5,11.0,-3.6,234.0
Hatchback,32.01,57.2,76.1,7.2,12.1,63.4
Sedan,46.82,42.8,49.3,11.0,20.8,18.1
Two-Wheeler,4.45,12.5,54.9,11.0,10.5,13.7
Two-Wheeler,3.3,30.9,94.7,3.3,24.6,48.5
SUV,89.9,4.2,31.6,11.0,7.5,200.5
SUV,97.06,40.5,55.4,11.0,22.9,92.5
Two-Wheeler,3.59,46.9,99.9,30.0,-3.5,10.9
Hatchback,28.68,53.5,62.9,60.0,23.8,3.1
Sedan,56.18,29.4,45.3,7.2,27.1,83.0
SUV,93.73,69.1,83.0,3.3,47.3,383.8
SUV,97.22,55.2,93.4,11.0,1.5,473.1
Two-Wheeler,3.87,18.0,83.4,7.2,42.4,27.0
Sedan,43.64,18.0,99.4,11.0,33.7,275.6
Two-Wheeler,3.46,32.0,58.9,60.0,-3.6,1.8
Hatchback,30.14,37.0,75.5,60.0,29.8,12.8
SUV,89.03,53.2,58.9,3.3,27.7,100.8
Hatchback,39.16,41.7,68.0,60.0,44.7,13.9
Sedan,48.83,12.4,91.3,11.0,8.3,329.1
Sedan,56.67,9.4,48.7,30.0,44.1,56.4
Hatchback,35.88,48.8,80.6,3.3,14.2,246.1
Sedan,54.79,69.7,94.5,7.2,29.7,170.8
Sedan,52.55,59.6,85.2,30.0,8.1,39.0
Sedan,53.39,56.7,89.6,7.2,9.3,189.0
SUV,87.59,23.4,72.6,3.3,40.7,1012.3
Hatchback,35.25,53.5,98.7,30.0,20.6,49.0
SUV,84.09,57.2,92.2,30.0,33.9,77.1
Two-Wheeler,4.29,31.6,73.8,11.0,31.2,12.0
SUV,65.52,68.8,88.7,30.0,3.9,49.8
Sedan,45.12,4.8,57.1,60.0,29.0,25.2
Hatchback,32.9,60.7,93.7,11.0,2.0,134.9
Sedan,51.66,13.0,79.3,11.0,41.0,217.4
Sedan,55.23,68.7,91.6,3.3,8.4,413.7
Hatchback,32.65,5.9,16.3,11.0,25.7,21.8
SUV,97.93,36.2,77.7,30.0,28.2,92.6
Sedan,60.97,6.6,96.4,3.3,39.7,1229.6
Two-Wheeler,3.84,39.0,80.3,3.3,10.4,39.1
Sedan,54.14,69.4,94.1,11.0,31.5,109.8
Hatchback,37.19,56.8,69.1,60.0,41.3,5.8
Sedan,56.27,44.4,77.0,11.0,4.7,161.0
Sedan,53.41,63.3,71.7,7.2,45.6,66.9
SUV,72.02,5.7,66.2,60.0,22.9,45.4
Hatchback,32.71,63.4,78.6,30.0,9.4,14.4
SUV,84.71,43.8,63.8,7.2,13.9,189.9
SUV,76.41,3.1,83.8,7.2,41.9,705.6
Two-Wheeler,3.1,10.7,17.8,30.0,30.2,1.0
Hatchback,36.84,51.3,93.1,60.0,0.7,34.3
Hatchback,32.8,26.4,39.8,7.2,33.9,38.6
Hatchback,38.19,11.2,33.4,3.3,-3.7,306.3
Sedan,61.28,52.6,77.6,60.0,42.1,20.0
Two-Wheeler,2.6,42.9,49.0,60.0,22.6,1.0
Two-Wheeler,3.94,23.6,57.0,30.0,47.3,4.4
Two-Wheeler,2.97,54.2,80.6,3.3,-2.7,29.4
Two-Wheeler,3.51,13.7,34.2,30.0,16.6,1.9
Hatchback,37.89,64.9,74.2,3.3,24.8,72.7
SUV,85.31,32.9,66.0,11.0,2.6,274.4
Hatchback,25.84,27.5,47.2,11.0,15.7,34.0
Two-Wheeler,3.48,26.9,81.1,11.0,39.7,12.0
Hatchback,38.48,43.2,74.6,11.0,34.1,76.4
Two-Wheeler,3.75,45.9,72.0,3.3,-2.6,32.5
Sedan,49.64,15.7,64.7,30.0,-3.9,92.2
SUV,90.87,69.0,84.3,60.0,-0.4,32.0
Hatchback,33.44,17.6,79.8,60.0,-4.0,40.9
SUV,71.15,13.2,22.9,30.0,35.8,16.1
SUV,77.54,39.3,83.0,11.0,6.1,284.3
Two-Wheeler,4.34,32.2,53.3,7.2,22.5,8.0
Two-Wheeler,2.8,68.8,90.3,30.0,27.4,1.5
Two-Wheeler,2.19,60.2,99.3,3.3,6.4,38.6
SUV,92.53,69.2,99.4,30.0,25.1,103.3
Sedan,45.49,28.4,88.5,30.0,0.8,120.4
SUV,85.39,14.9,94.2,7.2,37.0,689.4
Sedan,41.08,10.4,51.2,7.2,12.5,181.9
SUV,76.63,67.2,96.5,7.2,-4.3,511.7
Sedan,59.74,58.8,87.7,3.3,30.7,383.1
Hatchback,35.62,10.2,18.7,3.3,28.8,60.1
Two-Wheeler,2.16,68.6,79.5,3.3,16.6,5.1
Hatchback,26.11,38.9,70.7,60.0,31.7,9.3
Sedan,40.41,27.7,59.7,3.3,42.2,300.3
Two-Wheeler,2.22,7.3,77.6,60.0,35.4,1.8
Sedan,42.01,62.1,73.5,60.0,-3.8,9.5
Two-Wheeler,3.32,58.2,68.9,3.3,34.3,6.9
Sedan,41.04,19.9,56.8,7.2,14.5,171.9
Hatchback,30.71,57.2,79.8,11.0,47.2,65.5
Hatchback,38.23,30.2,74.9,60.0,2.5,30.7
SUV,81.93,14.5,89.2,11.0,-0.8,704.8
Hatchback,26.6,31.5,73.6,60.0,47.5,18.5
Two-Wheeler,4.42,24.5,53.5,11.0,21.8,7.5
Sedan,58.56,2.2,31.5,3.3,46.6,549.9
Sedan,58.29,31.6,43.4,11.0,21.4,37.9
Sedan,41.32,52.4,76.8,7.2,12.7,100.7
Two-Wheeler,2.63,15.6,63.0,60.0,19.6,1.4
Two-Wheeler,3.44,43.2,69.6,11.0,10.4,7.1
Two-Wheeler,3.56,29.1,74.5,60.0,13.5,1.9
Two-Wheeler,2.25,5.8,13.8,30.0,-3.5,1.0
Hatchback,35.12,34.8,45.5,3.3,-4.7,138.6
Two-Wheeler,3.47,26.0,36.4,11.0,44.5,2.6
Sedan,49.54,6.0,74.2,11.0,30.2,197.4
Two-Wheeler,3.37,27.6,99.9,7.2,21.3,29.1
Sedan,53.91,23.9,95.3,7.2,24.2,405.1
Sedan,52.19,41.4,62.0,3.3,34.0,194.4
SUV,77.63,48.0,57.9,11.0,21.8,47.7
SUV,95.4,62.2,74.7,7.2,-0.7,206.9
Two-Wheeler,2.64,64.1,75.5,60.0,14.0,1.0
Hatchback,36.34,12.0,48.4,7.2,44.9,162.4
SUV,97.18,55.4,97.9,30.0,45.0,181.0
Sedan,50.67,48.4,88.0,30.0,8.0,63.8
SUV,87.99,31.1,58.2,11.0,31.8,151.0
Two-Wheeler,3.97,61.0,92.0,60.0,43.6,1.9
Two-Wheeler,2.21,36.0,91.8,30.0,33.5,3.0
Hatchback,27.6,65.3,76.6,30.0,3.8,11.0
Sedan,51.52,38.2,64.8,60.0,-3.6,28.6
SUV,83.86,15.2,52.3,3.3,19.4,707.2
Two-Wheeler,2.11,35.6,48.4,60.0,44.1,1.0
Sedan,42.93,9.5,22.9,3.3,3.4,190.4
Hatchback,27.23,27.7,49.8,3.3,17.1,135.8
Sedan,47.16,64.2,79.1,7.2,1.5,103.1
Sedan,53.0,54.2,82.3,7.2,37.9,139.9
Sedan,49.87,30.0,81.5,3.3,31.4,499.4
Hatchback,29.13,69.8,75.6,60.0,30.7,1.6
SUV,92.27,42.2,79.4,11.0,41.5,236.4
Hatchback,35.68,22.9,43.8,11.0,1.8,76.1
Hatchback,34.22,13.7,58.6,30.0,6.3,51.2
SUV,71.07,21.7,89.2,30.0,24.5,101.7
SUV,78.63,64.0,96.1,11.0,3.5,315.2
Hatchback,28.17,61.3,80.4,60.0,11.3,6.7
Sedan,47.26,38.0,79.7,30.0,32.7,45.6
Hatchback,37.71,56.6,72.9,30.0,46.4,20.9
Sedan,47.93,66.0,96.0,30.0,41.7,49.5
Sedan,48.32,32.4,94.0,30.0,33.2,72.9
Sedan,53.46,10.4,21.7,3.3,45.2,196.9
Hatchback,32.04,21.5,37.8,3.3,38.4,116.0
SUV,73.14,50.4,63.9,3.3,12.0,252.0
SUV,71.06,60.5,83.2,11.0,39.2,104.4
Hatchback,26.38,34.7,63.1,3.3,17.0,186.0
SUV,78.34,12.9,64.6,11.0,41.1,308.2
Two-Wheeler,3.03,18.4,66.8,3.3,14.1,33.6
SUV,76.38,26.2,68.0,60.0,28.7,36.4
Sedan,41.28,48.1,75.6,3.3,30.7,217.7
Two-Wheeler,2.28,55.5,76.4,3.3,-0.6,18.9
Two-Wheeler,3.2,60.0,98.1,60.0,-1.5,3.3
SUV,89.44,29.4,74.7,7.2,30.5,382.1
Two-Wheeler,2.52,10.1,65.4,11.0,31.1,8.3
Two-Wheeler,4.43,34.3,78.9,3.3,-1.0,79.3
SUV,66.66,37.6,50.8,30.0,2.8,33.3
Sedan,53.84,36.7,69.1,30.0,20.5,36.2
Sedan,46.64,63.8,77.1,7.2,14.8,66.2
Two-Wheeler,3.94,51.1,69.4,30.0,3.6,2.7
Hatchback,38.69,60.4,77.9,60.0,3.1,12.4
SUV,73.68,44.2,99.9,30.0,3.9,202.2
Sedan,45.34,55.6,88.5,7.2,6.5,170.7
SUV,84.28,48.6,94.2,11.0,7.0,404.4
Hatchback,38.3,54.5,96.5,30.0,-1.0,84.6
Hatchback,32.46,57.1,80.8,7.2,-3.1,133.5
SUV,68.42,51.5,92.6,3.3,11.9,805.2
Two-Wheeler,2.14,39.0,44.7,11.0,38.5,1.0
Sedan,46.56,14.9,96.2,7.2,39.8,402.4
SUV,93.4,42.2,63.0,11.0,17.8,128.6
Hatchback,28.63,29.1,73.6,7.2,5.4,170.1
SUV,83.42,25.9,93.6,30.0,19.4,152.3
Sedan,48.08,20.6,90.1,7.2,42.3,386.3
Sedan,43.26,50.7,94.6,7.2,16.8,213.4
Sedan,54.08,45.4,82.4,3.3,36.3,381.9
Sedan,57.33,42.3,97.3,7.2,36.6,352.9
Two-Wheeler,3.65,2.7,41.3,11.0,1.5,11.9
SUV,84.2,60.5,96.2,60.0,37.7,47.2
Two-Wheeler,2.67,49.9,68.5,3.3,14.9,10.6
Two-Wheeler,2.27,51.0,90.9,30.0,43.4,2.7
Sedan,59.13,46.6,73.7,3.3,35.3,317.3
Sedan,63.29,17.3,56.6,60.0,5.5,37.9
Sedan,52.8,2.0,80.6,7.2,3.4,623.6
Two-Wheeler,2.88,7.2,87.6,3.3,17.0,53.5
SUV,71.04,58.8,80.6,3.3,-1.8,573.3
SUV,74.16,29.9,93.3,60.0,30.4,56.9
Hatchback,35.43,41.7,55.8,11.0,25.4,31.2
Two-Wheeler,3.23,30.3,79.9,7.2,28.2,15.2
Two-Wheeler,2.66,23.4,80.8,3.3,16.0,33.9
Sedan,50.8,50.8,85.4,11.0,35.4,113.5
SUV,75.37,2.0,66.5,30.0,-4.4,210.1
SUV,86.22,16.1,85.0,3.3,13.9,1509.3
Sedan,59.38,49.4,63.8,11.0,35.5,52.6
Hatchback,32.75,21.5,82.4,60.0,-3.4,42.7
Sedan,44.39,3.6,12.9,11.0,-0.7,39.5
SUV,69.68,12.8,84.7,30.0,7.1,162.5
SUV,94.29,51.8,63.2,3.3,12.9,241.9
Two-Wheeler,2.94,48.1,87.4,3.3,5.8,35.8
Sedan,41.06,15.2,47.5,7.2,-3.1,237.9
Hatchback,38.87,45.2,96.7,7.2,-3.0,463.8
Sedan,45.92,8.8,49.3,3.3,5.7,579.6
Hatchback,29.36,56.4,67.7,30.0,-2.9,13.9
Hatchback,25.75,9.5,40.4,7.2,40.2,88.4
SUV,68.43,2.1,59.7,60.0,27.0,49.1
Sedan,63.9,24.6,96.2,30.0,0.5,220.6
SUV,85.46,6.8,56.3,3.3,4.2,1385.6
SUV,76.68,38.8,98.4,30.0,41.4,173.5
Two-Wheeler,3.24,55.3,97.2,3.3,7.8,44.6
Two-Wheeler,3.93,37.3,59.4,11.0,0.8,9.4
Sedan,53.85,31.4,76.2,30.0,21.9,55.1
Hatchback,31.48,29.1,93.6,7.2,44.9,252.7
Sedan,59.97,14.4,59.1,7.2,47.7,348.9
Hatchback,36.54,12.6,81.0,11.0,13.1,178.3
Sedan,46.26,64.3,91.2,11.0,19.5,93.4
Hatchback,33.81,26.6,88.7,30.0,26.0,50.7
Sedan,46.75,55.8,92.6,60.0,-1.6,44.3
Hatchback,33.05,9.6,21.3,60.0,-3.8,7.0
SUV,84.95,36.7,66.0,30.0,31.1,56.9
Sedan,57.88,21.9,95.6,60.0,40.6,63.0
Two-Wheeler,2.83,32.7,58.1,30.0,13.6,1.9
Sedan,52.44,29.5,76.4,60.0,10.2,34.0
Sedan,48.31,18.1,64.3,30.0,3.5,74.3
Sedan,64.36,18.6,59.3,11.0,23.0,146.3
Sedan,58.34,60.8,75.4,11.0,39.3,57.2
Hatchback,34.55,40.7,70.9,60.0,23.9,12.2
SUV,86.3,27.9,58.6,11.0,13.4,183.8
Hatchback,33.7,68.1,73.9,7.2,6.7,24.4
Hatchback,30.65,8.1,57.8,30.0,36.5,34.3
Two-Wheeler,2.73,35.7,46.0,60.0,22.9,1.0
Two-Wheeler,3.52,23.4,53.7,3.3,-4.5,37.8
Two-Wheeler,2.37,17.9,40.4,60.0,24.8,1.0
Hatchback,35.44,44.5,49.7,60.0,19.9,2.2
SUV,90.84,48.4,96.7,11.0,14.4,439.8
SUV,84.51,44.0,71.6,7.2,0.4,382.6
Hatchback,32.31,3.4,52.7,3.3,15.0,365.5
Hatchback,29.7,41.6,93.9,30.0,40.8,44.2
Hatchback,33.0,28.5,53.2,11.0,3.4,75.5
Sedan,48.63,13.3,23.3,3.3,4.2,138.9
Two-Wheeler,4.24,48.5,90.8,11.0,24.3,10.3
SUV,81.61,54.4,59.7,60.0,18.6,4.4
Two-Wheeler,3.69,58.1,95.0,7.2,37.4,16.5
Sedan,57.34,53.7,67.8,60.0,45.7,13.8
SUV,80.91,58.0,88.6,7.2,3.1,383.9
Hatchback,35.41,14.9,79.4,30.0,30.8,48.0
Two-Wheeler,3.05,47.8,97.7,7.2,47.7,26.8
SUV,67.4,42.3,72.7,11.0,30.5,117.8
Two-Wheeler,2.93,41.2,65.1,3.3,4.3,19.8
Hatchback,30.66,68.1,86.0,3.3,0.4,190.3
SUV,73.78,67.4,93.8,3.3,12.1,594.6
SUV,96.24,40.1,81.4,11.0,2.9,377.5
Hatchback,33.44,22.9,44.7,11.0,19.0,40.6
Sedan,60.8,42.5,94.8,60.0,27.5,37.6
Hatchback,26.28,16.8,65.5,11.0,0.9,139.4
Hatchback,31.28,35.0,49.4,3.3,7.8,112.1
Two-Wheeler,2.47,3.6,54.9,3.3,38.6,25.4
SUV,89.06,69.3,85.2,7.2,43.4,170.1
Two-Wheeler,3.11,65.3,75.3,3.3,-1.9,11.4
Sedan,43.18,31.0,84.9,3.3,6.3,613.4
Sedan,51.6,69.5,89.2,60.0,-1.8,22.0
Hatchback,33.58,57.1,99.4,3.3,43.1,568.1
Two-Wheeler,2.51,21.0,90.1,3.3,29.2,33.5
SUV,79.35,21.0,58.4,11.0,36.9,204.1
SUV,94.07,2.3,29.3,30.0,29.7,55.9
Sedan,41.62,66.1,95.6,3.3,11.9,391.7
Hatchback,27.02,24.7,49.5,3.3,46.9,204.9
SUV,94.89,3.8,59.3,11.0,15.1,357.7
SUV,93.51,33.6,41.4,7.2,16.7,82.0
Sedan,63.87,54.6,66.5,30.0,-1.5,33.6
Hatchback,33.22,47.7,64.7,11.0,47.4,58.4
Sedan,50.21,48.5,99.2,30.0,3.1,118.1
Two-Wheeler,4.14,45.3,61.8,30.0,29.2,1.3
SUV,86.24,38.2,59.7,3.3,7.7,520.6
Sedan,47.11,49.7,64.2,3.3,1.2,243.0
Two-Wheeler,2.67,12.5,18.1,11.0,34.7,1.0
Hatchback,38.55,49.4,91.3,3.3,29.8,367.6
SUV,70.47,2.5,10.6,7.2,40.3,65.1
Sedan,42.67,49.4,71.9,3.3,36.0,193.9
Sedan,54.88,59.7,71.7,30.0,33.1,12.5
Two-Wheeler,2.73,3.8,82.3,11.0,0.7,22.4
SUV,76.54,47.0,67.8,11.0,22.4,86.4
Sedan,54.58,60.6,71.9,11.0,12.9,44.4
Sedan,49.64,63.8,80.4,3.3,9.4,229.9
Hatchback,30.55,53.0,84.8,30.0,40.3,28.8
Hatchback,35.53,69.8,90.0,11.0,2.5,86.2
Hatchback,32.32,19.2,85.9,11.0,23.1,143.4
SUV,71.32,54.4,65.4,11.0,10.0,64.5
Two-Wheeler,3.94,16.1,79.6,60.0,26.5,2.9
SUV,80.86,23.9,67.2,11.0,-3.1,353.7
Sedan,49.77,66.5,93.6,60.0,39.9,20.7
Two-Wheeler,4.03,11.9,98.1,7.2,26.5,40.7
Hatchback,25.48,13.1,29.7,7.2,18.4,41.2
Sedan,61.04,38.7,91.7,60.0,26.0,37.0
Sedan,58.38,20.7,84.7,30.0,35.9,89.0
Two-Wheeler,4.2,68.6,89.5,3.3,4.1,30.5
Two-Wheeler,4.05,9.0,42.8,3.3,24.8,25.0
SUV,79.76,15.0,28.7,60.0,29.9,12.4
Sedan,51.41,30.3,52.2,30.0,42.8,26.7
Sedan,50.59,26.5,58.8,11.0,40.2,116.2
Two-Wheeler,4.31,42.3,56.0,3.3,1.7,19.8
Two-Wheeler,4.35,5.7,42.2,30.0,8.6,4.7
SUV,70.55,65.6,78.1,30.0,34.9,20.3
Hatchback,37.66,43.3,88.8,11.0,26.2,99.7
Two-Wheeler,3.61,62.5,88.6,3.3,38.4,19.0
Sedan,57.23,63.0,68.9,3.3,4.2,99.2
Sedan,51.85,47.4,57.3,60.0,46.9,8.6
Hatchback,27.15,66.4,97.0,11.0,47.5,109.7
Hatchback,30.66,35.8,94.8,7.2,1.8,324.1
SUV,74.58,37.7,88.2,60.0,22.3,44.7
SUV,70.76,50.6,96.2,30.0,0.4,156.2
Two-Wheeler,3.84,28.6,64.4,3.3,33.6,27.9
Two-Wheeler,4.13,32.7,92.2,30.0,22.7,5.6
Sedan,58.26,44.3,90.3,7.2,24.0,288.1
Sedan,58.26,28.7,41.3,7.2,23.0,74.5
Sedan,49.08,68.5,97.2,3.3,46.9,651.6
Two-Wheeler,2.59,52.1,99.1,3.3,16.5,40.9
Two-Wheeler,3.57,63.2,89.2,3.3,29.6,18.6
Hatchback,30.55,57.8,86.8,11.0,10.9,67.3
Sedan,41.14,11.3,88.9,3.3,8.6,899.6
Hatchback,31.15,57.2,70.7,7.2,43.2,44.7
Two-Wheeler,4.39,21.5,43.6,3.3,42.6,21.4
SUV,66.2,64.6,82.1,30.0,4.5,42.8
Sedan,59.84,36.1,81.6,30.0,10.4,74.1
SUV,79.88,2.3,82.5,7.2,6.6,902.3
Sedan,40.86,25.3,48.7,30.0,2.0,34.2
Hatchback,31.84,11.0,59.2,11.0,9.2,119.6
Hatchback,35.23,5.9,15.9,11.0,34.1,22.0
Hatchback,39.43,14.2,74.5,3.3,38.2,544.6
Sedan,53.85,15.6,44.1,11.0,46.0,147.7
Two-Wheeler,3.34,45.9,73.4,60.0,26.2,1.0
Sedan,60.07,61.9,75.3,11.0,2.2,78.4
Hatchback,37.99,9.0,21.8,7.2,4.6,67.5
Hatchback,30.96,66.3,81.8,30.0,32.3,10.4
Hatchback,38.39,29.1,70.4,7.2,16.1,162.7
SUV,75.86,66.5,95.2,3.3,41.6,605.9
Two-Wheeler,4.25,38.6,95.3,30.0,17.0,5.8
Sedan,40.48,15.5,94.3,11.0,26.7,213.8
SUV,97.48,50.4,68.0,60.0,10.6,25.7
SUV,73.31,13.3,76.8,3.3,15.2,1072.3
SUV,99.46,22.3,61.8,60.0,30.0,45.4
Sedan,48.17,44.6,83.1,7.2,5.0,234.2
Two-Wheeler,3.05,11.6,70.6,7.2,4.9,24.2
Hatchback,25.58,47.3,80.6,11.0,25.0,48.0
Hatchback,34.98,4.2,19.7,3.3,35.5,106.5
Sedan,42.46,18.0,90.7,11.0,34.9,193.4
Two-Wheeler,3.18,45.0,79.1,7.2,10.1,12.6
Hatchback,34.77,63.7,77.9,60.0,10.9,7.2
Two-Wheeler,2.35,63.8,95.6,3.3,24.1,19.7
Sedan,40.57,32.0,79.2,7.2,31.0,170.0
Two-Wheeler,2.52,19.9,30.9,60.0,44.6,1.0
SUV,99.5,31.1,57.5,11.0,6.1,239.6
Two-Wheeler,4.29,15.0,75.4,30.0,-4.6,9.7
Two-Wheeler,2.1,28.8,92.9,7.2,7.3,18.8
SUV,99.36,31.4,96.7,3.3,-0.1,2645.8
Hatchback,28.84,35.8,61.6,11.0,8.1,66.7
Sedan,51.7,29.8,90.5,30.0,29.2,72.8
SUV,91.25,4.5,28.8,7.2,16.9,234.8
Hatchback,31.67,10.1,34.7,3.3,16.5,193.2
SUV,67.9,41.8,55.5,60.0,0.6,20.9
SUV,66.58,6.4,37.9,7.2,36.5,225.6
Hatchback,27.58,25.1,75.5,3.3,10.1,383.1
Hatchback,35.22,35.1,80.2,11.0,-4.8,169.7
Hatchback,34.76,15.2,46.7,30.0,7.0,33.2
Two-Wheeler,4.2,62.1,84.4,7.2,41.2,9.4
Hatchback,31.1,49.0,98.6,3.3,19.7,446.3
Hatchback,31.57,48.9,80.9,3.3,41.4,231.3
Two-Wheeler,2.36,45.9,88.3,11.0,22.2,5.8
SUV,97.69,43.2,90.4,3.3,-3.7,1851.3
Two-Wheeler,3.34,29.5,56.6,11.0,18.9,6.4
SUV,89.25,54.4,72.1,3.3,46.2,442.9
Sedan,59.85,39.1,58.7,11.0,-1.3,136.4
SUV,97.28,68.0,87.4,3.3,24.8,423.3
Hatchback,27.43,66.7,87.9,30.0,-3.9,23.7
SUV,69.47,59.9,92.5,30.0,-3.1,113.7
Sedan,41.9,41.4,98.9,11.0,26.8,173.7
Hatchback,39.46,63.3,69.5,60.0,0.3,4.6
Two-Wheeler,3.3,59.0,97.8,7.2,12.7,20.4
Sedan,56.46,10.5,20.9,11.0,36.4,37.1
Hatchback,26.74,13.7,23.8,60.0,29.5,3.3
Sedan,43.38,3.6,32.3,11.0,-4.9,149.5
SUV,74.29,56.3,99.8,3.3,27.9,1005.3
SUV,67.09,9.4,75.1,11.0,39.0,295.2
Hatchback,34.61,36.7,58.5,30.0,47.2,21.2
Two-Wheeler,3.65,63.3,72.5,3.3,0.5,11.8
Sedan,64.23,50.3,89.8,30.0,19.5,69.9
Hatchback,30.37,33.9,70.4,11.0,-3.6,130.6
SUV,93.42,5.8,60.4,7.2,14.1,529.0
Hatchback,31.14,53.2,64.6,11.0,39.0,24.1
Sedan,56.23,3.0,14.3,11.0,9.5,49.5
Sedan,64.28,13.4,91.1,7.2,45.1,730.2
SUV,99.94,18.9,62.1,30.0,35.2,105.3
Hatchback,30.22,10.2,72.6,60.0,13.0,24.1
Two-Wheeler,3.15,61.9,88.1,11.0,28.1,5.8
Two-Wheeler,3.72,26.2,72.4,7.2,38.3,16.6
Hatchback,37.48,24.8,76.2,11.0,41.5,138.8
Two-Wheeler,4.09,19.2,80.8,30.0,28.8,5.4
Hatchback,31.19,18.0,87.6,60.0,4.8,44.1
Two-Wheeler,4.05,45.1,96.2,60.0,20.9,2.5
Hatchback,35.75,60.8,79.7,30.0,2.7,25.2
Hatchback,36.89,37.5,52.3,7.2,7.8,77.1
Hatchback,37.59,69.5,89.8,11.0,15.6,57.4
Hatchback,34.2,24.2,52.2,11.0,38.9,61.1
Sedan,53.94,36.3,51.6,11.0,41.1,50.7
Two-Wheeler,3.4,33.4,75.1,7.2,43.7,16.0
Hatchback,26.82,6.0,81.4,3.3,19.2,433.9
Sedan,59.43,65.7,82.4,30.0,31.5,22.9
SUV,96.8,44.9,82.9,60.0,30.0,43.4
Two-Wheeler,3.85,68.4,93.2,11.0,11.4,8.5
Hatchback,26.23,35.5,46.6,11.0,22.1,17.1
SUV,98.41,2.5,32.9,7.2,14.7,278.4
Sedan,55.99,62.8,73.0,60.0,10.3,8.0
Hatchback,31.81,32.8,96.7,3.3,18.8,528.8
Hatchback,29.5,12.1,57.7,11.0,-4.1,154.4
SUV,84.54,32.2,97.7,11.0,2.9,576.7
Hatchback,37.37,45.1,60.9,30.0,34.8,10.8
SUV,95.59,6.3,96.6,30.0,44.8,273.4
Hatchback,37.7,43.1,73.7,30.0,44.3,33.8
Hatchback,31.61,21.9,63.9,60.0,28.8,15.5
SUV,78.81,49.9,61.9,30.0,-2.0,38.4
SUV,91.65,35.5,86.0,3.3,34.6,909.0
SUV,91.92,7.8,62.7,60.0,16.9,68.6
SUV,82.37,26.2,63.0,7.2,23.9,261.6
SUV,69.67,35.9,68.9,3.3,24.9,421.8
Hatchback,34.72,35.7,70.1,7.2,26.5,108.2
Hatchback,37.46,36.0,96.5,30.0,45.2,86.6
Two-Wheeler,3.05,68.3,98.1,60.0,18.3,1.5
Hatchback,30.51,46.9,72.2,30.0,21.6,17.2
Hatchback,34.02,48.5,91.7,30.0,37.2,37.2
SUV,77.72,39.5,57.8,7.2,36.4,151.7
Hatchback,34.49,49.4,72.4,7.2,35.1,71.6
Sedan,62.9,38.6,68.9,3.3,37.2,416.5
Hatchback,31.13,20.2,52.1,30.0,25.4,22.9
Hatchback,31.85,47.3,83.8,60.0,33.8,14.7
Sedan,40.99,57.2,100.0,60.0,-3.0,62.0
Two-Wheeler,3.31,61.5,93.8,11.0,4.1,12.6
Sedan,62.17,8.7,69.5,3.3,31.2,701.8
Hatchback,37.54,30.6,67.7,7.2,16.0,138.9
SUV,74.43,22.4,42.1,11.0,28.2,86.6
Hatchback,37.13,41.2,92.4,3.3,36.4,457.3
Two-Wheeler,4.47,26.3,47.8,11.0,3.6,9.3
Sedan,63.19,42.2,78.4,7.2,16.2,243.2
Hatchback,35.94,52.2,80.0,7.2,18.8,97.3
SUV,93.85,6.4,91.4,11.0,22.8,518.9
Hatchback,32.98,17.0,60.8,7.2,16.1,144.2
SUV,95.11,59.8,81.9,7.2,7.3,279.1
Hatchback,36.69,56.9,88.7,60.0,33.4,13.4
Two-Wheeler,4.08,14.1,25.1,7.2,39.9,4.5
Hatchback,32.92,4.8,23.2,3.3,8.6,152.8
Two-Wheeler,4.03,3.6,9.0,7.2,10.9,2.5
SUV,76.04,39.9,47.1,60.0,-4.9,11.3
Hatchback,38.12,45.6,95.0,3.3,39.2,490.9
Sedan,43.35,9.0,16.2,7.2,4.4,42.9
Two-Wheeler,2.97,37.9,70.2,30.0,10.0,2.3
SUV,95.23,53.0,97.1,11.0,13.9,380.9
Sedan,63.58,21.6,85.6,30.0,21.9,97.7
Two-Wheeler,3.08,61.6,98.1,11.0,30.1,10.5
Two-Wheeler,2.89,47.6,56.0,11.0,29.7,1.4
Sedan,41.59,5.6,90.4,7.2,25.6,344.8
Sedan,59.27,16.3,51.5,3.3,29.3,422.4
Sedan,60.88,37.3,63.4,30.0,8.4,44.1
Two-Wheeler,4.02,51.8,72.1,7.2,7.1,10.8
Sedan,63.92,44.7,82.8,7.2,10.0,310.0
Two-Wheeler,4.44,47.4,59.7,11.0,47.5,4.9
SUV,95.63,43.9,96.2,30.0,39.9,148.3
Sedan,58.02,27.3,93.9,30.0,37.4,92.4
Two-Wheeler,2.53,17.0,68.0,7.2,29.1,11.6
Sedan,46.26,63.9,95.5,11.0,1.1,199.3
Sedan,47.47,57.5,64.4,60.0,15.6,4.5
SUV,92.67,68.6,87.2,7.2,19.6,177.8
Two-Wheeler,2.15,31.8,68.4,30.0,11.3,2.1
SUV,94.59,45.1,89.7,60.0,7.3,70.6
SUV,79.35,62.0,93.0,11.0,15.2,202.0
Hatchback,30.41,48.0,95.4,7.2,6.7,215.7
Two-Wheeler,2.88,3.1,11.1,30.0,27.8,1.0
SUV,92.08,36.2,56.7,30.0,-2.9,83.4
Hatchback,38.15,27.2,50.9,11.0,30.4,59.3
Sedan,42.28,7.7,62.5,30.0,24.1,48.7
Hatchback,34.5,38.9,54.3,11.0,44.2,38.1
Hatchback,26.01,21.3,76.8,7.2,-3.7,233.9
SUV,65.97,28.5,48.8,7.2,12.1,163.4
Hatchback,25.23,39.2,50.3,11.0,-1.9,32.7
Hatchback,26.68,22.3,62.5,7.2,8.3,127.7
Sedan,56.29,50.1,73.4,60.0,25.4,13.4
Hatchback,37.47,54.5,71.1,7.2,12.6,66.1
Two-Wheeler,4.03,40.4,64.7,11.0,16.7,6.6
SUV,84.35,43.5,86.5,11.0,28.2,241.8
SUV,97.43,52.1,80.5,30.0,42.6,72.4
Sedan,60.13,68.8,79.2,7.2,16.0,63.0
Two-Wheeler,4.41,22.8,82.2,30.0,36.3,6.2
SUV,85.01,21.2,36.3,11.0,12.7,100.4
SUV,94.86,12.8,72.0,30.0,1.5,218.4
Hatchback,29.49,60.4,79.9,3.3,0.8,210.7
SUV,79.36,65.6,87.1,60.0,21.9,21.8
Sedan,60.89,10.6,50.1,30.0,10.0,68.4
Hatchback,29.38,29.8,62.1,30.0,44.4,24.4
SUV,90.55,8.6,68.1,3.3,22.2,1105.0
SUV,71.13,62.8,96.9,11.0,17.3,195.1
Sedan,53.36,8.1,56.0,11.0,6.9,227.0
Sedan,40.47,52.1,62.0,60.0,-4.5,8.0
Two-Wheeler,4.04,23.2,94.6,11.0,17.3,21.5
Hatchback,34.4,36.4,67.2,11.0,5.0,90.9
Sedan,64.26,29.2,48.8,7.2,40.6,140.7
SUV,90.15,22.3,57.6,3.3,18.9,716.7
Two-Wheeler,3.85,69.1,92.5,11.0,9.8,8.3
Sedan,50.77,46.8,75.5,60.0,1.8,29.1
Sedan,48.66,33.8,74.4,11.0,35.1,118.5
Two-Wheeler,4.49,12.7,30.4,30.0,36.9,1.8
Sedan,56.97,2.9,69.8,60.0,6.2,57.4
Hatchback,34.84,28.0,80.8,30.0,45.0,60.1
Sedan,43.38,33.1,56.6,3.3,19.8,229.5
SUV,77.15,65.5,79.3,7.2,-2.4,176.6
Hatchback,31.41,57.7,72.6,60.0,2.2,9.2
Sedan,64.67,35.3,70.3,7.2,40.5,241.3
SUV,84.87,11.2,19.0,30.0,44.5,17.3
SUV,88.6,45.9,61.1,60.0,29.0,16.0
Hatchback,35.24,7.8,56.7,7.2,35.2,151.9
Hatchback,30.29,40.9,52.9,11.0,-0.2,38.4
Hatchback,31.26,30.0,98.9,3.3,32.4,563.8
Two-Wheeler,2.68,26.6,44.1,30.0,23.7,1.0
SUV,71.88,16.5,59.5,60.0,11.9,44.9
SUV,74.79,52.3,88.3,60.0,8.0,43.9
SUV,95.14,52.3,70.2,11.0,-2.7,179.2
Sedan,48.6,45.9,97.6,11.0,42.9,237.1
Hatchback,30.93,8.9,52.8,60.0,30.0,15.6
Hatchback,32.76,27.4,51.4,60.0,27.2,8.9
Hatchback,27.93,32.3,42.0,30.0,22.6,6.5
SUV,93.29,51.7,61.6,60.0,18.7,10.3
Two-Wheeler,3.01,23.3,94.1,3.3,44.1,53.5
SUV,83.16,3.2,63.7,3.3,21.9,1101.3
SUV,68.67,23.3,45.6,3.3,4.5,409.8
Sedan,45.45,64.4,96.1,3.3,13.8,455.3
SUV,87.41,62.1,82.6,3.3,3.8,597.8
Sedan,61.64,27.8,51.9,30.0,31.3,40.4
Two-Wheeler,3.1,51.3,61.0,7.2,17.6,3.0
Hatchback,36.82,62.7,74.6,11.0,43.2,31.4
Two-Wheeler,4.03,37.0,89.0,7.2,34.6,18.2
Two-Wheeler,3.84,2.9,92.8,7.2,5.5,45.4
Two-Wheeler,3.19,47.1,69.4,60.0,24.4,1.0
Sedan,51.41,51.0,76.5,60.0,44.8,19.2
Two-Wheeler,3.25,14.5,95.2,11.0,8.5,21.2
SUV,90.42,48.4,65.3,11.0,9.0,111.0
Sedan,63.93,62.5,83.9,30.0,15.0,35.0
SUV,87.77,4.8,16.6,60.0,20.5,11.4
Two-Wheeler,2.35,56.9,96.0,60.0,15.0,1.5
Sedan,56.57,6.7,89.9,7.2,35.1,441.4
Two-Wheeler,2.32,51.7,82.6,30.0,-2.3,2.7
SUV,84.0,14.3,61.8,11.0,45.8,450.9
Two-Wheeler,3.17,32.6,94.8,3.3,19.5,39.2
SUV,66.21,52.4,68.8,7.2,36.8,110.3
SUV,72.11,12.5,52.0,30.0,13.9,75.0
Sedan,62.72,42.4,59.3,30.0,10.7,29.5
Two-Wheeler,2.24,64.6,70.4,7.2,34.7,1.2
Hatchback,27.8,63.0,69.6,30.0,11.1,5.2
SUV,79.77,31.6,68.5,11.0,47.7,288.0
Sedan,48.05,36.3,95.5,11.0,6.6,266.0
Sedan,55.73,54.2,85.0,3.3,38.0,380.7
Hatchback,31.79,7.7,59.4,60.0,35.9,18.4
Sedan,58.43,3.1,68.5,11.0,32.5,208.6
Two-Wheeler,2.33,35.9,64.9,30.0,16.2,1.6
Sedan,58.27,52.7,86.8,11.0,35.2,128.7
Sedan,44.03,57.0,98.3,3.3,44.7,643.0
Two-Wheeler,4.22,15.5,64.8,60.0,47.2,3.3
Two-Wheeler,3.36,25.4,41.6,60.0,0.5,1.0
Two-Wheeler,3.02,65.7,76.6,7.2,14.8,3.5
SUV,93.1,28.1,41.5,60.0,36.8,15.6
SUV,76.81,46.4,85.5,30.0,42.0,82.0
SUV,79.13,57.2,96.0,7.2,9.8,464.8
Two-Wheeler,2.41,55.9,79.3,30.0,42.4,1.3
SUV,66.72,31.8,63.3,60.0,5.3,36.3
SUV,82.27,58.6,74.2,30.0,10.8,35.7
Two-Wheeler,2.37,12.2,17.8,30.0,15.6,1.0
Sedan,59.15,30.2,35.5,11.0,27.3,19.5
Two-Wheeler,3.94,18.7,81.3,3.3,29.0,49.1
Two-Wheeler,3.63,40.6,88.2,7.2,12.5,20.3
Hatchback,25.65,4.3,91.2,11.0,29.0,120.8
SUV,65.55,17.8,73.0,30.0,33.1,82.6
Sedan,54.72,49.6,73.0,11.0,24.9,80.8
Two-Wheeler,3.93,27.8,85.1,3.3,30.7,40.3
Hatchback,26.9,12.9,51.5,30.0,29.8,22.2
SUV,95.16,63.2,97.2,7.2,-3.8,810.2
Sedan,46.45,17.4,25.1,30.0,38.6,9.3
Sedan,45.63,58.5,85.5,3.3,40.4,288.9
Sedan,45.19,22.6,94.7,60.0,11.6,52.3
Two-Wheeler,3.85,23.2,59.9,7.2,-0.6,24.1
Two-Wheeler,4.01,61.4,86.6,60.0,-0.5,1.9
Sedan,52.93,20.8,28.6,30.0,47.2,13.4
Sedan,57.01,44.4,55.8,7.2,27.9,58.1
SUV,86.6,63.2,92.1,3.3,3.6,968.1
Two-Wheeler,2.05,3.4,31.5,11.0,0.7,6.2
Sedan,46.09,6.0,58.2,3.3,13.7,580.1
SUV,65.02,58.1,76.5,7.2,30.3,118.3
Two-Wheeler,3.47,31.1,62.2,11.0,11.2,6.9
Hatchback,31.94,11.1,92.3,7.2,-4.6,490.7
SUV,93.82,34.2,75.0,30.0,9.5,113.0
Two-Wheeler,2.33,52.1,62.6,30.0,16.4,1.0
Two-Wheeler,4.49,27.3,78.0,30.0,30.6,4.5
Hatchback,38.19,39.8,71.3,30.0,29.3,28.5
SUV,70.71,46.3,53.0,7.2,38.7,49.6
Hatchback,36.47,17.2,53.4,3.3,16.9,305.5
SUV,87.16,69.9,89.9,7.2,2.5,296.9
Two-Wheeler,2.81,37.1,73.6,11.0,34.0,5.4
Sedan,45.46,30.8,88.8,30.0,34.9,63.5
Hatchback,34.8,32.2,63.0,3.3,-3.7,394.5
Two-Wheeler,2.09,29.1,88.5,3.3,42.2,35.4
Sedan,42.46,63.8,70.9,7.2,44.7,34.7
Sedan,45.5,43.3,53.9,30.0,29.9,11.5
Sedan,56.12,68.1,86.3,60.0,24.3,10.6
Two-Wheeler,2.43,10.1,26.7,3.3,8.8,10.6
Hatchback,32.3,65.0,80.3,30.0,-1.6,22.2
Sedan,49.08,6.8,89.5,60.0,44.5,53.4
Two-Wheeler,2.32,27.7,72.1,7.2,-2.7,16.6
SUV,66.55,12.3,65.3,60.0,45.8,63.7
Sedan,55.34,67.6,89.9,7.2,6.7,171.0
Sedan,52.34,35.2,46.9,11.0,36.8,41.3
SUV,80.43,45.7,78.0,3.3,38.4,590.6
Sedan,53.79,40.5,66.9,30.0,19.9,33.8
SUV,91.11,15.3,98.2,60.0,46.2,154.0
SUV,83.38,17.4,78.3,60.0,-2.5,94.0
Sedan,48.76,24.8,48.9,60.0,16.6,14.2
Hatchback,38.3,39.3,70.8,30.0,14.9,28.1
SUV,81.34,36.6,78.3,3.3,-1.4,1314.5
Sedan,59.6,38.9,92.8,30.0,35.0,74.8
Two-Wheeler,3.82,60.2,68.6,30.0,21.7,1.0
Hatchback,27.33,29.3,71.4,3.3,33.4,221.9
Sedan,61.2,20.0,89.4,7.2,21.2,398.3
Two-Wheeler,3.64,61.8,86.1,11.0,47.5,8.3
Sedan,51.08,46.8,56.4,7.2,-0.2,75.4
SUV,92.41,19.9,57.5,7.2,22.3,343.5
Two-Wheeler,2.54,8.3,99.2,3.3,2.0,96.5
SUV,92.39,22.5,62.0,11.0,46.8,321.4
Sedan,63.96,10.6,86.5,30.0,9.6,130.9
Sedan,58.39,4.4,47.5,3.3,31.9,503.5
Two-Wheeler,2.38,3.8,50.4,7.2,21.3,9.6
Sedan,64.25,53.5,99.1,30.0,8.2,118.6
Sedan,52.29,58.1,83.1,7.2,45.5,191.9
SUV,87.81,12.6,82.3,11.0,28.9,357.3
Two-Wheeler,3.6,51.9,74.9,11.0,33.3,4.9
Sedan,40.29,35.2,51.4,7.2,26.9,56.7
Sedan,49.36,51.9,98.3,60.0,22.7,30.7
Hatchback,27.64,60.1,74.1,3.3,9.3,87.2
Sedan,45.21,48.8,74.4,60.0,9.7,16.0
Two-Wheeler,2.25,6.8,92.2,30.0,46.1,7.0
SUV,67.75,12.6,40.9,3.3,31.2,418.4
SUV,89.96,19.5,40.8,3.3,25.9,388.8
SUV,65.67,17.8,57.6,30.0,28.4,60.8
Two-Wheeler,4.3,34.7,56.1,60.0,0.9,1.9
Sedan,47.47,24.4,48.3,3.3,-4.9,396.5
Sedan,45.14,54.0,76.0,30.0,-0.7,39.6
Two-Wheeler,3.53,12.2,68.8,30.0,37.2,5.0
Sedan,50.8,57.7,64.6,30.0,17.2,9.0
SUV,67.06,9.5,28.8,7.2,39.1,141.3
Sedan,62.73,22.6,81.4,30.0,14.3,91.8
Sedan,64.74,53.5,58.7,30.0,32.1,6.7
Sedan,43.93,35.6,87.7,11.0,10.3,173.4
Two-Wheeler,2.43,14.5,75.6,7.2,32.3,13.3
Hatchback,32.94,66.5,82.4,7.2,17.4,56.0
Hatchback,28.67,49.0,61.4,3.3,27.0,71.6
Sedan,53.74,17.3,46.4,7.2,22.8,141.0
Hatchback,37.37,35.8,45.2,60.0,5.0,5.8
SUV,66.08,50.6,79.9,3.3,-3.1,678.7
SUV,66.0,10.6,55.4,60.0,-2.8,62.2
Hatchback,33.44,56.9,64.8,11.0,42.6,18.8
Hatchback,25.73,18.6,85.9,7.2,1.6,259.5
Two-Wheeler,2.05,43.0,94.5,30.0,-1.3,4.8
Sedan,61.23,65.6,94.2,11.0,29.4,138.4
Two-Wheeler,3.89,14.5,77.1,30.0,37.0,5.6
Hatchback,35.99,63.3,74.5,30.0,24.2,8.8
Sedan,63.28,5.4,29.6,30.0,6.7,43.4
Two-Wheeler,3.0,18.5,79.2,30.0,30.8,3.9
SUV,90.21,9.0,82.4,11.0,27.7,445.3
Two-Wheeler,3.87,13.8,88.7,7.2,5.9,38.2
SUV,76.67,23.0,32.5,30.0,38.5,18.9
SUV,73.59,39.8,75.7,7.2,-4.9,496.0
Hatchback,29.26,68.9,80.4,30.0,3.1,11.5
Two-Wheeler,2.73,20.6,33.8,30.0,-2.2,1.5
Sedan,56.55,8.9,45.4,7.2,47.6,281.1
Sedan,41.99,29.5,49.6,60.0,44.9,11.4
Sedan,47.68,39.1,92.8,11.0,25.4,173.2
Sedan,42.44,53.5,67.2,30.0,41.1,15.4
Hatchback,29.29,2.6,79.7,11.0,32.9,130.6
Sedan,44.7,13.6,50.3,11.0,12.5,123.2
Sedan,64.72,7.8,77.3,7.2,25.1,433.2
SUV,96.64,47.9,65.7,30.0,9.3,46.7
Sedan,57.62,27.6,82.3,11.0,17.5,175.6
Hatchback,32.42,17.3,63.6,60.0,-4.5,30.9
Hatchback,26.06,33.0,75.1,30.0,7.0,32.3
SUV,99.1,22.9,42.9,30.0,47.2,71.4
Two-Wheeler,2.12,65.5,95.2,60.0,10.9,1.2
Hatchback,34.04,9.5,97.1,11.0,44.2,208.2
Two-Wheeler,3.67,62.5,72.0,3.3,29.3,7.2
Hatchback,34.71,61.3,82.7,30.0,35.2,15.6
Hatchback,38.15,51.2,94.7,30.0,28.4,42.0
SUV,76.32,52.9,87.1,60.0,38.2,29.3
Two-Wheeler,2.09,65.3,81.8,11.0,24.3,2.2
Two-Wheeler,2.87,41.8,85.9,30.0,27.3,2.9
SUV,84.63,18.2,48.1,60.0,38.0,29.7
Sedan,62.16,35.3,65.2,60.0,38.4,22.3
SUV,86.46,12.4,42.9,30.0,6.3,84.8
Sedan,44.96,6.9,30.1,11.0,27.8,59.6
Hatchback,34.14,46.2,83.0,11.0,47.3,105.3
SUV,95.34,44.2,72.5,11.0,34.3,184.5
SUV,91.85,45.4,59.7,30.0,22.3,30.8
Two-Wheeler,4.32,5.3,69.9,11.0,7.3,22.3
Hatchback,33.62,31.7,91.1,60.0,19.6,26.6
Hatchback,33.24,50.7,78.2,7.2,6.2,120.0
Two-Wheeler,4.13,67.2,87.8,7.2,38.9,9.2
Sedan,47.18,13.9,41.4,60.0,21.4,15.8
Hatchback,30.15,49.9,88.7,3.3,7.4,352.0
SUV,86.34,35.8,73.2,30.0,21.5,74.1
Two-Wheeler,4.22,45.5,63.9,30.0,46.6,2.4
Hatchback,33.34,50.3,74.2,60.0,13.9,9.6
Sedan,47.82,19.3,64.7,3.3,40.4,515.0
Hatchback,29.01,45.6,81.6,30.0,34.1,23.3
SUV,70.91,68.7,82.7,3.3,28.1,196.1
Sedan,50.95,14.8,48.5,11.0,5.1,156.9
Sedan,59.89,15.4,35.9,11.0,8.1,101.7
Sedan,60.49,23.9,50.5,7.2,15.0,179.4
Two-Wheeler,2.99,69.8,92.3,11.0,41.7,5.7
Hatchback,36.63,34.0,75.3,11.0,33.9,82.1
Hatchback,25.18,67.9,74.0,11.0,1.4,16.5
Two-Wheeler,2.76,62.8,86.9,30.0,36.4,1.5
Sedan,55.61,14.8,50.4,11.0,35.0,116.9
SUV,84.54,16.1,90.4,60.0,46.0,103.7
SUV,73.85,53.1,58.2,3.3,10.6,103.1
SUV,88.51,55.4,73.8,11.0,4.1,159.8
SUV,69.01,32.0,48.5,3.3,36.5,243.0
Two-Wheeler,2.03,24.1,82.6,60.0,41.2,1.3
Hatchback,36.27,33.3,77.0,60.0,14.5,19.7
Two-Wheeler,2.02,37.8,43.4,3.3,1.5,3.9
SUV,88.41,53.3,98.9,30.0,46.9,212.8
Sedan,54.04,5.0,27.3,7.2,40.2,123.1
SUV,90.78,57.0,94.9,11.0,42.4,312.1
SUV,68.89,67.9,80.1,30.0,15.7,20.9
Two-Wheeler,2.72,7.9,55.4,30.0,26.3,3.0
Hatchback,35.59,26.7,96.2,3.3,29.6,595.2
Hatchback,38.55,61.7,83.7,3.3,46.7,238.8
Sedan,58.91,64.2,75.3,60.0,5.4,10.6
Hatchback,28.97,30.4,46.5,30.0,44.1,14.3
Hatchback,25.34,69.6,84.6,3.3,26.9,84.8
Hatchback,26.44,45.2,99.6,60.0,4.5,33.3
SUV,67.64,28.3,47.0,30.0,-2.0,56.1
SUV,85.27,66.8,98.2,7.2,41.2,430.6
Hatchback,31.08,55.0,98.7,3.3,19.5,432.2
Two-Wheeler,3.56,55.0,98.7,60.0,32.6,2.4
SUV,93.14,20.0,99.0,60.0,-0.8,200.5
Two-Wheeler,2.69,60.5,67.6,60.0,45.5,1.0
SUV,99.69,3.8,55.5,11.0,34.0,280.8
Two-Wheeler,3.54,25.0,63.7,3.3,28.0,26.8
Two-Wheeler,2.6,14.7,77.2,7.2,2.1,23.4
Two-Wheeler,2.76,56.6,65.0,3.3,26.2,4.7
SUV,72.66,6.8,65.9,60.0,14.9,57.2
Sedan,59.88,10.7,71.2,60.0,-0.1,74.8
Sedan,52.36,32.7,86.0,3.3,22.7,582.1
Sedan,54.24,47.9,62.9,3.3,28.5,149.0
Hatchback,37.29,66.6,98.2,7.2,2.5,270.2
Sedan,49.55,14.1,55.3,30.0,23.8,44.7
Sedan,59.55,33.0,53.2,3.3,45.6,374.7
SUV,74.55,51.6,88.0,11.0,41.9,204.5
Sedan,47.04,68.3,73.9,30.0,20.8,6.8
Hatchback,34.5,34.1,94.5,30.0,25.6,51.2
Hatchback,31.65,43.3,65.3,60.0,6.2,10.6
Two-Wheeler,2.09,35.1,79.4,7.2,-2.2,16.7
Hatchback,25.61,8.6,75.5,7.2,23.6,169.0
Hatchback,39.44,21.4,69.3,30.0,24.6,41.3
Sedan,53.19,19.9,77.6,60.0,9.0,40.2
Sedan,43.44,50.6,75.0,11.0,40.9,69.7
Hatchback,31.43,50.5,62.4,7.2,13.1,40.4
Hatchback,38.68,44.9,75.1,7.2,1.8,164.4
Hatchback,30.41,63.4,79.5,30.0,3.5,16.2
Hatchback,32.75,64.9,94.7,11.0,47.6,118.9
Sedan,53.47,26.2,43.7,11.0,38.7,61.4
Hatchback,28.94,18.3,23.8,60.0,14.1,2.3
Sedan,57.21,30.2,36.0,3.3,11.8,80.4
Hatchback,37.91,26.0,47.6,60.0,0.7,17.3
Sedan,56.74,19.6,79.6,3.3,15.8,762.5
Hatchback,35.35,48.6,81.3,7.2,12.1,129.4
SUV,86.15,55.1,65.6,3.3,38.3,197.7
Two-Wheeler,2.08,62.9,69.9,60.0,15.1,1.0
SUV,77.06,63.7,74.2,7.2,23.6,78.7
Two-Wheeler,4.34,68.6,80.7,7.2,20.1,4.7
SUV,69.81,31.1,79.1,60.0,29.5,37.3
Sedan,58.35,52.7,80.8,3.3,33.8,330.6
Sedan,41.86,23.3,42.9,3.3,4.9,238.7
Sedan,53.59,58.9,78.1,30.0,16.6,25.6
Two-Wheeler,3.51,10.6,31.7,30.0,4.1,2.5
Hatchback,36.68,23.6,94.2,3.3,9.4,821.2
Sedan,44.21,59.5,69.9,60.0,21.3,4.5
Hatchback,25.56,18.3,43.4,3.3,16.6,127.0
Two-Wheeler,3.43,51.3,91.6,3.3,46.2,48.7
Sedan,44.39,51.0,65.3,3.3,8.1,151.8
SUV,78.89,33.9,54.6,11.0,-0.4,161.0
SUV,82.92,6.0,24.3,7.2,0.4,238.4
Sedan,40.42,33.1,79.3,30.0,14.2,46.7
Sedan,43.84,22.1,53.1,7.2,16.0,135.3
Hatchback,34.59,3.6,48.9,7.2,44.2,177.2
Two-Wheeler,3.37,68.8,92.6,7.2,26.3,9.1
SUV,71.82,41.4,65.1,60.0,19.8,21.1
Two-Wheeler,2.46,40.3,95.8,30.0,8.6,4.3
Hatchback,33.16,17.6,79.8,11.0,28.4,119.0
SUV,77.59,25.8,98.8,11.0,16.5,483.0
Hatchback,33.99,37.9,47.3,7.2,3.9,46.9
Hatchback,28.46,68.7,90.9,3.3,8.0,211.1
Two-Wheeler,3.61,13.6,79.5,11.0,-2.8,26.8
Two-Wheeler,3.77,47.7,65.1,11.0,15.4,4.3
Hatchback,31.25,38.9,90.0,3.3,46.0,531.3
Hatchback,26.96,57.5,72.0,60.0,16.7,4.7
Sedan,56.28,19.1,85.5,11.0,44.1,297.6
SUV,89.68,22.0,38.9,7.2,10.1,162.9
SUV,76.8,28.9,83.7,7.2,40.5,425.8
Sedan,60.24,45.6,62.3,3.3,14.9,258.7
Two-Wheeler,4.11,30.0,38.5,11.0,34.1,2.0
Two-Wheeler,3.19,54.5,60.4,11.0,26.0,1.2
Sedan,46.89,64.4,75.6,30.0,24.0,11.7
SUV,71.33,30.5,81.0,11.0,28.1,197.5
Hatchback,38.9,28.7,41.8,60.0,30.4,5.7
Sedan,57.43,56.6,77.3,30.0,21.6,25.4
Two-Wheeler,2.87,20.2,43.9,30.0,22.1,1.5
Hatchback,38.74,23.0,51.9,60.0,9.9,14.8
Two-Wheeler,3.57,7.3,62.5,30.0,39.9,4.9
Sedan,46.42,24.3,57.5,60.0,2.5,24.7
Hatchback,25.08,41.3,53.5,7.2,-0.1,48.7
Two-Wheeler,3.65,36.3,93.2,11.0,1.6,21.8
Hatchback,38.55,17.9,96.0,11.0,41.0,241.0
Hatchback,28.65,11.7,49.0,11.0,23.4,63.5
Hatchback,29.92,13.0,36.2,7.2,23.1,64.0
SUV,90.77,69.2,82.4,60.0,4.7,19.7
Two-Wheeler,4.3,42.2,97.8,7.2,43.4,33.2
SUV,75.48,52.4,81.7,11.0,-1.6,256.6
Hatchback,38.99,19.0,81.2,30.0,28.6,48.2
SUV,71.71,12.4,71.0,7.2,40.9,432.5
SUV,88.6,7.3,33.3,7.2,39.9,219.2
SUV,81.26,52.0,72.9,60.0,32.2,19.5
SUV,99.43,23.2,92.6,3.3,-3.8,2934.5
Two-Wheeler,2.04,28.5,87.2,60.0,-4.8,2.4
Hatchback,27.01,8.0,34.6,7.2,5.6,105.8
Sedan,43.24,56.9,90.9,3.3,19.8,349.2
Sedan,64.34,61.0,74.9,7.2,19.4,82.4
Two-Wheeler,2.3,67.0,94.9,60.0,21.7,1.0
SUV,93.55,39.2,89.5,11.0,40.8,374.8
Two-Wheeler,3.12,19.4,27.7,3.3,29.4,5.1
Two-Wheeler,3.55,14.9,95.0,3.3,31.9,62.4
Two-Wheeler,2.16,2.8,44.2,60.0,3.3,1.5
SUV,92.42,27.0,51.9,60.0,13.2,32.8
Two-Wheeler,2.61,19.0,78.4,60.0,27.7,1.6
Hatchback,31.26,64.6,98.6,60.0,40.4,20.7
Hatchback,26.71,60.5,76.1,11.0,44.0,31.6
Two-Wheeler,4.08,28.4,40.5,11.0,36.5,2.9
Hatchback,38.74,28.7,78.1,60.0,-4.1,40.3
Sedan,46.61,61.5,80.2,11.0,38.6,52.1
Two-Wheeler,3.68,47.4,58.3,60.0,34.6,1.0
Hatchback,38.01,49.8,77.4,30.0,40.2,25.1
Hatchback,38.67,11.4,58.1,30.0,1.6,67.3
Two-Wheeler,2.28,26.0,68.0,30.0,31.7,2.1
SUV,71.09,45.7,69.7,30.0,3.2,65.5
Two-Wheeler,2.6,12.7,80.6,60.0,47.5,2.9
SUV,70.15,17.5,33.4,30.0,30.3,27.0
SUV,70.91,7.5,59.2,30.0,23.1,80.4
Two-Wheeler,3.05,60.2,92.3,30.0,12.8,2.9
Hatchback,31.97,51.0,98.1,11.0,-3.2,215.8
Two-Wheeler,3.1,60.4,77.6,60.0,46.7,1.0
SUV,92.64,68.2,77.6,60.0,13.7,11.8
Sedan,46.71,37.8,53.8,60.0,32.5,9.0
Sedan,57.15,13.3,96.3,3.3,41.6,1296.1
Hatchback,33.94,56.9,97.8,7.2,17.2,211.2
Sedan,48.74,69.5,98.4,3.3,16.9,423.7
SUV,79.81,53.2,84.5,11.0,30.0,142.0
SUV,89.14,46.1,85.1,30.0,42.2,94.8
Hatchback,25.52,49.6,69.8,3.3,21.8,107.9
Sedan,54.71,10.5,49.8,60.0,11.6,31.1
Two-Wheeler,3.98,28.4,96.2,60.0,9.6,4.2
Two-Wheeler,3.09,14.8,39.1,11.0,38.6,4.6
Hatchback,35.22,6.1,21.5,60.0,33.3,6.0
SUV,79.22,52.7,84.7,7.2,5.3,361.7
Sedan,59.8,15.1,83.5,60.0,22.6,46.4
Hatchback,39.65,31.3,40.4,30.0,7.2,11.3
Two-Wheeler,2.46,16.9,93.9,30.0,41.7,5.0
Hatchback,38.99,25.1,66.2,3.3,19.2,372.2
SUV,98.52,67.2,97.7,7.2,13.9,487.6
Sedan,51.89,18.9,71.6,7.2,41.0,281.5
SUV,80.1,37.0,94.9,11.0,-0.8,631.5
Hatchback,36.63,27.7,97.6,3.3,46.9,953.9
Two-Wheeler,4.33,27.6,59.1,11.0,20.1,8.4
Hatchback,33.04,67.7,74.5,3.3,-0.4,87.2
Sedan,40.02,32.7,57.0,60.0,3.9,17.2
Sedan,56.32,22.7,49.9,7.2,8.9,190.0
SUV,90.6,68.6,79.6,11.0,3.6,90.7
Hatchback,32.63,50.2,74.0,7.2,14.7,81.1
Two-Wheeler,2.0,14.8,68.7,11.0,-4.1,11.8
Sedan,51.05,5.3,88.8,11.0,-0.2,482.0
Sedan,44.47,6.8,22.5,60.0,40.2,7.5
Hatchback,39.21,54.3,82.5,11.0,43.5,74.1
Hatchback,35.8,52.9,72.8,11.0,20.2,44.8
Sedan,48.8,35.5,49.9,3.3,3.6,236.1
Two-Wheeler,3.74,11.9,71.9,60.0,20.7,2.5
Sedan,51.9,21.6,83.9,60.0,3.4,56.1
Two-Wheeler,2.86,54.5,96.8,60.0,43.7,1.9
Sedan,52.26,39.5,63.6,3.3,-0.9,451.9
SUV,80.67,20.6,58.0,7.2,26.2,308.5
Hatchback,30.95,19.7,29.5,7.2,28.6,28.0
Sedan,63.98,55.7,96.2,7.2,19.9,323.4
SUV,85.58,47.4,73.0,30.0,2.0,87.0
Two-Wheeler,3.52,27.1,64.8,7.2,28.9,11.5
SUV,73.24,13.8,65.6,3.3,15.9,768.7
SUV,91.86,5.7,44.7,3.3,19.2,822.6
Sedan,57.74,17.4,71.2,3.3,15.0,729.9
Two-Wheeler,4.39,25.6,41.2,11.0,14.1,5.4
SUV,97.15,15.5,94.5,3.3,16.4,1897.0
Hatchback,25.97,30.1,53.4,30.0,3.9,21.8
Two-Wheeler,3.46,28.5,98.4,3.3,43.0,70.0
Hatchback,27.53,34.0,88.5,60.0,10.2,24.0
Hatchback,38.09,31.9,49.4,7.2,-2.2,120.4
Two-Wheeler,3.7,35.8,64.7,30.0,27.8,2.3
Two-Wheeler,2.64,54.9,77.6,7.2,-2.6,10.0
SUV,67.69,30.5,96.7,7.2,37.5,477.2
Two-Wheeler,3.29,56.7,93.9,30.0,12.9,3.6
Hatchback,35.28,11.3,55.8,7.2,46.2,230.7
Hatchback,25.28,66.6,91.7,3.3,32.6,163.0
Hatchback,33.38,54.2,80.0,11.0,11.3,62.3
Two-Wheeler,2.14,34.2,60.2,30.0,42.5,1.4
Two-Wheeler,3.14,57.3,97.4,30.0,-0.6,6.7
Sedan,55.79,39.7,68.5,30.0,34.7,39.1
Two-Wheeler,2.81,67.4,83.6,11.0,6.1,3.6
Sedan,53.96,54.2,68.3,30.0,24.6,17.1
Hatchback,27.05,16.8,40.9,60.0,18.2,7.9
Two-Wheeler,3.83,2.6,89.6,11.0,40.2,22.2
Two-Wheeler,3.43,23.3,63.5,3.3,25.1,27.6
Sedan,61.43,43.3,53.7,30.0,2.2,25.4
Two-Wheeler,3.89,37.3,76.9,30.0,46.7,5.6
Hatchback,39.53,64.5,69.7,7.2,16.3,20.0
Two-Wheeler,2.08,4.5,60.6,3.3,7.2,31.6
Sedan,58.15,59.4,90.5,3.3,2.2,599.3
Sedan,46.48,68.8,85.5,60.0,-2.8,17.3
Hatchback,37.87,26.2,83.9,11.0,36.7,143.5
SUV,81.78,15.8,53.8,30.0,40.4,75.1
SUV,67.85,47.3,88.5,30.0,45.3,97.5
SUV,98.02,55.9,61.0,3.3,32.8,100.4
Sedan,47.07,51.6,64.7,30.0,39.2,15.7
Sedan,43.3,28.1,77.0,3.3,20.5,402.4
SUV,84.57,36.5,66.0,60.0,46.9,40.9
SUV,82.23,48.1,54.1,3.3,40.4,109.9
SUV,71.07,61.3,78.4,30.0,4.9,40.1
Hatchback,30.69,4.4,59.7,7.2,19.1,180.0
Sedan,49.58,67.8,82.5,3.3,37.0,140.1
Two-Wheeler,4.5,46.1,83.6,3.3,17.6,37.2
Two-Wheeler,2.21,13.7,89.1,60.0,-0.8,3.1
Two-Wheeler,3.02,32.4,48.7,3.3,-0.7,16.9
SUV,90.8,51.4,59.4,11.0,18.2,45.3
Two-Wheeler,4.14,66.7,81.1,11.0,2.0,5.6
Two-Wheeler,3.71,10.1,96.0,3.3,29.9,72.4
Two-Wheeler,2.51,13.4,81.1,11.0,-5.0,18.3
Sedan,55.11,28.4,74.1,3.3,36.5,548.7
Sedan,54.89,28.0,98.6,60.0,38.0,54.4
Two-Wheeler,4.31,41.8,71.4,3.3,-0.9,47.6
Two-Wheeler,2.48,28.6,36.0,7.2,26.7,1.6
SUV,65.8,13.9,81.5,30.0,25.5,102.3
SUV,79.58,19.9,81.5,30.0,14.1,136.0
Hatchback,27.25,40.5,51.1,60.0,46.8,5.0
Two-Wheeler,2.92,59.5,91.7,60.0,7.3,1.6
Two-Wheeler,2.05,22.4,79.0,7.2,4.5,15.9
SUV,75.86,8.9,65.3,30.0,2.0,161.9
Hatchback,29.0,48.1,68.7,3.3,43.7,157.5
Hatchback,34.98,3.5,22.1,60.0,9.3,10.0
SUV,72.18,49.5,67.2,30.0,30.4,30.6
Hatchback,32.42,68.7,90.7,7.2,13.6,90.1
Sedan,40.78,47.9,62.5,11.0,23.3,38.1
Sedan,40.44,23.9,56.1,30.0,35.9,26.8
Hatchback,27.09,44.3,60.3,3.3,-3.7,173.7
Sedan,53.79,32.6,58.4,7.2,10.3,160.9
Hatchback,31.91,60.1,99.9,60.0,21.3,20.9
Two-Wheeler,2.77,46.8,63.3,3.3,26.4,8.9
Two-Wheeler,3.34,52.1,83.0,60.0,17.3,1.1
Sedan,48.64,52.9,63.2,30.0,33.1,11.1
Hatchback,37.59,39.4,85.3,3.3,1.6,587.3
Sedan,51.67,22.1,64.9,60.0,14.7,28.7
Hatchback,32.95,24.6,41.2,3.3,31.1,109.5
Two-Wheeler,3.22,30.8,94.3,7.2,29.5,21.1
SUV,85.52,17.3,37.5,3.3,47.3,509.7
Sedan,40.7,56.1,83.5,7.2,11.5,129.5
Sedan,41.59,51.8,94.1,60.0,22.6,21.0
Two-Wheeler,3.8,30.9,60.2,7.2,28.7,10.8
Two-Wheeler,2.94,34.6,99.6,7.2,37.3,28.0
Two-Wheeler,4.24,55.0,86.1,7.2,32.8,12.1
Two-Wheeler,2.79,34.1,82.4,3.3,36.5,27.7
Two-Wheeler,3.87,69.6,79.9,7.2,-1.3,6.6
Two-Wheeler,3.8,28.3,57.0,3.3,44.9,27.9
Hatchback,25.24,14.5,48.6,11.0,30.3,54.4
Sedan,49.13,55.8,71.6,7.2,42.3,79.3
Sedan,49.44,51.9,68.5,7.2,38.8,74.2
Hatchback,27.42,2.1,45.2,30.0,7.0,37.0
Hatchback,34.48,43.2,50.1,11.0,32.5,13.6
Hatchback,33.73,11.8,71.6,11.0,44.8,158.4
Sedan,47.74,66.9,90.7,3.3,12.2,342.1
Two-Wheeler,4.31,28.5,46.3,3.3,-1.0,26.9
Sedan,57.04,46.8,66.9,30.0,37.0,28.5
Sedan,55.39,15.1,88.7,30.0,-0.5,172.9
Two-Wheeler,2.25,6.2,99.0,11.0,25.2,15.5
Hatchback,31.95,59.6,94.8,60.0,34.8,16.6
Hatchback,34.41,29.8,84.8,60.0,-1.1,39.9
SUV,87.03,37.7,81.3,30.0,45.3,132.7
SUV,75.27,65.6,76.1,7.2,14.5,84.1
Two-Wheeler,2.08,67.3,74.0,30.0,22.7,1.0
SUV,74.93,57.6,83.7,30.0,11.6,51.4
Two-Wheeler,3.23,35.4,68.3,30.0,23.6,2.0
Sedan,49.71,53.0,98.5,3.3,3.1,1032.0
Sedan,64.26,50.6,80.2,60.0,7.4,26.9
Sedan,57.35,62.0,95.9,30.0,-0.7,104.7
Hatchback,38.65,38.3,80.0,7.2,13.3,180.4
SUV,97.91,30.0,89.3,7.2,3.2,862.0
SUV,75.27,47.4,59.1,3.3,23.4,182.9
Sedan,40.89,53.3,94.5,60.0,47.8,35.3
Hatchback,33.36,54.0,94.7,30.0,23.0,32.4
Sedan,42.8,42.1,50.7,60.0,18.1,3.9
SUV,68.5,58.4,72.4,7.2,21.6,87.8
Hatchback,30.74,57.9,77.2,60.0,13.5,6.7
SUV,95.63,47.0,54.5,11.0,23.7,40.7
Sedan,58.88,40.5,93.2,30.0,29.0,75.7
SUV,95.05,19.7,35.4,7.2,34.9,135.9
Sedan,60.74,14.6,78.5,7.2,13.0,396.6
Two-Wheeler,2.39,58.1,85.9,30.0,40.5,1.7
SUV,99.51,49.8,96.3,30.0,17.0,137.1
Two-Wheeler,2.84,44.4,67.6,11.0,45.3,6.2
Hatchback,34.54,59.2,77.3,60.0,30.1,6.6
Sedan,41.79,55.9,77.4,11.0,47.2,90.0
Sedan,46.65,44.8,87.8,30.0,20.0,43.5
Sedan,43.43,36.0,92.1,60.0,15.7,33.3
Hatchback,31.02,69.4,78.6,11.0,13.4,18.5
Two-Wheeler,2.38,10.1,37.5,60.0,27.3,1.0
SUV,83.69,45.3,79.1,7.2,27.6,257.9
Sedan,56.88,51.0,73.5,60.0,45.1,23.0
SUV,80.69,3.3,98.8,11.0,2.5,937.4
Sedan,48.15,30.5,72.4,7.2,-4.5,350.3
Hatchback,36.09,47.9,99.6,30.0,-2.5,105.5
SUV,71.96,62.6,72.2,11.0,21.7,44.0
Sedan,59.76,49.6,86.4,11.0,6.4,194.9
Sedan,42.65,28.5,89.6,30.0,16.7,58.5
Hatchback,38.64,8.2,88.4,60.0,21.2,34.6
Sedan,63.93,56.2,78.6,7.2,14.1,160.6
SUV,80.47,26.1,75.5,7.2,28.7,342.5
Sedan,41.13,28.0,64.7,7.2,0.6,233.1
Two-Wheeler,3.23,68.9,97.8,7.2,16.1,13.6
SUV,77.01,60.3,75.4,11.0,17.6,80.7
SUV,82.89,61.2,77.3,7.2,46.0,201.6
Sedan,41.5,38.5,52.5,30.0,28.3,14.3
SUV,97.37,62.6,91.4,11.0,33.1,206.7
Hatchback,28.05,28.4,40.7,7.2,11.9,37.3
Two-Wheeler,2.26,50.1,66.2,3.3,20.3,7.7
SUV,68.45,55.4,89.6,7.2,27.3,232.0
Two-Wheeler,2.88,24.4,73.7,30.0,3.8,4.7
Hatchback,32.73,7.6,70.5,60.0,41.1,24.7
SUV,71.9,57.7,72.2,30.0,28.4,22.2
Sedan,62.51,63.3,79.1,7.2,13.4,104.7
Two-Wheeler,2.76,3.4,17.0,7.2,29.9,3.1
Sedan,63.26,22.1,42.3,3.3,22.7,246.3
Two-Wheeler,2.76,52.5,79.7,60.0,26.6,1.0
Two-Wheeler,4.05,39.0,66.5,3.3,30.8,23.5
Two-Wheeler,2.34,4.0,60.8,60.0,8.6,2.1
Sedan,59.26,67.3,89.3,3.3,35.9,320.9
Two-Wheeler,2.82,2.2,65.5,60.0,45.2,3.0
SUV,96.65,2.7,56.8,3.3,40.2,1219.5
SUV,73.14,68.0,74.2,30.0,28.5,10.0
Sedan,46.76,3.0,27.1,3.3,3.2,353.1
Two-Wheeler,3.53,47.6,91.5,3.3,14.5,37.3
SUV,69.99,37.6,76.9,3.3,36.8,579.7
Sedan,43.99,52.7,60.8,60.0,41.7,4.6
Hatchback,34.3,39.9,73.8,30.0,43.9,28.5
Sedan,49.05,5.1,44.1,30.0,3.0,69.3
Two-Wheeler,3.96,42.2,49.2,3.3,29.2,5.8
Hatchback,30.35,62.8,68.9,3.3,43.7,48.1
Hatchback,31.97,69.2,75.7,7.2,11.9,22.4
Hatchback,34.77,60.7,72.2,30.0,23.9,10.3
SUV,96.14,15.5,29.9,7.2,9.9,156.8
Two-Wheeler,4.23,43.9,95.8,30.0,23.8,5.4
Hatchback,32.1,2.4,98.7,60.0,21.3,44.4
SUV,77.67,26.4,55.7,11.0,25.7,146.2
Two-Wheeler,3.31,22.9,61.2,11.0,4.5,10.0
Two-Wheeler,2.71,68.5,81.4,11.0,40.8,2.5
Hatchback,35.79,43.4,72.2,60.0,20.0,12.0
Sedan,54.19,41.9,56.5,60.0,17.9,8.5
Hatchback,33.21,18.4,74.5,7.2,15.0,197.1
Sedan,56.77,29.4,95.4,30.0,12.4,102.0
Two-Wheeler,2.55,34.2,40.5,30.0,12.5,1.0
Sedan,45.52,3.7,10.9,30.0,35.5,7.2
Hatchback,28.02,17.1,84.9,30.0,31.1,41.2
Two-Wheeler,4.18,59.6,69.4,60.0,3.8,1.0
Two-Wheeler,3.37,36.4,84.5,11.0,26.5,9.9
Hatchback,29.54,61.2,79.8,3.3,41.2,119.6
SUV,95.96,27.6,69.7,60.0,32.6,47.0
Sedan,58.25,64.2,78.5,3.3,15.9,209.2
Sedan,63.15,11.6,37.6,7.2,-3.1,243.1
Hatchback,34.83,15.7,95.2,7.2,13.5,337.6
Two-Wheeler,2.34,48.8,59.3,30.0,38.8,1.0
Two-Wheeler,3.77,7.2,97.8,3.3,19.0,82.7
SUV,80.75,55.1,80.9,7.2,29.1,201.8
Hatchback,32.93,37.6,57.1,60.0,-0.9,14.3
SUV,84.15,19.9,69.5,60.0,13.6,60.6
Sedan,44.18,41.8,85.8,30.0,-1.7,75.3
Two-Wheeler,4.03,20.9,37.3,3.3,1.9,20.6
SUV,81.41,59.5,68.2,7.2,8.8,93.6
Sedan,55.58,59.7,90.5,30.0,32.1,42.4
Hatchback,25.11,50.6,91.8,60.0,7.0,17.8
Two-Wheeler,4.05,30.6,59.0,7.2,21.6,11.8
Hatchback,35.62,66.4,78.7,30.0,6.0,13.7
SUV,87.52,67.0,84.8,3.3,6.4,374.9
Two-Wheeler,2.28,30.3,41.0,7.2,-0.6,4.2
SUV,81.07,51.9,80.3,11.0,40.6,183.8
Two-Wheeler,2.1,50.0,55.5,3.3,15.9,2.7
Two-Wheeler,3.12,59.5,87.4,11.0,16.3,6.0
Sedan,45.65,54.7,78.5,11.0,28.8,64.3
Two-Wheeler,3.47,52.6,71.2,3.3,45.1,16.6
SUV,87.4,42.3,63.4,11.0,-1.7,221.0
Sedan,61.05,27.5,33.4,11.0,1.7,38.1
SUV,66.12,57.7,88.5,30.0,12.1,59.7
Hatchback,26.05,26.7,58.4,60.0,46.0,15.2
Sedan,49.55,62.5,83.2,60.0,29.1,11.1
SUV,95.13,29.1,91.5,7.2,24.1,575.8
Two-Wheeler,2.36,12.1,86.8,3.3,41.2,43.8
Hatchback,30.91,14.5,19.8,7.2,39.5,16.1
Two-Wheeler,2.33,65.0,80.9,3.3,29.3,7.5
SUV,91.13,6.5,37.9,11.0,12.1,210.9
Hatchback,37.98,27.5,72.4,30.0,22.4,37.0
SUV,73.57,3.1,97.1,11.0,45.8,679.5
Sedan,40.5,15.3,89.8,3.3,3.1,1099.5
Hatchback,32.16,46.5,78.8,30.0,25.3,22.8
SUV,83.71,35.3,72.6,11.0,20.8,195.5
Two-Wheeler,2.12,66.0,88.0,60.0,-2.5,1.0
SUV,89.12,37.4,68.2,11.0,9.7,191.4
Two-Wheeler,3.06,49.3,55.1,60.0,18.8,1.0
Two-Wheeler,3.34,40.5,53.1,60.0,10.7,1.0
SUV,67.87,67.3,98.7,30.0,4.9,116.1
Hatchback,39.38,32.1,56.8,7.2,42.4,104.7
Sedan,60.22,28.1,85.8,60.0,35.1,37.3
Two-Wheeler,3.25,59.3,92.6,30.0,43.0,3.4
Sedan,44.45,20.9,59.4,60.0,7.9,25.9
Two-Wheeler,3.15,37.5,92.7,3.3,8.7,45.0
Two-Wheeler,2.41,19.2,91.0,7.2,3.1,26.6
Two-Wheeler,3.36,26.3,42.3,7.2,14.3,6.3
Two-Wheeler,3.43,66.4,92.8,11.0,37.6,7.0
SUV,77.06,34.9,46.7,11.0,22.5,54.9
Hatchback,28.52,17.1,50.7,11.0,23.5,55.9
Sedan,54.63,9.7,33.8,30.0,27.0,27.9
SUV,71.02,64.6,83.3,7.2,6.3,167.9
Sedan,46.64,58.2,96.6,7.2,19.8,225.8
Sedan,55.84,51.5,87.9,7.2,-2.8,331.9
Hatchback,32.98,66.1,74.1,30.0,47.5,8.9
Sedan,62.47,36.3,58.1,3.3,25.3,276.3
SUV,92.09,46.6,67.2,60.0,-3.6,37.9
SUV,68.96,42.1,87.1,3.3,16.7,693.3
Two-Wheeler,2.7,5.0,30.0,60.0,18.7,1.0
SUV,85.61,40.5,72.1,11.0,3.4,284.2
Sedan,46.75,14.8,35.2,7.2,27.2,90.6
SUV,73.25,11.7,74.3,7.2,20.2,413.5
SUV,67.98,58.0,64.5,7.2,14.5,52.3
Two-Wheeler,3.2,56.3,79.9,30.0,39.3,1.5
SUV,66.08,41.3,67.9,11.0,31.1,120.4
SUV,86.3,51.8,92.9,11.0,0.6,429.5
Two-Wheeler,2.71,44.7,63.9,60.0,37.6,1.0
Hatchback,35.48,35.3,72.6,60.0,36.3,13.8
Hatchback,29.49,48.4,58.1,3.3,30.0,58.7
SUV,94.89,34.7,89.9,7.2,-0.9,832.1
Hatchback,31.72,62.0,88.3,3.3,-4.1,319.6
Two-Wheeler,2.23,17.0,76.5,30.0,8.2,3.4
Sedan,48.59,19.2,55.1,7.2,4.7,253.3
Two-Wheeler,3.82,21.9,46.1,7.2,20.6,9.0
Sedan,44.28,54.7,73.9,3.3,40.3,191.1
SUV,86.77,13.5,19.5,60.0,41.7,6.7
SUV,71.43,26.1,67.2,7.2,20.3,300.6
Sedan,58.66,63.8,70.0,3.3,34.8,73.6
Two-Wheeler,2.15,22.0,35.2,11.0,7.3,2.3
Hatchback,38.43,46.3,67.1,60.0,45.0,10.4
SUV,88.86,24.4,91.8,30.0,21.5,144.4
Hatchback,25.32,69.2,90.2,3.3,31.3,127.5
Two-Wheeler,2.71,58.8,81.4,11.0,15.4,4.2
Sedan,49.05,55.5,94.0,7.2,15.1,246.6
Two-Wheeler,2.95,44.7,56.5,60.0,17.7,1.0
Sedan,45.85,34.3,57.1,7.2,38.3,102.3
Two-Wheeler,3.1,8.7,26.4,3.3,2.2,17.1
Sedan,40.02,36.8,53.5,11.0,33.0,38.2
SUV,74.68,50.4,83.6,3.3,38.9,555.2
Sedan,60.88,12.9,24.8,3.3,44.8,193.8
SUV,73.97,7.8,61.6,7.2,41.1,412.7
Sedan,54.96,2.7,48.8,30.0,-3.1,95.5
Two-Wheeler,4.22,16.6,57.0,3.3,41.5,36.0
Sedan,51.56,54.4,77.4,3.3,6.5,338.1
Hatchback,32.71,10.5,92.0,11.0,43.8,213.1
Two-Wheeler,2.43,41.8,57.4,7.2,27.6,3.1
SUV,72.91,8.2,40.5,3.3,41.7,554.5
SUV,78.44,23.6,40.9,30.0,39.1,32.2
Two-Wheeler,3.44,30.2,35.6,3.3,11.2,4.6
SUV,80.66,56.3,98.8,30.0,16.3,117.2
Sedan,44.16,5.7,52.6,60.0,20.9,24.1
Hatchback,31.66,35.9,67.2,11.0,42.6,78.8
Sedan,43.87,61.6,99.0,30.0,45.7,78.6
Two-Wheeler,3.68,6.6,36.6,30.0,36.7,2.6
Hatchback,33.8,41.5,66.3,30.0,41.9,22.8
Sedan,60.96,53.6,99.1,3.3,1.4,1432.7
Hatchback,28.72,15.9,77.7,7.2,45.0,209.1
Sedan,50.0,18.4,28.7,7.2,35.7,51.6
SUV,79.99,6.9,38.5,30.0,-1.0,103.9
Sedan,62.37,21.5,39.4,30.0,20.2,23.5
Hatchback,39.16,8.0,75.6,11.0,30.1,176.0
SUV,78.37,23.9,52.7,7.2,33.3,219.8
Sedan,52.49,13.8,73.2,30.0,14.8,78.7
Two-Wheeler,2.8,21.3,61.5,11.0,22.6,6.2
Hatchback,33.0,40.8,96.1,11.0,0.4,241.1
SUV,74.07,55.8,75.0,3.3,-3.6,537.2
Hatchback,38.9,66.1,79.1,11.0,38.5,33.5
SUV,68.99,58.9,85.8,11.0,45.6,187.8
Hatchback,37.86,23.6,90.2,11.0,1.1,303.8
Two-Wheeler,2.06,61.1,67.4,60.0,29.9,1.0
Two-Wheeler,4.1,7.8,87.0,3.3,47.1,95.3
Two-Wheeler,3.56,68.7,94.7,60.0,31.0,1.5
Hatchback,32.25,59.9,88.6,11.0,2.6,99.5
Hatchback,25.24,36.7,55.3,11.0,7.6,38.2
SUV,96.44,38.3,95.9,7.2,33.6,650.2
Hatchback,38.37,50.1,61.1,3.3,44.6,96.1
SUV,75.36,60.5,79.9,3.3,37.8,318.5
Two-Wheeler,2.49,61.9,72.9,3.3,44.6,6.8
SUV,68.39,39.3,46.3,60.0,8.6,6.8
Sedan,62.29,42.1,85.5,3.3,14.0,706.4
SUV,96.91,11.9,39.1,60.0,39.6,31.7
Hatchback,31.97,31.8,72.1,7.2,20.9,124.8
SUV,80.71,14.1,34.5,7.2,31.5,169.0
SUV,96.95,44.5,97.6,7.2,15.9,678.3
Hatchback,39.66,6.1,16.3,11.0,40.8,28.9
Two-Wheeler,2.24,9.6,42.9,60.0,33.5,1.0
Hatchback,34.44,42.5,77.4,60.0,16.5,15.0
SUV,99.03,9.5,53.5,60.0,26.4,47.2
Hatchback,39.74,30.2,53.7,7.2,36.3,92.7
Two-Wheeler,2.27,5.7,94.9,60.0,18.6,2.7
Two-Wheeler,4.49,69.9,99.1,30.0,3.3,7.9
SUV,77.49,14.1,47.9,3.3,8.1,739.7
Sedan,44.34,10.8,29.7,60.0,25.0,9.4
Sedan,50.55,67.2,87.2,30.0,36.6,24.6
Hatchback,34.19,21.6,67.0,3.3,29.5,330.7
Two-Wheeler,4.01,13.7,29.2,3.3,11.8,14.1
Hatchback,36.36,55.7,78.7,7.2,4.7,121.2
SUV,65.18,43.3,97.2,60.0,44.2,59.5
Two-Wheeler,3.54,51.6,97.5,30.0,19.7,4.8
Hatchback,39.19,61.2,67.0,30.0,41.8,5.7
Hatchback,36.12,10.6,24.1,60.0,9.7,7.6
Hatchback,38.36,10.6,99.1,3.3,9.0,1130.9
Sedan,47.53,33.0,85.9,30.0,-1.6,112.5
Two-Wheeler,2.83,6.0,27.7,30.0,30.9,1.3
Hatchback,32.76,18.4,94.1,7.2,42.7,293.2
Hatchback,34.11,44.7,80.8,3.3,10.7,311.2
Two-Wheeler,3.95,38.1,58.5,3.3,43.5,19.1
SUV,86.76,43.8,76.0,60.0,4.7,45.4
Sedan,53.65,48.8,71.0,11.0,32.3,81.7
Hatchback,39.79,42.2,67.4,60.0,10.3,14.1
Sedan,60.35,29.8,92.2,7.2,17.9,428.1
Hatchback,39.63,40.3,79.2,3.3,1.6,492.6
Hatchback,31.35,34.2,71.8,11.0,37.6,72.3
Two-Wheeler,2.28,38.1,81.7,60.0,46.4,1.6
Hatchback,36.79,58.6,97.0,30.0,13.3,50.7
SUV,81.43,49.0,68.9,60.0,8.6,24.2
SUV,85.24,60.6,75.5,3.3,-3.3,486.4
SUV,80.67,54.2,68.0,30.0,29.0,27.8
Sedan,57.1,63.9,72.8,60.0,24.2,5.9
Hatchback,33.24,48.6,96.2,60.0,2.6,37.9
Sedan,42.92,40.1,61.9,7.2,3.8,135.5
Sedan,49.77,43.5,59.5,3.3,43.2,202.6
SUV,75.65,12.7,99.9,7.2,33.0,778.0
SUV,87.22,54.3,73.3,60.0,6.5,27.9
Two-Wheeler,4.46,11.9,28.1,11.0,27.9,4.4
Sedan,50.3,26.6,37.5,11.0,37.0,33.3
Sedan,52.39,63.4,97.6,60.0,24.6,29.3
Two-Wheeler,2.29,49.6,56.9,3.3,32.7,3.6
Two-Wheeler,2.9,64.9,91.3,7.2,34.8,7.8
Hatchback,27.56,66.0,82.5,60.0,24.8,4.9
Hatchback,32.59,39.0,67.0,60.0,-2.4,18.7
Hatchback,32.09,5.3,61.0,30.0,0.5,76.3
Hatchback,28.41,64.5,91.1,30.0,8.6,22.8
Two-Wheeler,4.18,6.3,66.8,3.3,34.8,49.9
Two-Wheeler,2.73,56.5,99.8,7.2,46.4,27.1
Two-Wheeler,3.46,65.2,87.4,30.0,19.2,2.0
Two-Wheeler,3.68,7.0,94.2,60.0,31.0,3.9
Sedan,46.27,42.2,76.6,11.0,46.4,157.2
Sedan,44.57,3.5,79.7,11.0,35.2,187.0
Hatchback,28.84,26.7,73.0,11.0,28.3,79.5
Sedan,63.15,56.3,71.0,60.0,13.4,11.4
Hatchback,30.82,47.4,54.1,7.2,2.3,32.4
Sedan,52.03,59.4,70.8,7.2,13.9,64.5
Hatchback,25.38,23.9,88.0,11.0,44.6,141.2
Hatchback,36.38,49.5,71.7,7.2,43.0,83.1
Sedan,62.1,66.5,74.6,60.0,9.2,8.1
Sedan,47.34,16.1,48.2,30.0,11.5,37.7
Sedan,47.6,5.5,75.1,60.0,20.5,34.7
SUV,81.46,11.3,67.5,7.2,44.3,529.7
Sedan,49.74,64.6,89.7,30.0,21.7,29.0
Two-Wheeler,3.99,40.0,60.7,30.0,15.6,2.2
Hatchback,32.06,4.9,82.4,7.2,15.2,247.5
Two-Wheeler,2.99,34.3,57.2,60.0,37.8,1.0
Sedan,52.31,48.0,78.4,11.0,18.0,107.5
Sedan,57.76,33.9,98.8,30.0,25.5,113.6
Hatchback,30.06,37.7,75.8,11.0,11.4,85.1
Sedan,56.51,21.6,62.1,11.0,13.7,152.0
Two-Wheeler,2.39,18.7,51.1,30.0,9.5,2.0
Sedan,44.06,45.6,72.9,60.0,3.7,21.9
Sedan,42.4,26.4,83.2,3.3,16.1,565.0
Hatchback,38.22,24.5,42.8,3.3,13.7,155.2
Two-Wheeler,2.3,13.0,80.5,30.0,39.8,3.6
Hatchback,25.71,10.5,27.1,7.2,18.2,42.7
Two-Wheeler,3.01,29.3,97.5,30.0,12.5,6.3
SUV,81.35,34.0,67.3,11.0,12.7,185.7
SUV,77.54,38.4,91.4,60.0,16.1,56.0
SUV,82.66,61.1,95.0,11.0,35.7,222.7
Sedan,51.04,23.7,98.6,7.2,-0.5,793.3
Sedan,59.31,42.6,50.7,7.2,30.7,40.3
Two-Wheeler,2.23,36.7,72.5,30.0,2.8,3.2
Two-Wheeler,2.06,19.2,49.1,60.0,23.8,1.0
Two-Wheeler,3.15,67.3,81.8,30.0,36.6,1.0
Hatchback,25.66,69.1,83.4,3.3,30.4,78.5
Sedan,48.8,41.5,49.1,30.0,0.7,15.2
SUV,92.19,13.0,44.9,11.0,40.1,186.2
Sedan,45.16,39.8,85.3,30.0,4.2,74.0
Hatchback,39.44,62.9,70.9,3.3,39.1,67.5
SUV,82.83,16.1,88.7,60.0,44.7,84.7
SUV,92.13,7.7,86.3,11.0,40.6,488.6
Two-Wheeler,2.02,68.5,94.2,3.3,14.0,15.1
Sedan,62.71,36.1,89.4,60.0,-3.0,73.4
SUV,68.64,4.9,19.7,30.0,19.1,26.2
Hatchback,31.33,37.0,89.3,60.0,38.2,21.9
SUV,96.01,58.0,75.1,30.0,34.2,40.0
Two-Wheeler,3.67,8.0,36.8,7.2,-3.5,17.6
SUV,98.14,13.1,24.1,3.3,34.8,214.2
SUV,96.22,47.3,84.2,30.0,19.2,94.7
Two-Wheeler,2.9,4.5,48.1,30.0,15.0,3.1
Hatchback,37.07,12.8,57.3,30.0,12.3,47.6
SUV,97.69,6.3,84.3,3.3,5.3,2245.0
Two-Wheeler,3.97,64.3,98.0,7.2,40.8,18.8
Hatchback,39.29,62.6,83.3,11.0,16.1,62.5
SUV,81.49,58.5,75.3,7.2,11.0,161.7
Hatchback,37.12,13.2,97.3,3.3,-1.8,1257.0
SUV,87.22,53.5,67.9,3.3,24.7,251.8
Sedan,53.06,38.2,86.8,3.3,14.2,625.4
SUV,89.81,3.2,22.1,60.0,16.1,21.9
SUV,80.51,66.1,94.4,7.2,2.4,421.0
SUV,70.73,5.4,96.2,30.0,36.6,170.1
Sedan,56.98,54.0,80.5,30.0,8.6,45.8
Sedan,45.48,58.0,82.8,11.0,47.8,104.8
SUV,74.43,21.4,61.6,11.0,-1.6,312.1
Hatchback,38.6,29.1,64.4,3.3,46.1,380.2
Sedan,47.64,12.2,70.1,7.2,30.0,258.0
SUV,67.36,17.0,97.1,7.2,47.4,994.5
Hatchback,37.69,34.5,97.5,11.0,39.4,179.6
Two-Wheeler,2.52,14.4,89.3,30.0,7.8,5.4
Hatchback,25.69,50.8,83.0,60.0,-3.0,16.2
Hatchback,28.41,13.5,88.1,7.2,44.0,235.2
Sedan,50.83,27.6,96.8,11.0,-2.6,473.2
Sedan,54.24,65.3,89.5,7.2,35.7,142.9
Hatchback,29.66,30.5,50.8,11.0,27.6,37.0
Two-Wheeler,3.82,21.3,69.6,3.3,41.0,40.8
Sedan,61.56,44.3,99.1,30.0,-0.7,194.8
Sedan,52.21,19.6,49.8,30.0,33.4,36.0
Hatchback,38.33,37.5,89.9,30.0,0.7,76.5
SUV,96.27,61.9,94.8,60.0,-0.5,82.7
Two-Wheeler,4.17,40.0,60.5,3.3,11.7,20.8
SUV,90.75,31.1,63.4,30.0,6.3,92.1
SUV,86.88,10.8,77.4,30.0,47.5,211.3
Two-Wheeler,4.06,4.0,21.3,3.3,7.9,20.0
Two-Wheeler,4.04,27.3,64.4,60.0,4.0,2.6
SUV,72.17,69.2,79.6,7.2,4.6,111.7
Sedan,40.83,33.0,56.4,3.3,41.1,210.3
Hatchback,25.15,20.1,91.8,11.0,8.2,157.7
Sedan,58.92,60.5,75.3,7.2,7.3,97.8
SUV,77.72,27.9,59.5,3.3,-1.0,955.8
Hatchback,30.5,45.3,90.2,7.2,26.1,119.5
Sedan,52.38,40.2,64.9,3.3,28.4,270.6
SUV,93.4,42.2,64.4,3.3,31.8,392.2
Sedan,50.32,41.2,71.8,30.0,14.3,39.5
Sedan,43.18,46.1,70.7,60.0,38.5,11.6
Sedan,43.77,28.6,69.1,3.3,28.4,367.8
SUV,92.34,17.3,90.5,7.2,0.2,1242.0
Sedan,56.42,39.0,76.4,7.2,47.0,287.0
Sedan,50.26,8.6,42.6,7.2,10.5,193.2
Hatchback,29.22,59.6,95.6,60.0,28.5,13.6
Hatchback,30.58,69.1,84.0,30.0,-0.5,17.9
Two-Wheeler,2.07,14.2,49.0,7.2,6.3,9.3
SUV,86.93,10.7,81.7,3.3,39.6,1320.0
Two-Wheeler,3.44,6.2,94.9,7.2,-4.6,61.5
Sedan,64.87,4.8,9.9,3.3,0.3,121.3
Sedan,63.62,67.2,92.4,11.0,4.0,150.4
SUV,81.26,45.3,85.9,11.0,46.0,345.3
SUV,69.97,64.3,72.9,11.0,24.3,36.6
Sedan,53.24,49.9,98.9,7.2,43.7,395.2
Sedan,53.42,26.9,63.2,7.2,43.5,213.9
Sedan,57.1,21.1,41.9,3.3,35.6,250.7
Hatchback,37.26,22.4,61.7,30.0,25.6,33.0
SUV,96.11,16.2,64.2,60.0,3.4,81.6
SUV,76.19,40.8,80.6,7.2,15.4,334.0
SUV,90.24,25.9,47.6,60.0,1.2,38.5
SUV,79.62,30.3,65.7,60.0,29.3,31.7
Sedan,60.51,32.5,54.7,3.3,23.8,273.2
Hatchback,26.46,44.6,86.7,3.3,27.6,242.6
Hatchback,38.6,64.8,76.8,11.0,0.0,49.1
Hatchback,37.02,21.1,37.2,3.3,38.3,121.8
Sedan,60.54,8.4,49.7,3.3,16.0,565.5
Two-Wheeler,2.21,31.1,97.3,3.3,33.4,31.3
SUV,91.92,38.0,99.2,30.0,27.2,167.6
Sedan,58.87,26.2,84.4,3.3,39.9,786.8
Hatchback,38.57,10.7,78.4,7.2,12.1,293.9
Two-Wheeler,3.58,31.5,80.8,60.0,6.8,2.7
Hatchback,37.92,49.6,78.2,30.0,2.6,41.4
Two-Wheeler,4.41,33.4,88.0,7.2,-4.3,39.2
Hatchback,39.29,15.5,24.5,7.2,3.6,54.7
SUV,99.85,65.3,87.3,7.2,39.0,244.7
Sedan,45.25,29.4,42.3,60.0,44.6,8.1
Two-Wheeler,2.55,34.2,69.9,7.2,30.7,8.8
Sedan,52.31,38.4,98.6,30.0,18.7,94.8
Two-Wheeler,3.68,65.7,81.0,30.0,22.0,1.1
Sedan,62.51,14.1,37.3,3.3,31.8,275.3
Sedan,63.73,45.7,97.4,3.3,-1.7,1462.1
Sedan,40.96,31.8,97.6,7.2,13.9,390.0
Hatchback,25.48,17.8,71.4,30.0,-0.1,61.3
Sedan,48.5,23.2,80.1,30.0,17.2,65.2
Two-Wheeler,3.97,42.8,98.6,3.3,35.1,51.6
Sedan,48.32,32.3,79.5,30.0,22.3,48.1
Sedan,40.32,10.6,19.5,11.0,42.9,28.0
Hatchback,31.68,64.6,84.3,60.0,40.6,7.3
SUV,85.18,20.2,40.2,7.2,11.9,202.4
SUV,87.3,67.8,85.6,11.0,35.3,109.9
Two-Wheeler,3.03,61.5,71.4,11.0,10.4,1.9
SUV,65.08,16.7,24.0,7.2,10.5,49.5
Two-Wheeler,4.02,10.3,25.7,60.0,47.8,1.1
Sedan,54.71,12.2,39.1,30.0,17.9,38.4
Hatchback,25.66,3.0,92.2,60.0,41.5,31.7
Sedan,54.8,15.7,90.1,7.2,9.3,481.0
Hatchback,36.0,67.0,89.5,11.0,0.4,99.5
Sedan,44.85,22.2,31.2,3.3,14.4,95.9
Two-Wheeler,3.24,17.4,66.3,3.3,21.1,29.9
Hatchback,32.51,69.0,99.6,60.0,8.3,24.6
SUV,80.13,57.4,78.2,30.0,21.1,40.5
SUV,96.73,12.3,66.1,60.0,1.2,100.9
Hatchback,25.54,52.7,85.9,7.2,16.8,85.0
Sedan,44.25,22.7,62.8,30.0,28.6,36.7
Sedan,56.54,3.4,38.1,11.0,25.3,112.6
SUV,98.73,27.3,47.9,60.0,6.9,29.7
Sedan,45.91,24.5,68.9,60.0,25.2,22.1
Hatchback,36.87,35.4,44.6,30.0,30.8,7.0
Sedan,61.35,52.4,75.4,7.2,46.3,206.2
Two-Wheeler,3.82,50.3,65.1,60.0,17.2,1.0
SUV,96.89,7.6,75.1,60.0,9.1,102.9
SUV,84.98,37.8,92.7,7.2,29.7,501.1
Two-Wheeler,3.6,26.8,49.7,30.0,43.2,2.1
Hatchback,33.84,23.0,64.3,3.3,9.2,340.8
Two-Wheeler,3.41,7.4,50.2,11.0,31.4,9.4
Two-Wheeler,3.36,28.1,35.6,7.2,17.9,2.4
Two-Wheeler,2.28,31.1,96.2,60.0,19.9,2.0
SUV,95.31,53.6,61.6,30.0,35.4,17.5
Two-Wheeler,3.05,48.6,56.4,30.0,1.0,1.0
Hatchback,27.54,2.5,88.8,7.2,34.8,210.4
Hatchback,29.54,50.0,78.4,30.0,-0.3,32.9
SUV,73.96,2.3,76.9,60.0,9.8,76.4
Sedan,41.61,50.2,98.4,3.3,26.3,596.5
Two-Wheeler,2.17,25.6,45.0,7.2,27.7,3.5
Two-Wheeler,4.25,38.5,49.3,7.2,23.4,3.6
SUV,91.2,45.6,83.6,30.0,27.2,68.3
Sedan,45.29,42.5,88.1,60.0,-0.6,41.8
SUV,72.92,45.3,95.7,3.3,11.1,1208.2
SUV,91.63,57.1,86.2,11.0,17.4,203.1
Two-Wheeler,4.15,39.3,93.0,30.0,15.6,6.0
SUV,67.71,36.1,86.1,30.0,30.6,76.1
Hatchback,38.55,11.8,38.0,30.0,47.4,30.1
Hatchback,32.98,28.2,81.8,60.0,34.9,19.2
Two-Wheeler,3.95,48.9,59.4,3.3,-3.0,15.6
Two-Wheeler,3.91,61.4,88.7,30.0,28.7,2.5
Two-Wheeler,4.44,5.2,59.0,11.0,8.1,18.2
SUV,74.29,53.6,85.3,30.0,45.2,82.0
Two-Wheeler,2.35,69.1,94.7,30.0,39.7,1.9
Hatchback,34.13,2.9,50.6,60.0,8.2,25.1
Hatchback,34.47,55.6,94.9,7.2,41.3,176.9
Hatchback,38.95,54.6,64.3,30.0,45.7,12.9
SUV,74.9,59.6,95.6,11.0,38.2,234.5
Hatchback,39.65,61.3,95.2,3.3,36.3,326.6
SUV,69.04,30.7,46.1,11.0,20.4,64.8
SUV,67.82,62.7,73.8,60.0,45.0,14.1
Two-Wheeler,3.98,5.2,66.5,3.3,37.2,47.4
Hatchback,33.59,6.8,73.0,30.0,45.5,80.3
Sedan,46.41,45.2,99.2,3.3,38.0,713.7
SUV,86.35,29.5,38.3,7.2,21.0,73.5
Sedan,59.08,32.9,68.8,60.0,37.0,23.9
SUV,96.63,53.7,97.7,7.2,41.6,610.5
Hatchback,32.81,30.3,60.6,7.2,36.3,93.0
Two-Wheeler,2.87,56.9,81.2,3.3,-4.3,23.3
Two-Wheeler,2.27,22.7,83.4,3.3,-2.3,52.6
SUV,93.8,19.0,68.0,7.2,1.7,713.4
Hatchback,31.92,24.6,75.9,7.2,8.7,197.5
Hatchback,39.62,58.5,99.7,11.0,18.6,157.2
Sedan,48.43,9.7,29.1,30.0,46.0,31.1
Two-Wheeler,3.95,49.9,76.1,7.2,-3.8,15.6
Hatchback,29.07,37.8,58.0,7.2,33.0,53.1
Hatchback,31.56,37.1,44.2,60.0,-3.9,4.4
Two-Wheeler,2.44,36.2,76.5,7.2,37.6,9.3
Sedan,63.09,31.6,54.4,7.2,-1.0,257.9
SUV,71.95,26.8,33.7,30.0,15.0,13.0
Hatchback,25.06,58.7,89.9,7.2,47.6,122.3
SUV,74.01,36.2,85.1,30.0,3.9,132.4
Hatchback,27.32,51.2,67.5,7.2,23.1,43.4
Two-Wheeler,2.33,2.8,43.0,11.0,47.5,9.2
Two-Wheeler,3.04,45.9,91.8,11.0,25.6,9.9
Hatchback,38.18,38.6,71.4,3.3,6.5,351.0
SUV,97.2,40.0,67.7,7.2,2.4,394.5
Sedan,63.95,32.5,52.3,30.0,15.0,32.5
Hatchback,31.8,65.0,89.2,30.0,1.4,34.2
Two-Wheeler,4.01,38.3,88.9,11.0,-0.7,24.7
SUV,77.46,40.7,96.0,3.3,19.4,1113.7
Sedan,57.95,13.6,75.6,30.0,23.6,79.2
Hatchback,36.57,57.4,93.3,60.0,29.3,16.7
Two-Wheeler,3.92,14.2,96.6,7.2,-4.6,64.5
Sedan,59.01,43.9,69.6,3.3,0.4,579.2
Sedan,44.7,14.5,87.7,7.2,12.4,407.2
SUV,88.14,27.1,36.0,3.3,-2.1,277.8
Sedan,61.25,59.5,83.9,30.0,15.8,36.1
Sedan,60.2,65.8,99.6,30.0,32.4,69.1
Hatchback,26.84,21.0,87.6,60.0,22.3,22.7
Two-Wheeler,3.93,20.6,62.9,11.0,10.2,12.5
SUV,89.76,23.4,64.7,7.2,37.6,363.2
Hatchback,29.96,35.2,83.0,30.0,43.9,33.8
Two-Wheeler,2.12,30.6,87.2,60.0,38.0,1.4
SUV,84.21,52.8,87.0,7.2,8.3,373.0
SUV,80.59,58.6,95.3,60.0,44.8,46.5
Sedan,54.91,13.2,53.9,30.0,17.8,53.0
Hatchback,31.54,56.4,94.5,7.2,33.0,137.2
Two-Wheeler,3.39,19.6,56.2,3.3,32.3,23.4
SUV,85.21,9.3,72.8,7.2,7.6,731.6
Two-Wheeler,2.13,52.4,83.8,7.2,38.3,7.4
Two-Wheeler,3.89,23.1,59.2,11.0,39.3,9.2
Hatchback,37.04,54.1,66.7,7.2,28.2,47.9
Sedan,53.68,68.6,94.2,3.3,5.6,497.8
Two-Wheeler,2.04,7.0,75.3,7.2,24.0,13.7
Hatchback,26.11,66.3,99.1,30.0,-3.2,52.2
Hatchback,34.12,69.4,80.7,60.0,37.2,4.4
Hatchback,28.13,43.3,69.5,11.0,6.7,60.3
SUV,75.51,7.9,71.8,7.2,10.0,592.1
Sedan,62.53,15.4,71.3,30.0,41.6,86.2
Sedan,63.69,12.0,20.4,30.0,19.6,13.1
Hatchback,25.24,23.6,53.5,60.0,32.8,8.4
Hatchback,39.02,34.9,46.4,60.0,-2.3,9.0
Hatchback,32.54,29.9,47.4,3.3,39.2,115.1
Two-Wheeler,3.71,60.8,88.9,30.0,2.0,4.1
Two-Wheeler,2.46,65.9,78.3,11.0,35.9,2.0
SUV,80.95,18.9,86.5,7.2,37.1,543.4
Two-Wheeler,3.85,41.4,69.1,3.3,42.1,25.9
Hatchback,27.58,19.7,36.4,30.0,8.6,13.3
Hatchback,29.24,18.9,27.8,7.2,13.0,26.7
Hatchback,27.77,20.5,61.1,11.0,15.2,73.3
SUV,67.04,61.9,97.6,60.0,46.3,66.5
SUV,73.29,14.3,67.9,60.0,23.4,48.3
Sedan,47.15,47.7,81.6,3.3,13.5,377.2
Two-Wheeler,4.08,11.9,79.2,60.0,2.5,5.1
Two-Wheeler,3.0,25.3,62.9,11.0,32.7,6.9
Two-Wheeler,2.9,68.0,91.5,11.0,40.2,5.4
Sedan,41.97,57.6,88.7,7.2,38.5,145.7
Hatchback,31.37,24.5,60.1,3.3,30.4,242.7
Sedan,45.26,35.7,54.7,30.0,22.1,19.7
Hatchback,39.1,20.2,72.0,7.2,28.2,170.4
SUV,86.29,59.8,65.7,30.0,-1.1,22.0
Two-Wheeler,2.53,26.0,75.8,7.2,40.2,12.2
SUV,69.9,69.8,75.3,7.2,3.4,57.8
Hatchback,35.2,3.6,55.6,3.3,5.4,536.2
Hatchback,27.96,58.4,96.3,3.3,14.2,307.1
Two-Wheeler,3.9,38.4,76.2,30.0,36.5,3.5
Two-Wheeler,2.71,59.0,79.9,11.0,24.3,3.3
Hatchback,31.64,35.0,46.0,11.0,38.6,20.9
SUV,98.94,62.0,69.5,60.0,-3.6,12.2
Hatchback,39.11,46.7,93.2,3.3,47.7,606.1
Sedan,64.56,6.8,80.5,3.3,34.7,1014.5
Two-Wheeler,3.58,35.8,82.5,7.2,1.9,24.5
Hatchback,25.12,46.2,77.6,30.0,44.0,19.9
Sedan,53.47,38.1,68.4,30.0,36.3,34.3
Hatchback,31.62,24.6,86.9,7.2,9.6,238.8
Sedan,53.46,22.8,73.1,7.2,37.7,236.2
SUV,78.39,46.2,93.7,11.0,39.5,292.8
Hatchback,37.17,27.6,39.5,11.0,26.2,23.3
Sedan,61.01,62.9,90.4,30.0,28.2,41.3
Hatchback,27.1,19.6,92.0,3.3,33.5,418.0
Two-Wheeler,3.64,51.7,70.0,3.3,7.9,16.8
SUV,85.36,68.3,74.0,3.3,4.7,154.8
Hatchback,35.62,7.5,29.3,3.3,24.0,161.0
Two-Wheeler,2.14,25.7,35.8,7.2,5.0,2.8
Hatchback,38.4,49.9,92.9,60.0,23.3,20.0
Sedan,56.43,17.9,81.6,60.0,41.4,51.6
Sedan,49.12,53.1,97.9,7.2,16.2,327.4
SUV,94.11,23.1,87.3,3.3,1.1,2135.2
Sedan,47.89,69.8,80.8,7.2,34.3,47.3
Hatchback,39.61,13.4,74.2,30.0,22.7,60.4
Hatchback,36.68,28.3,78.4,30.0,41.7,41.8
SUV,75.9,60.7,81.6,3.3,8.6,442.4
Hatchback,37.1,56.3,81.4,3.3,9.0,255.1
Two-Wheeler,2.35,42.5,57.7,7.2,47.8,4.9
SUV,86.51,27.8,45.3,3.3,10.8,387.5
Hatchback,29.14,5.3,83.7,11.0,10.1,164.0
Two-Wheeler,3.98,43.8,53.3,11.0,19.4,2.4
Two-Wheeler,2.1,49.7,77.4,3.3,3.7,18.5
Two-Wheeler,3.11,57.8,69.3,3.3,26.3,8.1
Two-Wheeler,3.62,26.4,65.0,60.0,22.9,1.4
Sedan,57.85,68.9,77.9,30.0,19.8,10.9
Sedan,45.12,30.7,47.7,60.0,32.1,8.0
Hatchback,38.55,8.8,94.9,11.0,20.7,215.0
Sedan,63.28,66.2,95.2,60.0,9.8,32.7
SUV,72.89,63.8,85.5,7.2,9.1,195.9
Sedan,49.48,64.2,86.3,30.0,28.3,25.1
Sedan,50.32,52.9,59.7,30.0,15.5,8.8
Two-Wheeler,3.05,11.5,78.5,60.0,41.7,2.5
Two-Wheeler,4.12,69.3,83.6,60.0,13.5,1.0
SUV,97.57,21.2,71.6,60.0,8.0,79.6
Hatchback,35.43,38.9,60.0,3.3,43.9,192.1
Hatchback,26.25,30.0,45.3,11.0,24.4,25.7
Two-Wheeler,4.36,22.6,75.0,7.2,46.9,34.4
SUV,67.07,37.6,85.9,30.0,30.0,77.6
SUV,84.58,59.0,95.9,60.0,36.7,45.7
Two-Wheeler,3.97,47.8,70.3,30.0,10.3,2.5
SUV,97.2,25.2,50.4,30.0,34.3,52.8
Hatchback,29.11,62.8,76.3,7.2,17.0,33.7
SUV,73.74,66.8,95.6,60.0,46.6,48.3
Two-Wheeler,2.95,32.1,79.3,30.0,17.0,3.2
SUV,68.75,69.0,95.5,11.0,20.6,153.0
Sedan,52.91,51.2,59.9,60.0,45.7,8.1
Sedan,52.19,45.8,80.1,60.0,17.0,22.8
Two-Wheeler,2.58,62.8,77.3,7.2,0.7,5.7
Sedan,61.96,47.1,58.2,7.2,23.4,67.7
Two-Wheeler,3.41,25.4,99.7,60.0,8.8,4.9
Sedan,52.95,9.5,90.9,7.2,20.9,413.4
Sedan,44.75,6.0,92.6,60.0,24.8,43.8
Hatchback,36.54,34.9,84.0,30.0,43.7,45.3
Two-Wheeler,2.6,56.6,81.9,60.0,-1.8,1.3
Sedan,64.77,46.2,57.6,30.0,47.5,23.9
Two-Wheeler,3.5,26.2,59.2,30.0,29.6,2.8
Hatchback,39.87,9.9,30.9,60.0,5.9,13.0
Sedan,57.43,67.1,88.2,3.3,-4.6,494.0
Hatchback,30.98,36.4,44.0,30.0,42.6,6.0
Sedan,51.91,28.8,46.9,30.0,44.8,22.0
Two-Wheeler,3.98,68.1,80.7,3.3,31.4,11.2
Two-Wheeler,4.03,35.9,80.5,3.3,4.6,48.2
SUV,73.77,42.6,52.2,11.0,36.4,45.0
Two-Wheeler,2.41,56.4,61.9,30.0,4.1,1.0
Two-Wheeler,2.08,52.3,67.4,30.0,47.8,1.0
Sedan,57.08,20.8,65.9,3.3,35.9,499.9
Sedan,45.24,20.5,54.9,7.2,34.6,138.3
Two-Wheeler,3.75,43.7,75.4,60.0,16.9,1.5
Hatchback,29.05,63.3,94.6,3.3,-4.8,387.6
SUV,85.49,6.8,83.0,60.0,34.9,75.5
SUV,96.04,46.0,87.4,30.0,-2.4,161.2
SUV,81.19,29.5,71.4,30.0,30.8,73.2
Hatchback,35.55,68.9,87.9,60.0,18.5,8.1
Sedan,45.56,22.8,64.4,3.3,47.9,600.5
Hatchback,27.72,3.6,8.9,60.0,21.6,1.5
SUV,71.22,50.5,97.9,3.3,1.4,1744.1
SUV,87.32,27.1,51.0,7.2,1.1,360.5
SUV,86.99,58.0,98.8,3.3,12.1,1385.5
SUV,74.37,8.6,52.2,11.0,41.0,247.8
Two-Wheeler,3.93,16.5,79.9,11.0,-3.9,26.4
Two-Wheeler,2.92,9.0,97.5,30.0,10.8,7.7
Hatchback,35.45,28.1,93.4,11.0,6.3,205.8
Sedan,42.95,15.3,37.6,3.3,30.0,184.5
SUV,86.99,29.7,52.0,60.0,10.5,28.4
Two-Wheeler,3.39,53.8,64.1,30.0,1.0,1.2
Hatchback,39.57,21.7,31.4,7.2,21.9,37.2
SUV,80.14,32.0,61.5,60.0,0.9,42.1
Sedan,55.99,29.2,90.3,3.3,22.6,722.0
Sedan,58.14,40.0,54.3,3.3,0.6,268.5
Hatchback,26.15,49.3,67.6,7.2,10.9,58.8
SUV,96.96,60.5,76.9,11.0,11.3,98.2
Sedan,45.09,63.1,97.2,30.0,13.0,55.2
Hatchback,38.13,28.2,59.8,30.0,21.6,26.6
Sedan,52.73,14.8,91.6,11.0,0.5,458.6
Two-Wheeler,3.21,60.4,81.1,11.0,11.1,4.8
Hatchback,37.5,36.7,58.2,30.0,44.9,22.0
Two-Wheeler,3.98,24.7,81.5,11.0,13.6,15.8
Hatchback,38.25,56.8,69.7,7.2,-1.3,83.9
Hatchback,34.15,47.3,57.7,7.2,19.1,34.5
SUV,90.54,42.5,85.9,7.2,32.0,391.4
Hatchback,37.0,36.6,55.5,30.0,-0.2,24.3
Hatchback,33.75,3.8,30.6,30.0,18.4,21.3
SUV,71.15,27.1,68.5,30.0,47.1,106.8
Sedan,48.35,66.6,96.1,7.2,32.6,158.2
Sedan,57.74,58.9,90.0,30.0,29.5,45.1
Hatchback,31.25,69.9,84.8,60.0,8.2,7.4
SUV,77.77,67.8,81.6,3.3,43.7,279.8
Sedan,44.08,39.4,99.5,3.3,5.8,1079.0
Sedan,53.28,25.4,59.8,60.0,34.0,18.9
Hatchback,37.01,5.9,77.7,30.0,45.0,96.1
Sedan,55.39,48.0,74.7,3.3,44.6,370.1
Hatchback,25.15,57.9,66.2,3.3,27.0,41.5
Hatchback,26.76,61.2,75.6,3.3,17.4,94.1
Sedan,44.6,61.4,92.4,30.0,-0.2,70.3
Sedan,51.82,32.8,51.3,30.0,32.8,19.2
SUV,90.28,68.7,79.3,7.2,28.7,83.3
Two-Wheeler,2.24,58.5,78.8,7.2,42.2,4.7
Hatchback,32.72,49.2,98.5,30.0,46.6,70.1
Two-Wheeler,3.9,67.1,81.8,7.2,13.5,5.6
SUV,73.67,12.8,41.3,30.0,29.2,46.5
Two-Wheeler,3.39,9.2,76.3,60.0,10.2,3.0
Two-Wheeler,3.26,14.6,57.6,60.0,25.3,1.4
Sedan,46.79,59.2,79.9,30.0,26.1,20.3
Two-Wheeler,3.1,52.2,98.8,7.2,-1.2,30.0
Hatchback,39.74,5.0,55.8,7.2,36.2,185.3
Hatchback,38.87,24.5,29.8,60.0,4.3,3.6
Hatchback,27.12,34.6,50.9,30.0,40.9,11.0
SUV,85.51,27.5,83.8,30.0,1.1,178.7
Hatchback,26.23,67.8,77.5,3.3,9.0,65.6
Hatchback,36.4,3.4,55.8,30.0,39.9,45.0
SUV,67.39,21.2,64.7,60.0,22.1,32.9
Sedan,57.92,34.8,75.3,60.0,-4.8,49.8
SUV,90.6,55.1,100.0,3.3,19.5,1304.6
SUV,96.77,15.3,49.2,3.3,2.1,1050.2
SUV,78.03,52.5,82.9,7.2,26.6,232.2
Hatchback,29.13,69.7,80.4,7.2,14.8,30.8
Two-Wheeler,2.0,56.6,95.5,11.0,21.0,5.8
Hatchback,31.56,13.6,50.4,3.3,17.4,267.7
SUV,97.96,22.4,77.4,60.0,39.4,66.3
Hatchback,35.3,7.4,66.8,11.0,23.8,120.1
SUV,67.86,66.6,89.7,60.0,-1.9,35.5
Two-Wheeler,2.49,5.2,59.3,30.0,47.9,4.5
Two-Wheeler,3.93,42.7,61.8,11.0,24.0,4.8
SUV,68.76,43.1,55.9,3.3,35.8,198.8
Two-Wheeler,4.38,59.0,87.0,3.3,34.5,24.7
Sedan,55.52,18.6,96.0,3.3,16.7,1190.1
SUV,81.56,9.1,49.0,3.3,24.7,666.1
Sedan,43.97,46.9,52.4,7.2,37.9,22.6
SUV,99.08,24.2,66.9,30.0,28.5,104.8
Hatchback,39.13,34.9,91.7,30.0,28.5,51.7
Sedan,48.23,65.6,95.1,7.2,21.8,178.6
Hatchback,28.11,17.3,95.5,7.2,9.1,304.3
Hatchback,34.68,54.4,74.8,30.0,12.6,18.8
SUV,99.81,41.9,87.7,30.0,44.0,130.3
SUV,65.11,63.4,80.7,7.2,25.7,102.5
SUV,77.89,2.8,40.9,30.0,19.9,71.3
Two-Wheeler,2.24,3.9,91.9,7.2,-1.5,33.2
Hatchback,26.67,46.0,96.3,3.3,13.5,363.5
Sedan,56.01,61.1,72.4,30.0,-1.0,27.3
SUV,78.02,64.7,73.4,11.0,44.4,48.9
Sedan,49.45,36.5,81.8,60.0,20.1,23.0
Hatchback,25.27,56.3,80.4,11.0,30.7,35.5
SUV,90.28,69.9,84.1,30.0,6.6,37.2
Hatchback,32.23,60.6,98.7,30.0,46.9,61.6
Hatchback,29.42,65.1,93.5,7.2,1.4,169.6
SUV,72.22,39.6,82.8,60.0,-1.6,67.2
Sedan,40.29,45.1,93.7,60.0,17.8,27.1
Two-Wheeler,2.92,24.7,48.0,30.0,45.9,2.4
SUV,75.41,63.0,94.5,3.3,13.7,802.1
SUV,70.21,63.3,85.5,3.3,2.2,613.8
Sedan,64.92,3.0,76.0,11.0,35.1,281.4
Hatchback,35.64,30.8,39.0,30.0,46.3,11.2
SUV,70.35,24.6,52.7,7.2,14.1,211.1
SUV,98.98,37.5,99.7,30.0,-2.1,342.7
Sedan,54.93,68.6,79.2,3.3,33.0,116.8
Two-Wheeler,3.08,11.5,45.9,3.3,37.8,21.9
Sedan,59.41,19.9,56.9,60.0,27.7,27.9
SUV,78.17,66.2,73.7,11.0,28.6,37.9
Sedan,44.61,7.7,17.3,11.0,45.6,39.8
SUV,81.46,3.7,93.1,7.2,-4.2,1416.2
Two-Wheeler,3.03,55.2,61.2,3.3,37.9,4.2
Sedan,44.65,17.9,84.5,11.0,-4.4,349.1
SUV,74.48,23.1,36.9,7.2,3.8,141.8
Hatchback,38.95,38.2,68.1,11.0,0.0,136.4
Two-Wheeler,3.9,15.2,69.3,11.0,33.4,12.7
SUV,74.46,13.2,48.8,3.3,-0.3,1044.6
Hatchback,37.98,66.4,87.6,30.0,34.5,17.5
Hatchback,33.05,52.1,68.9,30.0,31.4,12.7
Sedan,57.14,27.2,74.8,7.2,29.9,260.0
Sedan,50.43,44.5,95.3,30.0,-1.4,123.9
Sedan,51.64,13.2,82.2,3.3,-3.0,1166.0
Sedan,46.63,67.3,80.4,11.0,6.2,50.1
Two-Wheeler,3.82,4.1,72.0,7.2,17.4,26.8
Hatchback,25.27,53.9,64.3,7.2,20.3,23.3
Two-Wheeler,2.62,59.0,91.9,60.0,43.9,1.3
Sedan,63.61,3.7,40.1,3.3,15.6,484.2
Hatchback,26.86,58.9,87.1,7.2,20.2,74.2
Two-Wheeler,2.56,24.0,95.3,60.0,23.8,2.1
SUV,99.6,38.4,92.2,3.3,28.7,1274.7
Hatchback,30.35,54.3,77.7,60.0,42.6,9.4
Sedan,58.14,60.5,94.9,7.2,20.4,233.8
Two-Wheeler,2.1,65.3,91.9,3.3,25.6,11.6
Sedan,51.34,64.7,83.7,3.3,25.8,199.8
Sedan,48.09,7.8,63.2,3.3,47.0,770.6
SUV,66.5,36.3,79.7,60.0,11.9,34.5
Hatchback,26.05,62.4,67.5,7.2,-1.3,22.0
Sedan,49.12,22.9,92.1,7.2,44.2,405.8
Sedan,45.01,58.3,94.5,7.2,13.8,221.6
Sedan,40.37,29.9,93.2,7.2,40.5,317.3
SUV,67.59,22.3,48.9,7.2,-2.2,304.7
SUV,97.5,52.6,89.8,60.0,36.7,47.5
SUV,71.22,36.0,81.8,3.3,-3.4,1184.2
Hatchback,26.89,23.3,99.0,60.0,12.4,34.1
SUV,99.39,17.7,39.4,30.0,17.9,51.2
Two-Wheeler,4.48,57.3,73.3,60.0,36.7,1.0
Sedan,55.87,31.9,76.8,11.0,34.1,152.8
Hatchback,27.3,24.9,61.0,30.0,46.5,35.4
Hatchback,30.06,17.6,56.2,60.0,-0.2,22.1
Hatchback,35.31,56.2,77.1,11.0,18.9,47.9
Two-Wheeler,4.08,41.0,48.1,30.0,32.7,1.0
Two-Wheeler,3.02,35.7,87.6,7.2,31.1,14.8
Sedan,61.48,5.5,16.8,60.0,20.2,7.5
Two-Wheeler,4.16,11.3,74.5,3.3,37.6,55.8
SUV,94.45,11.9,34.3,60.0,40.6,25.4
Hatchback,26.88,21.0,51.0,11.0,28.5,47.1
Hatchback,38.35,2.7,43.7,30.0,10.5,43.2
Hatchback,38.36,23.3,89.6,30.0,23.5,59.6
Two-Wheeler,2.58,53.7,80.9,60.0,22.3,1.0
Two-Wheeler,3.46,5.0,96.0,60.0,9.9,4.4
SUV,67.96,17.8,90.5,60.0,1.2,101.9
SUV,77.39,55.7,98.4,3.3,25.4,1009.0
Hatchback,31.02,57.3,90.8,3.3,13.9,263.4
SUV,94.12,40.2,74.9,11.0,32.5,201.5
Sedan,41.95,12.9,22.1,30.0,27.6,7.9
SUV,81.47,62.8,95.2,3.3,17.4,705.7
Two-Wheeler,3.89,51.3,81.8,3.3,1.1,38.1
Sedan,41.47,63.1,73.9,3.3,6.0,124.1
Two-Wheeler,3.01,5.8,93.5,7.2,47.8,36.6
Two-Wheeler,3.76,53.5,64.9,7.2,20.8,4.2
SUV,82.28,29.2,65.4,7.2,15.4,295.1
SUV,74.17,37.6,54.8,3.3,28.2,265.8
SUV,98.03,26.8,96.1,60.0,41.4,96.4
Hatchback,27.52,61.1,84.0,7.2,5.9,81.4
Sedan,55.99,28.8,48.4,60.0,35.6,12.6
Sedan,58.57,15.6,62.6,11.0,12.2,169.7
Sedan,45.14,15.3,99.7,11.0,48.0,458.0
SUV,88.3,49.7,60.6,11.0,2.6,96.5
Sedan,51.7,22.6,72.3,7.2,35.0,254.4
Two-Wheeler,2.73,12.2,63.6,11.0,-3.0,13.7
Two-Wheeler,3.52,29.2,34.4,11.0,36.8,1.0
Two-Wheeler,3.9,25.6,75.5,11.0,33.5,12.0
Sedan,40.59,44.5,80.6,30.0,1.5,55.4
Sedan,55.59,20.3,38.5,7.2,16.0,100.1
Hatchback,35.9,4.6,44.3,60.0,43.4,20.5
Hatchback,33.05,22.7,55.8,11.0,5.4,101.5
Two-Wheeler,3.06,65.0,82.2,7.2,12.9,5.9
Sedan,58.31,48.2,65.0,7.2,17.3,101.0
Hatchback,30.03,41.3,96.8,60.0,8.8,26.8
Sedan,43.74,69.0,94.3,30.0,17.7,32.4
SUV,74.16,62.9,86.7,7.2,14.6,193.8
Two-Wheeler,2.46,12.4,95.1,11.0,15.3,15.0
Two-Wheeler,3.44,31.4,95.9,11.0,12.5,16.1
Sedan,45.49,66.2,95.6,60.0,36.2,20.0
Sedan,44.27,29.3,86.3,3.3,15.8,597.0
SUV,81.12,4.0,77.8,3.3,8.0,1758.4
SUV,84.34,62.0,95.0,30.0,4.2,118.7
Sedan,56.39,64.5,72.0,60.0,47.3,7.7
Two-Wheeler,2.15,27.3,61.7,7.2,9.3,9.0
SUV,72.4,61.4,75.1,60.0,40.0,13.0
Two-Wheeler,4.06,20.9,48.8,3.3,16.6,25.5
Sedan,41.89,66.8,73.3,30.0,39.3,6.1
Sedan,54.93,39.4,81.5,7.2,34.1,217.1
Two-Wheeler,2.5,49.1,73.7,30.0,44.9,1.5
Two-Wheeler,3.9,43.0,85.1,3.3,8.7,45.6
Sedan,62.47,31.5,43.3,3.3,32.1,146.7
Two-Wheeler,3.67,24.7,44.9,7.2,27.0,6.6
Hatchback,28.4,32.7,73.5,3.3,20.8,240.0
SUV,95.36,34.5,80.7,7.2,23.6,385.4
Two-Wheeler,3.69,20.8,50.3,11.0,32.2,5.9
Hatchback,36.05,59.3,82.4,11.0,31.9,50.4
SUV,86.09,45.2,64.9,3.3,27.7,371.4
Hatchback,30.3,40.9,98.9,30.0,22.4,52.0
Sedan,41.11,64.7,96.0,3.3,38.0,315.6
Hatchback,36.49,9.6,68.8,3.3,33.1,412.6
Hatchback,38.25,40.5,95.3,7.2,18.6,258.8
Sedan,60.39,7.9,51.1,60.0,-1.0,46.2
Sedan,46.54,6.8,37.6,11.0,14.3,107.8
SUV,81.2,64.1,93.8,60.0,35.8,33.3
Two-Wheeler,4.48,59.1,83.6,30.0,-5.0,4.4
Sedan,43.46,29.6,81.1,30.0,42.2,53.9
Two-Wheeler,2.56,47.6,92.3,30.0,18.2,3.0
Hatchback,34.49,59.2,96.0,7.2,19.8,166.8
Sedan,51.66,2.2,52.2,60.0,27.0,33.8
Sedan,54.38,43.6,83.5,3.3,9.4,555.8
Hatchback,27.06,54.5,84.5,30.0,18.1,18.9
Sedan,48.93,62.7,72.3,3.3,44.2,117.0
SUV,70.44,5.5,79.6,3.3,8.5,1496.3
Two-Wheeler,4.26,59.2,82.2,60.0,2.6,1.6
SUV,99.67,56.9,74.2,7.2,16.9,177.3
Hatchback,26.2,58.8,83.1,11.0,27.1,41.7
Two-Wheeler,3.16,8.6,16.2,11.0,27.8,1.5
Sedan,62.4,69.9,96.0,30.0,-3.8,83.8
Two-Wheeler,4.25,64.0,89.8,30.0,39.9,3.0
Two-Wheeler,2.21,21.7,83.6,7.2,4.9,19.0
Two-Wheeler,4.2,67.8,93.1,30.0,30.8,2.8
Two-Wheeler,3.85,63.8,83.0,3.3,-3.8,28.6
Hatchback,34.4,58.8,67.1,3.3,17.7,61.9
Two-Wheeler,2.55,37.9,43.9,60.0,15.7,1.0
SUV,70.01,27.1,36.3,3.3,43.0,166.6
Two-Wheeler,2.01,25.5,60.8,60.0,12.4,1.0
Two-Wheeler,2.49,7.9,65.1,30.0,39.7,3.4
Two-Wheeler,3.39,38.1,87.9,7.2,17.6,18.7
Sedan,40.6,54.3,99.4,7.2,47.3,380.5
Hatchback,30.62,64.9,84.4,30.0,33.5,13.2
Sedan,57.24,22.9,93.9,60.0,4.4,80.7
Hatchback,30.52,58.0,79.2,7.2,41.3,73.5
Hatchback,36.44,18.8,33.2,7.2,2.3,83.7
Hatchback,25.61,47.1,88.7,30.0,34.6,24.8
SUV,99.38,8.1,78.9,11.0,15.2,461.1
Sedan,43.47,59.1,66.8,30.0,38.0,7.6
SUV,85.82,39.7,62.2,3.3,38.1,425.2
Hatchback,28.63,60.9,71.5,3.3,37.7,66.3
SUV,81.44,26.2,46.1,30.0,31.8,38.5
SUV,76.36,11.5,20.2,7.2,18.2,75.3
Two-Wheeler,2.34,39.5,63.8,60.0,29.4,1.0
Two-Wheeler,3.15,40.2,53.5,11.0,27.8,2.5
Hatchback,38.03,8.4,47.8,11.0,24.1,87.2
SUV,90.22,47.6,75.2,11.0,8.6,200.9
Sedan,51.26,24.4,77.8,30.0,21.6,62.3
SUV,96.52,58.5,94.1,3.3,4.9,1268.5
Sedan,63.19,4.6,10.3,60.0,22.1,4.2
Sedan,51.62,5.2,70.3,7.2,13.6,338.5
Two-Wheeler,3.31,64.2,69.4,60.0,26.0,1.0
Two-Wheeler,2.44,39.1,53.7,60.0,40.5,1.0
Sedan,57.19,20.4,34.4,11.0,18.7,61.8
Hatchback,25.12,55.0,89.6,7.2,32.3,84.2
SUV,88.23,67.0,79.9,11.0,34.6,75.0
Sedan,42.34,53.9,75.8,30.0,12.5,25.6
Hatchback,34.8,2.6,29.3,60.0,31.8,10.3
SUV,85.73,21.1,36.5,11.0,18.2,87.2
Sedan,44.76,7.2,41.7,11.0,37.6,101.0
Two-Wheeler,2.65,18.0,39.2,30.0,17.7,1.3
Hatchback,33.65,58.6,91.5,7.2,18.2,120.4
Hatchback,31.5,53.5,94.2,30.0,10.2,41.2
SUV,80.03,31.8,94.7,3.3,16.5,1233.7
SUV,68.62,43.0,59.0,7.2,22.6,102.0
Sedan,42.73,30.6,87.1,30.0,-4.6,101.9
SUV,82.72,37.5,93.7,11.0,34.7,300.4
SUV,66.77,8.8,83.3,60.0,44.5,71.1
Hatchback,26.43,67.7,75.2,3.3,42.7,45.0
SUV,83.23,54.2,67.8,60.0,2.1,23.9
Two-Wheeler,2.0,48.9,58.6,30.0,30.1,1.0
SUV,76.0,63.9,86.6,60.0,6.6,26.4
Hatchback,34.17,39.0,88.0,7.2,8.6,209.8
SUV,75.93,44.3,93.5,60.0,-0.7,83.9
Two-Wheeler,4.3,66.0,97.2,3.3,14.3,39.0
SUV,95.98,2.8,24.3,60.0,16.6,26.1
Hatchback,28.09,58.3,75.8,7.2,1.0,79.8
Hatchback,33.65,69.8,96.8,60.0,8.0,21.1
SUV,84.52,46.3,87.8,3.3,23.1,689.7
Hatchback,32.02,20.3,29.1,7.2,42.1,31.0
Two-Wheeler,2.26,63.9,95.7,11.0,15.7,6.8
SUV,85.1,58.5,81.1,30.0,42.2,53.7
Sedan,58.87,23.9,59.4,7.2,16.2,212.5
Sedan,46.14,24.0,65.4,30.0,9.7,53.7
Hatchback,33.96,66.3,92.6,30.0,25.3,23.1
Sedan,53.08,33.3,63.3,3.3,18.4,375.7
Two-Wheeler,2.1,40.1,75.7,11.0,30.3,4.0
Hatchback,37.06,11.0,90.4,30.0,15.6,74.2
Sedan,45.61,65.3,74.4,3.3,19.7,96.2
Two-Wheeler,4.48,45.4,82.0,3.3,9.3,41.8
SUV,73.72,20.4,56.8,30.0,6.9,81.5
Hatchback,26.03,34.8,73.6,11.0,14.0,63.8
SUV,73.36,38.8,84.4,11.0,11.4,223.0
Sedan,47.44,65.1,78.1,3.3,-1.0,234.4
Two-Wheeler,2.84,54.0,85.7,30.0,34.8,2.1
Sedan,43.78,63.7,79.2,60.0,37.6,8.1
Sedan,57.25,47.5,95.6,3.3,16.8,854.2
Two-Wheeler,3.38,25.3,55.5,11.0,37.5,6.4
Hatchback,38.97,48.9,87.8,30.0,36.0,37.6
Hatchback,39.68,40.1,65.7,11.0,-1.9,129.9
Sedan,63.17,55.3,91.9,30.0,41.4,69.7
Two-Wheeler,3.55,63.8,82.7,3.3,38.3,14.3
Two-Wheeler,3.07,32.9,64.8,3.3,9.0,21.9
Sedan,56.99,65.2,92.1,30.0,35.0,41.1
Sedan,52.83,55.0,75.9,3.3,38.2,246.5
Sedan,48.56,48.4,80.3,7.2,-1.4,267.9
Sedan,53.68,65.1,72.8,3.3,20.6,86.2
SUV,77.59,41.3,92.2,11.0,40.9,309.0
SUV,70.69,16.4,76.4,60.0,40.9,58.6
Sedan,41.93,33.3,70.2,7.2,26.3,148.8
Two-Wheeler,3.89,9.5,14.8,7.2,15.6,2.0
SUV,66.38,24.7,89.9,60.0,32.8,51.6
Sedan,51.62,68.5,91.3,3.3,38.2,299.1
SUV,76.23,56.2,79.1,7.2,12.1,195.0
Sedan,50.76,13.2,70.7,60.0,16.2,34.0
Sedan,51.45,22.6,98.6,60.0,30.4,50.7
Sedan,55.12,26.7,84.5,7.2,5.2,449.0
Two-Wheeler,4.18,8.2,65.4,7.2,40.8,25.6
SUV,89.89,17.6,98.5,60.0,39.1,114.3
Sedan,54.42,62.5,86.7,60.0,37.2,14.7
Sedan,41.47,47.3,95.1,30.0,44.6,65.3
Sedan,61.46,3.7,79.1,7.2,20.7,427.7
Hatchback,31.34,59.4,76.1,11.0,20.9,33.0
SUV,77.25,58.6,95.6,3.3,3.5,1116.4
Two-Wheeler,4.44,40.4,67.2,7.2,41.2,11.6
SUV,86.42,30.4,41.7,30.0,28.6,23.8
Sedan,63.1,51.0,90.4,11.0,35.3,156.5
SUV,84.03,18.4,71.9,11.0,14.9,325.2
Sedan,50.4,25.8,74.2,60.0,19.0,31.5
Sedan,60.42,3.4,25.2,3.3,4.2,449.1
Sedan,46.1,37.0,69.8,60.0,7.5,25.2
SUV,89.44,28.6,51.5,60.0,22.3,26.6
Sedan,41.09,2.7,97.5,3.3,14.1,1069.9
SUV,81.45,41.1,75.3,11.0,0.3,343.3
Hatchback,39.94,42.2,73.1,7.2,14.2,127.0
Two-Wheeler,3.31,68.0,83.9,11.0,9.9,4.1
Sedan,51.41,64.6,75.7,3.3,-0.3,212.8
Hatchback,36.48,47.7,83.0,30.0,38.3,35.3
Two-Wheeler,3.45,46.7,68.2,7.2,28.7,6.6
Sedan,42.12,52.0,60.2,3.3,21.9,71.5
Two-Wheeler,3.39,15.9,89.1,60.0,1.4,4.9
SUV,88.02,59.0,93.7,60.0,19.0,38.0
Sedan,42.59,36.9,43.9,3.3,20.4,59.8
Hatchback,26.36,48.2,57.0,60.0,23.0,2.5
Two-Wheeler,2.18,36.0,71.0,11.0,39.7,4.8
Sedan,64.5,35.1,82.7,3.3,10.5,772.6
Two-Wheeler,4.08,31.5,79.5,11.0,12.6,14.8
Hatchback,33.49,35.4,82.3,7.2,40.0,170.3
Sedan,61.5,50.3,85.7,30.0,44.7,60.7
Hatchback,34.65,38.4,49.4,7.2,7.2,48.4
Hatchback,33.6,56.2,92.4,11.0,9.4,105.2
SUV,78.26,67.3,89.9,30.0,8.7,61.4
Hatchback,29.81,15.0,40.2,30.0,31.8,17.0
Sedan,56.62,43.9,89.8,3.3,-0.4,1032.4
Hatchback,31.6,63.8,90.4,60.0,-2.1,18.3
Two-Wheeler,3.9,12.2,90.3,7.2,33.7,27.0
SUV,98.32,60.7,97.3,11.0,38.6,314.2
Two-Wheeler,2.75,67.4,99.0,3.3,5.8,44.6
Sedan,53.84,40.4,94.9,30.0,24.5,68.5
Sedan,52.76,41.5,86.5,30.0,43.5,60.6
Two-Wheeler,2.67,61.0,89.6,30.0,14.5,2.1
SUV,94.17,24.9,60.7,11.0,37.0,221.4
SUV,80.71,27.0,39.5,11.0,-4.4,121.1
Two-Wheeler,4.34,22.5,30.4,11.0,19.6,2.0
SUV,88.39,33.1,58.3,7.2,37.4,210.7
Sedan,46.98,66.8,78.8,3.3,14.2,128.4
Two-Wheeler,2.69,16.3,67.5,30.0,35.5,2.9
Hatchback,39.6,21.4,61.2,11.0,5.1,141.3
Sedan,59.29,33.1,46.9,11.0,45.3,75.4
Two-Wheeler,4.25,47.1,94.5,7.2,10.3,27.7
Hatchback,28.68,51.6,66.0,11.0,-0.9,48.1
Two-Wheeler,2.64,23.4,50.3,7.2,18.4,7.1
Sedan,54.88,10.8,20.8,11.0,44.4,34.9
Hatchback,25.99,48.0,81.3,60.0,19.5,10.0
Sedan,63.19,6.6,77.8,30.0,46.3,164.2
Hatchback,37.15,6.0,72.6,3.3,29.0,456.2
Hatchback,28.59,25.8,37.6,7.2,11.0,38.4
Hatchback,33.65,51.4,61.5,11.0,40.1,19.2
SUV,71.28,56.8,80.1,3.3,8.7,469.7
SUV,87.2,18.9,54.3,11.0,11.3,224.7
Sedan,43.21,8.1,46.1,60.0,29.9,18.7
Hatchback,25.82,58.6,90.4,7.2,29.2,77.8
SUV,74.31,55.8,64.8,60.0,44.5,8.8
Sedan,52.18,29.2,80.7,30.0,12.5,80.8
SUV,94.33,13.3,68.5,3.3,40.3,1253.6
SUV,82.66,31.9,39.0,11.0,36.0,40.2
SUV,96.46,61.3,78.2,30.0,14.2,48.8
Hatchback,25.67,2.2,56.3,3.3,23.5,262.1
SUV,90.95,38.2,87.4,3.3,5.6,1398.5
Two-Wheeler,4.4,64.9,79.7,7.2,3.2,9.6
Hatchback,34.47,14.2,34.1,3.3,16.3,148.6
Hatchback,27.35,7.1,17.7,3.3,3.7,89.1
Hatchback,28.07,14.4,32.7,60.0,-2.7,9.7
Two-Wheeler,2.83,16.2,35.0,11.0,0.8,5.7
SUV,69.46,16.4,85.7,30.0,23.3,116.6
Two-Wheeler,4.1,24.4,83.2,30.0,39.6,5.2
Two-Wheeler,3.01,9.3,79.2,60.0,4.2,3.3
SUV,82.74,7.4,82.5,30.0,-3.9,274.3
Two-Wheeler,3.92,33.0,66.0,30.0,44.8,3.3
SUV,87.57,65.1,93.0,11.0,1.3,315.0
Hatchback,36.62,8.7,93.1,30.0,37.1,73.3
Hatchback,26.44,56.3,88.4,60.0,31.1,10.0
Two-Wheeler,3.52,21.4,93.9,7.2,27.2,23.5
Two-Wheeler,2.4,21.8,38.6,3.3,23.9,7.2
SUV,87.57,41.3,59.2,60.0,41.3,21.6
SUV,91.16,5.0,68.6,30.0,44.4,169.1
SUV,79.09,12.2,35.8,11.0,42.1,138.2
SUV,78.95,31.8,58.2,3.3,-4.1,729.1
SUV,74.62,26.6,80.6,60.0,3.3,68.8
SUV,83.67,10.7,21.4,11.0,40.0,64.5
Sedan,52.69,3.6,72.9,11.0,23.8,222.4
Hatchback,27.52,19.6,47.6,3.3,45.0,211.4
SUV,72.52,37.5,54.1,7.2,-0.7,194.3
Two-Wheeler,2.19,36.4,74.9,30.0,28.7,1.8
Sedan,53.21,30.1,63.6,30.0,19.0,37.9
Sedan,47.15,2.9,42.6,30.0,5.1,68.7
SUV,76.29,60.7,99.4,30.0,19.9,102.9
Two-Wheeler,4.2,11.7,69.1,3.3,29.2,43.6
Sedan,56.36,25.3,40.9,3.3,43.4,229.7
Two-Wheeler,2.75,12.1,19.9,30.0,13.3,1.0
Hatchback,28.5,10.6,84.9,60.0,37.4,27.2
Sedan,41.2,51.2,91.6,7.2,13.6,189.1
Two-Wheeler,3.02,50.9,56.0,30.0,13.0,1.0
Hatchback,28.14,50.6,92.4,7.2,4.6,175.6
SUV,70.06,26.5,44.9,11.0,24.8,77.9
SUV,88.49,51.0,99.6,11.0,28.3,394.5
Hatchback,27.08,10.5,59.7,3.3,18.3,316.6
SUV,93.71,9.4,72.9,3.3,31.7,1341.4
Two-Wheeler,3.53,64.9,94.1,3.3,1.9,39.5
Sedan,44.92,50.6,96.4,30.0,10.1,75.6
SUV,75.97,36.6,59.3,11.0,21.7,105.1
Two-Wheeler,2.96,8.1,98.6,3.3,12.1,70.3
Sedan,50.53,67.1,73.6,30.0,20.4,7.9
Sedan,53.64,18.2,63.5,30.0,36.3,50.7
Two-Wheeler,2.14,40.5,62.3,7.2,34.5,4.1
Hatchback,31.71,3.6,74.9,3.3,24.0,515.9
Two-Wheeler,3.64,40.9,75.9,7.2,17.5,13.8
Two-Wheeler,3.73,49.9,85.0,7.2,46.8,19.5
Sedan,41.48,11.0,38.3,3.3,-1.8,429.2
SUV,97.58,27.6,69.0,7.2,26.5,393.1
SUV,88.21,63.3,92.0,7.2,18.4,303.5
Two-Wheeler,3.28,62.2,83.7,30.0,18.3,1.7
Sedan,47.17,37.0,96.4,11.0,21.6,186.5
Two-Wheeler,3.21,25.0,75.2,60.0,45.6,2.7
Sedan,43.27,37.1,67.8,7.2,22.3,102.8
SUV,75.99,34.3,65.3,11.0,22.9,138.5
Hatchback,35.66,29.2,82.4,30.0,43.4,50.0
Two-Wheeler,3.83,28.8,97.0,30.0,5.2,9.9
Two-Wheeler,3.87,19.6,97.0,11.0,30.0,19.4
Sedan,54.68,67.6,98.5,30.0,31.8,53.1
Two-Wheeler,2.08,12.0,62.4,3.3,18.6,23.9
Sedan,49.41,61.1,96.5,60.0,30.9,26.6
Hatchback,31.85,36.2,71.6,60.0,19.4,14.1
Two-Wheeler,2.91,63.6,92.9,3.3,10.3,25.8
SUV,83.64,64.5,88.3,3.3,43.2,507.0
Two-Wheeler,3.71,4.3,87.9,11.0,8.6,22.5
Two-Wheeler,4.45,62.3,95.3,7.2,31.4,16.5
SUV,85.55,20.2,44.4,11.0,20.7,129.2
Hatchback,36.17,44.5,82.5,30.0,41.2,33.1
Two-Wheeler,2.15,9.5,55.2,11.0,15.8,5.8
Sedan,59.75,41.4,46.7,60.0,-3.8,5.9
Hatchback,31.91,27.8,43.0,7.2,0.1,79.7
Hatchback,25.01,4.2,49.8,3.3,30.8,224.6
Hatchback,34.23,45.0,85.6,7.2,10.1,160.0
SUV,98.72,45.1,63.7,3.3,5.6,510.7
Sedan,63.95,61.0,99.4,30.0,12.1,100.5
Sedan,46.26,24.9,50.0,30.0,16.6,28.1
Sedan,40.65,2.3,66.6,3.3,14.4,590.5
Two-Wheeler,2.51,55.8,68.1,11.0,31.3,1.7
Two-Wheeler,3.77,16.8,62.9,7.2,33.0,15.6
Two-Wheeler,2.33,6.8,42.6,30.0,6.6,2.6
SUV,91.67,60.5,97.8,7.2,45.4,696.6
Sedan,47.63,62.9,79.1,30.0,33.9,17.9
Two-Wheeler,2.08,19.1,59.9,60.0,37.3,1.1
Two-Wheeler,4.14,30.0,90.6,3.3,41.8,63.5
Sedan,58.83,36.7,74.1,30.0,22.4,49.5
Hatchback,29.92,14.1,77.1,7.2,17.3,197.6
Two-Wheeler,4.24,2.3,88.7,30.0,-3.6,15.9
Hatchback,28.54,66.2,91.9,60.0,47.1,14.1
Hatchback,34.92,37.0,89.3,3.3,17.7,421.8
SUV,88.31,23.2,64.3,11.0,27.0,236.8
Sedan,46.72,48.7,70.1,7.2,34.8,93.7
SUV,70.51,32.8,49.7,30.0,22.3,25.6
SUV,70.6,64.7,69.8,11.0,33.7,20.7
Hatchback,37.92,12.2,95.5,60.0,3.0,65.2
Two-Wheeler,2.95,55.9,97.5,3.3,12.0,40.2
Sedan,54.9,63.0,78.5,60.0,4.9,14.9
Sedan,62.03,8.0,17.0,11.0,4.2,47.8
Two-Wheeler,2.24,62.3,92.2,7.2,41.9,7.8
SUV,86.88,7.4,99.3,7.2,47.6,1374.2
Hatchback,39.05,43.4,52.8,60.0,1.7,6.6
Two-Wheeler,3.35,58.5,89.5,60.0,38.2,1.3
SUV,67.71,48.9,76.4,30.0,12.8,54.0
Hatchback,36.58,38.4,67.8,3.3,23.1,211.4
SUV,73.0,65.1,93.4,30.0,41.8,70.8
Sedan,53.03,49.9,82.7,3.3,31.3,345.0
Two-Wheeler,3.4,7.3,63.6,30.0,19.7,4.4
Two-Wheeler,4.26,59.0,65.8,3.3,42.7,6.0
SUV,97.56,46.9,57.8,30.0,3.5,34.2
Hatchback,27.46,4.4,56.2,11.0,11.3,113.9
SUV,85.06,39.5,64.1,30.0,35.0,48.3
SUV,78.55,56.2,68.4,11.0,47.3,94.7
Sedan,55.16,30.7,92.0,11.0,29.1,214.8
SUV,69.52,32.4,62.6,60.0,34.8,26.6
Sedan,42.93,53.8,91.1,11.0,9.6,141.9
SUV,68.54,21.8,79.2,3.3,10.1,1097.6
Two-Wheeler,3.76,16.4,30.4,7.2,7.8,6.4
SUV,86.71,30.7,71.7,30.0,44.9,105.0
SUV,82.27,56.5,95.3,3.3,33.7,862.4
SUV,72.61,3.0,22.0,30.0,46.3,42.7
Hatchback,29.66,62.0,90.6,3.3,7.9,278.0
SUV,84.23,41.9,85.8,11.0,9.0,306.0
Sedan,51.85,57.2,97.3,30.0,27.4,64.5
Sedan,41.96,26.7,76.6,30.0,22.9,45.9
SUV,87.29,59.1,87.9,3.3,-0.9,1012.7
Two-Wheeler,2.37,44.1,73.8,60.0,6.9,1.0
SUV,85.0,52.9,62.0,11.0,5.7,69.5
Hatchback,34.86,46.7,67.9,3.3,47.4,207.1
Sedan,44.47,65.6,87.5,60.0,47.5,16.2
SUV,77.23,45.0,51.6,60.0,25.9,7.0
Hatchback,38.97,13.5,90.2,60.0,17.7,43.7
Hatchback,35.0,19.1,38.8,11.0,24.5,41.6
Sedan,40.82,15.6,42.4,30.0,3.9,43.2
Sedan,50.47,19.3,47.4,30.0,37.1,35.7
SUV,90.55,6.6,91.7,30.0,24.9,174.5
Sedan,57.25,43.0,62.0,7.2,40.1,121.8
Hatchback,38.02,16.9,77.4,30.0,10.3,66.9
Hatchback,37.74,14.2,44.9,11.0,35.4,62.0
Hatchback,34.86,9.5,62.0,3.3,39.3,426.2
Two-Wheeler,2.57,13.1,19.6,11.0,37.4,1.0
Sedan,49.92,63.9,73.8,60.0,37.9,6.0
Sedan,64.56,16.4,30.1,11.0,46.5,83.1
Two-Wheeler,2.98,69.4,95.9,3.3,0.1,41.7
Hatchback,36.95,15.1,27.3,11.0,33.9,28.1
Two-Wheeler,3.77,47.4,76.7,11.0,36.4,6.5
Sedan,54.52,31.4,74.4,60.0,17.5,27.0
Sedan,63.7,42.0,85.6,11.0,29.8,163.3
SUV,71.94,3.1,87.4,11.0,9.7,428.5
Sedan,42.73,4.4,94.7,11.0,14.2,273.2
Two-Wheeler,2.01,51.2,95.0,3.3,8.5,28.2
SUV,70.84,27.2,65.4,30.0,29.2,64.0
Hatchback,28.86,46.4,57.0,11.0,-4.7,33.6
Hatchback,32.16,24.2,92.5,3.3,4.5,685.9
Hatchback,39.93,40.7,89.5,30.0,13.6,51.2
Sedan,56.81,19.3,34.8,11.0,0.6,95.9
Hatchback,36.46,45.4,96.9,7.2,46.9,331.2
SUV,73.46,61.8,71.2,7.2,17.1,76.3
Hatchback,25.58,51.3,78.9,11.0,47.9,61.2
Sedan,47.32,9.6,28.0,30.0,31.6,19.4
Hatchback,26.39,5.5,45.3,7.2,17.0,116.3
Hatchback,34.11,21.9,87.9,60.0,24.3,24.3
Hatchback,30.5,56.6,61.8,30.0,8.0,4.8
Two-Wheeler,3.86,65.5,78.2,60.0,43.9,1.0
Two-Wheeler,3.17,16.3,23.8,3.3,28.9,4.6
Hatchback,39.76,64.9,85.5,60.0,11.3,10.5
Two-Wheeler,2.95,45.2,81.8,7.2,0.5,17.7
Hatchback,26.48,25.3,96.4,3.3,37.4,511.4
SUV,99.95,51.0,79.0,3.3,46.9,819.4
Two-Wheeler,3.59,48.9,93.7,3.3,21.4,37.6
Sedan,50.03,40.3,57.0,7.2,37.0,86.7
Two-Wheeler,3.97,40.2,82.9,60.0,40.0,2.0
Hatchback,38.86,4.1,54.5,30.0,2.7,70.8
Hatchback,27.99,4.4,35.2,60.0,36.3,11.1
Hatchback,36.14,40.8,96.5,11.0,35.1,151.2
SUV,84.18,67.8,99.6,60.0,3.7,73.6
Hatchback,25.84,29.3,99.2,30.0,22.9,47.4
SUV,91.25,65.3,97.8,3.3,-1.5,1533.7
Sedan,63.83,16.9,37.4,60.0,26.2,13.5
Sedan,45.14,56.8,72.6,30.0,2.4,24.7
Sedan,56.12,6.6,24.7,3.3,37.1,214.2
Two-Wheeler,2.7,68.1,99.7,11.0,14.4,10.2
Hatchback,38.71,60.6,80.7,60.0,14.1,9.8
Hatchback,32.8,8.5,39.0,11.0,3.6,102.2
SUV,83.04,55.0,84.3,7.2,38.7,231.6
Two-Wheeler,2.13,20.8,58.8,30.0,45.7,2.6
Two-Wheeler,2.38,30.9,57.0,7.2,-0.1,10.8
SUV,87.06,59.2,99.0,11.0,0.5,522.7
Hatchback,33.51,29.0,62.7,60.0,39.7,13.2
Two-Wheeler,2.77,49.6,57.7,7.2,39.8,2.2
Hatchback,36.89,64.2,88.5,11.0,23.1,55.5
SUV,65.45,43.2,87.9,60.0,44.0,41.4
Two-Wheeler,3.58,24.7,98.8,60.0,-1.9,6.8
Sedan,54.62,58.6,97.3,11.0,42.5,182.8
Hatchback,36.29,25.6,51.6,30.0,38.5,21.8
Two-Wheeler,4.2,35.6,92.4,7.2,3.7,36.8
SUV,75.24,27.1,73.0,11.0,10.9,258.9
Two-Wheeler,3.64,24.9,48.1,11.0,30.7,5.1
Sedan,56.32,20.8,52.9,3.3,40.3,384.3
Hatchback,26.29,32.6,95.1,11.0,24.6,106.3
Hatchback,25.88,36.3,55.0,11.0,17.9,31.0
Sedan,45.29,29.3,88.4,3.3,35.8,573.8
Two-Wheeler,2.08,7.2,79.1,30.0,15.8,3.4
Hatchback,32.86,43.2,82.9,7.2,0.1,222.3
SUV,95.24,53.9,66.5,11.0,10.2,93.4
SUV,99.24,7.2,54.9,60.0,14.2,59.3
Hatchback,35.78,42.2,69.6,11.0,33.3,61.1
SUV,70.88,25.1,69.8,30.0,43.6,86.5
Sedan,52.1,52.6,62.5,30.0,26.4,11.8
Hatchback,25.49,37.7,62.3,7.2,43.9,70.4
Hatchback,29.65,19.7,76.2,3.3,25.5,383.8
Hatchback,31.61,19.1,38.5,7.2,38.2,66.1
SUV,67.19,65.8,84.1,30.0,9.1,37.3
Hatchback,25.46,53.6,65.2,3.3,20.0,58.9
Hatchback,29.94,22.7,61.9,60.0,20.6,12.6
Two-Wheeler,3.77,60.6,78.9,60.0,35.9,1.0
Sedan,50.88,42.6,78.3,3.3,22.2,377.4
SUV,98.8,57.0,73.1,7.2,-3.3,250.1
Hatchback,32.3,41.6,98.9,3.3,11.6,534.7
Sedan,51.57,10.2,25.6,60.0,15.6,11.2
SUV,81.96,38.5,58.5,7.2,18.3,164.9
Sedan,58.88,20.6,53.7,11.0,24.3,118.8
Two-Wheeler,2.72,4.5,56.1,30.0,45.4,4.6
Two-Wheeler,2.19,9.9,78.2,11.0,11.7,11.1
Sedan,62.43,22.8,40.5,7.2,14.5,113.4
Hatchback,36.48,48.4,70.0,11.0,41.4,56.6
Hatchback,32.62,23.8,57.9,30.0,26.2,24.3
SUV,83.55,54.3,66.6,30.0,13.9,27.5
Hatchback,30.04,22.8,92.3,30.0,0.8,91.5
Two-Wheeler,2.65,31.7,69.6,60.0,35.8,1.2
Sedan,48.71,25.9,44.4,7.2,-2.1,154.3
SUV,65.39,11.9,95.2,7.2,-1.8,1119.2
Sedan,58.71,24.7,74.7,30.0,9.9,85.2
Hatchback,34.1,33.9,80.9,60.0,34.2,16.6
SUV,81.75,16.8,58.6,30.0,18.3,87.2
SUV,72.59,56.8,77.6,30.0,36.7,36.0
Two-Wheeler,3.37,30.8,44.9,30.0,42.0,1.2
Hatchback,37.69,48.8,92.8,3.3,46.5,515.7
Hatchback,25.58,64.0,88.7,60.0,42.9,9.4
Sedan,63.25,22.6,52.5,30.0,40.1,50.7
SUV,80.05,9.6,66.4,30.0,38.7,122.0
Hatchback,26.53,25.0,70.4,7.2,1.9,178.9
Hatchback,37.36,47.9,83.5,3.3,39.9,304.9
Sedan,41.17,32.3,37.4,60.0,43.8,3.2
SUV,80.54,66.7,78.2,7.2,13.3,101.9
Two-Wheeler,4.21,34.6,45.6,7.2,39.1,5.0
Sedan,41.53,31.9,92.8,60.0,1.3,55.4
Hatchback,26.38,51.3,97.8,60.0,26.9,17.9
Two-Wheeler,4.02,44.8,53.3,30.0,16.2,1.0
Sedan,47.51,36.9,66.4,7.2,38.3,160.5
Hatchback,25.27,54.7,62.7,3.3,7.7,57.3
Sedan,56.22,20.8,70.9,7.2,31.9,266.5
SUV,66.8,54.1,61.5,7.2,40.7,55.4
Hatchback,39.14,26.9,52.5,11.0,1.0,112.3
Hatchback,39.68,61.2,83.5,11.0,18.9,65.5
Two-Wheeler,2.6,39.4,52.3,3.3,41.9,8.0
Hatchback,34.67,29.9,69.0,7.2,35.8,138.5
Hatchback,27.18,18.3,89.6,30.0,46.4,65.3
Sedan,52.78,34.3,79.6,7.2,12.4,262.8
Two-Wheeler,4.28,69.2,77.8,60.0,8.3,1.0
Hatchback,39.41,12.1,42.6,11.0,29.2,75.5
Two-Wheeler,3.38,56.7,78.3,7.2,-3.2,11.5
Two-Wheeler,3.26,43.0,67.2,30.0,0.6,3.1
Two-Wheeler,4.46,68.5,81.9,7.2,5.3,8.0
SUV,66.11,38.5,59.6,30.0,-2.4,56.1
SUV,74.91,40.5,59.0,3.3,14.2,362.1
Two-Wheeler,3.15,42.1,64.6,60.0,41.9,1.0
Two-Wheeler,2.09,8.9,68.0,3.3,47.9,32.3
SUV,93.63,26.1,72.0,7.2,18.3,445.4
Sedan,63.26,22.8,71.2,3.3,-4.6,1142.1
SUV,86.43,23.7,75.1,30.0,37.2,111.0
Hatchback,31.92,31.7,39.7,3.3,31.0,53.8
Two-Wheeler,2.69,21.6,35.0,7.2,44.2,4.2
Sedan,59.56,33.2,88.3,3.3,22.0,662.1
Sedan,54.64,17.0,56.9,7.2,2.0,390.6
Hatchback,25.4,8.2,62.1,11.0,33.0,81.3
Two-Wheeler,3.2,25.1,78.1,30.0,9.3,4.7
SUV,83.82,50.9,69.9,3.3,43.7,427.4
Two-Wheeler,3.69,58.2,67.3,7.2,0.2,5.0
Two-Wheeler,3.37,59.3,74.6,7.2,-4.5,8.9
Hatchback,32.73,55.3,94.0,11.0,2.7,153.7
SUV,95.49,40.6,94.2,11.0,39.1,372.0
SUV,84.88,38.4,49.6,30.0,-3.7,42.4
Hatchback,33.29,37.2,50.6,11.0,38.3,26.7
Sedan,62.08,58.6,87.8,60.0,18.3,22.8
Sedan,63.05,45.0,79.9,7.2,25.8,195.4
Hatchback,25.66,30.8,98.4,30.0,35.2,46.0
Hatchback,31.93,68.5,98.7,11.0,-0.9,171.1
Sedan,44.86,32.5,75.0,3.3,38.0,379.7
Two-Wheeler,3.52,33.2,57.3,7.2,4.4,10.7
Hatchback,35.27,64.3,76.0,7.2,33.3,40.4
SUV,76.39,18.3,83.7,30.0,12.3,127.8
SUV,95.45,57.5,96.3,60.0,44.3,57.6
SUV,71.62,28.6,50.4,7.2,39.6,159.7
Sedan,60.22,45.6,79.0,11.0,38.0,125.2
SUV,84.09,23.8,57.5,30.0,31.1,65.8
Hatchback,36.87,21.9,58.9,30.0,34.6,28.4
Hatchback,25.27,62.2,70.4,11.0,23.1,11.4
SUV,69.37,47.2,67.0,60.0,18.0,17.5
Two-Wheeler,4.2,51.1,95.6,7.2,37.9,21.5
Hatchback,29.48,25.5,37.6,3.3,3.2,111.7
Two-Wheeler,2.42,20.5,61.3,11.0,3.7,8.8
Two-Wheeler,4.21,25.0,62.4,30.0,10.3,4.4
Sedan,51.49,33.4,57.3,3.3,41.0,288.2
Two-Wheeler,3.88,12.0,24.0,3.3,14.5,10.4
Hatchback,34.87,62.9,86.1,60.0,5.1,14.5
Hatchback,26.12,30.5,41.0,30.0,16.0,7.2
SUV,77.44,10.3,57.2,30.0,1.9,151.3
Sedan,55.22,38.1,52.6,30.0,43.8,19.7
SUV,67.28,6.9,53.4,60.0,10.3,42.2
Two-Wheeler,4.34,43.0,49.5,30.0,-2.9,1.2
Hatchback,27.08,5.6,35.4,3.3,-2.6,307.3
SUV,95.16,48.1,74.7,11.0,19.7,160.9
SUV,83.59,10.0,81.7,7.2,12.4,722.3
Hatchback,26.4,66.7,91.2,30.0,34.2,15.4
Hatchback,25.45,24.2,80.5,11.0,6.4,130.0
Hatchback,38.66,35.8,58.6,11.0,41.4,56.0
Sedan,50.39,32.1,51.1,7.2,37.3,99.6
Hatchback,25.25,9.0,57.8,11.0,8.8,91.3
SUV,88.2,14.7,74.9,11.0,0.8,626.9
SUV,75.22,58.9,92.3,30.0,41.7,81.3
SUV,81.95,23.2,72.9,60.0,41.8,52.4
Hatchback,27.29,32.4,96.2,7.2,46.2,297.9
SUV,89.83,17.8,39.1,3.3,34.0,375.5
Hatchback,38.89,12.4,62.6,30.0,32.1,42.9
Sedan,41.69,69.6,88.9,60.0,6.3,14.0
Two-Wheeler,2.01,58.9,66.5,30.0,6.4,1.0
Hatchback,34.59,44.2,74.2,30.0,22.2,21.5
Hatchback,30.44,61.7,79.5,7.2,35.3,43.3
Hatchback,27.31,10.4,57.3,7.2,5.8,171.9
Sedan,52.22,24.6,42.7,60.0,18.2,11.5
SUV,95.36,40.7,90.8,3.3,34.3,1079.2
Sedan,43.51,7.0,14.5,30.0,39.8,7.9
SUV,87.34,11.4,67.2,30.0,0.9,179.3
Sedan,42.5,50.0,82.2,7.2,31.2,126.1
SUV,84.55,27.4,41.9,7.2,39.6,121.7
SUV,74.03,58.3,82.0,30.0,-1.3,67.0
SUV,76.69,9.8,42.4,11.0,-4.8,307.6
Two-Wheeler,3.35,27.5,97.3,30.0,-2.6,11.1
SUV,83.23,19.9,62.8,30.0,19.9,85.9
Two-Wheeler,3.09,27.3,41.1,7.2,7.6,5.0
SUV,91.3,38.7,46.8,30.0,7.2,21.7
Hatchback,35.05,46.0,76.3,7.2,11.3,125.9
Sedan,46.18,21.2,35.3,30.0,33.6,15.3
Two-Wheeler,2.9,37.1,64.8,11.0,11.4,6.5
Sedan,55.64,3.3,42.4,60.0,5.5,36.1
Two-Wheeler,3.04,64.8,97.1,7.2,9.4,17.2
SUV,98.6,52.6,61.8,60.0,31.0,11.1
SUV,96.2,45.4,95.7,7.2,-1.4,981.3
SUV,75.55,61.6,93.2,11.0,25.1,157.5
SUV,81.36,5.7,65.1,30.0,18.0,109.5
Hatchback,37.35,56.8,90.6,3.3,36.3,299.1
SUV,91.52,44.4,75.6,11.0,13.8,200.4
Sedan,40.7,31.7,71.4,3.3,12.2,382.2
Hatchback,26.92,34.3,96.5,60.0,45.6,32.3
Sedan,44.8,56.7,99.1,30.0,12.6,79.9
Hatchback,31.71,24.2,64.5,3.3,22.5,244.9
Sedan,50.95,53.6,81.7,60.0,33.5,14.0
Sedan,44.08,56.1,69.9,60.0,31.4,6.3
SUV,95.99,57.1,88.7,11.0,-1.0,371.5
SUV,89.4,39.2,44.4,60.0,1.6,9.3
Two-Wheeler,2.89,58.4,75.3,7.2,22.4,4.9
SUV,90.08,17.6,67.5,11.0,26.2,303.0
Two-Wheeler,4.24,34.0,41.0,7.2,-0.9,4.7
SUV,92.78,69.1,95.8,3.3,16.5,766.6
SUV,82.16,34.3,76.9,7.2,37.0,335.5
SUV,91.0,62.6,94.8,7.2,46.4,510.0
Two-Wheeler,4.34,46.5,85.7,60.0,11.4,2.3
Sedan,62.41,16.4,50.4,30.0,-0.5,92.9
Two-Wheeler,3.91,31.7,37.4,60.0,46.4,1.0
Hatchback,37.81,16.0,34.5,7.2,20.0,62.1
SUV,99.87,19.6,39.8,60.0,19.8,23.4
Sedan,42.42,12.9,34.7,60.0,-0.6,17.8
SUV,96.15,57.9,70.1,11.0,2.6,104.0
SUV,82.69,50.7,95.5,7.2,4.9,599.5
Hatchback,33.31,8.1,41.6,7.2,11.2,133.5
Hatchback,37.82,42.3,93.9,60.0,10.1,27.7
Hatchback,28.5,47.8,77.0,30.0,21.4,18.5
Sedan,60.71,30.7,85.6,60.0,1.1,64.9
Hatchback,27.95,26.3,37.6,3.3,42.2,74.8
Two-Wheeler,2.25,65.9,71.0,3.3,45.7,3.3
SUV,66.23,26.7,88.8,11.0,12.1,322.7
Hatchback,37.58,55.2,78.7,11.0,39.2,54.3
Sedan,41.89,57.0,87.3,60.0,32.1,13.8
Sedan,58.88,27.5,73.2,3.3,7.5,730.1
Sedan,49.21,22.3,29.9,30.0,3.1,12.3
Sedan,40.74,25.8,56.1,11.0,7.2,99.1
Sedan,55.73,54.2,68.7,3.3,12.2,200.6
Hatchback,33.5,29.1,99.1,60.0,-1.9,62.8
Two-Wheeler,2.62,64.8,85.7,11.0,42.2,3.8
Hatchback,38.74,34.5,87.5,3.3,11.7,474.5
Sedan,46.58,64.3,78.3,30.0,10.2,18.0
Two-Wheeler,2.36,18.3,74.2,7.2,1.6,19.2
Sedan,43.42,20.9,51.2,60.0,26.1,15.0
Sedan,64.59,23.8,43.5,60.0,8.2,19.8
Sedan,60.39,33.5,39.1,7.2,36.7,34.2
Sedan,59.06,40.1,51.7,60.0,22.6,8.2
SUV,89.83,34.6,64.5,60.0,20.3,29.1
Hatchback,28.84,49.1,57.7,3.3,15.7,58.8
Hatchback,30.02,37.6,90.6,30.0,23.0,39.0
Hatchback,39.62,40.7,64.4,11.0,35.8,53.4
Two-Wheeler,2.39,69.2,92.2,60.0,27.5,1.0
Hatchback,28.84,10.1,56.9,3.3,22.2,281.1
Two-Wheeler,3.8,29.5,86.8,11.0,1.2,25.2
Hatchback,39.93,38.3,80.2,7.2,0.2,276.1
Two-Wheeler,3.42,5.9,86.6,60.0,0.6,4.6
Sedan,61.81,68.2,80.1,3.3,39.9,162.1
Hatchback,36.65,49.7,57.9,30.0,13.9,7.5
Hatchback,31.9,19.7,64.3,7.2,20.5,131.2
Two-Wheeler,3.47,68.6,88.8,3.3,44.3,21.1
Two-Wheeler,3.47,41.4,57.2,30.0,3.8,1.8
Two-Wheeler,2.69,15.1,80.3,7.2,14.8,19.3
Sedan,50.99,31.0,72.8,7.2,7.3,290.0
SUV,89.32,25.5,90.3,30.0,14.5,164.8
SUV,94.27,66.7,77.4,7.2,-3.2,169.8
SUV,73.56,38.4,99.1,11.0,44.9,439.4
Sedan,52.76,21.5,37.0,30.0,1.7,31.0
Two-Wheeler,2.68,41.8,87.0,30.0,-4.7,4.7
Two-Wheeler,3.53,11.8,64.2,7.2,26.1,16.9
SUV,99.27,31.7,65.7,3.3,33.1,730.2
SUV,88.33,49.2,85.3,30.0,23.6,72.4
Hatchback,36.44,33.8,47.2,11.0,20.9,29.3
Hatchback,34.27,28.0,44.7,11.0,33.2,35.1
Sedan,63.31,27.0,54.7,7.2,1.6,275.0
Hatchback,29.19,18.9,94.7,7.2,24.7,218.7
Sedan,60.23,8.8,34.1,60.0,5.2,24.1
Sedan,59.15,36.5,59.2,30.0,7.9,38.7
Hatchback,31.01,16.3,83.2,7.2,27.3,206.9
SUV,89.69,49.0,74.7,11.0,29.7,157.3
Two-Wheeler,3.46,5.3,82.0,3.3,38.8,62.4
Hatchback,36.74,47.1,70.6,7.2,8.9,98.3
SUV,99.92,48.0,78.8,3.3,47.2,907.2
Sedan,62.28,10.2,99.2,60.0,34.7,68.9
Two-Wheeler,2.18,55.3,72.4,11.0,13.1,2.7
Hatchback,28.1,2.8,73.6,11.0,18.2,145.5
Sedan,49.3,63.6,77.1,7.2,15.3,64.8
Hatchback,28.04,66.3,74.1,3.3,32.7,43.2
Two-Wheeler,3.57,26.0,47.9,30.0,17.2,2.2
Two-Wheeler,2.72,33.6,79.6,60.0,41.2,1.4
Two-Wheeler,3.12,60.5,92.7,3.3,45.7,33.2
Two-Wheeler,2.5,25.5,38.5,3.3,31.7,5.4
Two-Wheeler,2.59,66.0,93.3,3.3,12.0,20.3
Two-Wheeler,3.92,28.5,45.3,60.0,36.8,1.0
SUV,67.72,18.8,47.8,7.2,14.3,218.8
Hatchback,39.44,9.8,75.4,30.0,4.6,85.5
Sedan,62.2,3.6,28.5,3.3,29.7,331.8
Two-Wheeler,2.61,44.3,99.6,11.0,28.9,10.9
SUV,89.99,42.8,57.0,60.0,10.7,19.0
SUV,77.31,46.1,59.1,11.0,38.5,73.1
SUV,90.36,54.4,72.7,60.0,11.5,22.3
SUV,85.49,28.2,70.5,60.0,32.3,40.1
Hatchback,36.91,45.7,92.3,11.0,37.5,115.5
Sedan,55.12,47.1,63.0,30.0,36.0,21.9
Hatchback,30.26,53.8,75.9,3.3,27.8,139.1
Hatchback,37.48,11.1,21.2,30.0,7.8,11.5
Sedan,49.52,63.9,89.3,30.0,37.4,29.6
SUV,82.14,7.8,16.2,60.0,25.0,8.3
SUV,75.74,28.8,34.5,3.3,46.4,134.7
SUV,94.55,43.4,57.7,7.2,36.9,141.5
Hatchback,36.32,63.0,77.2,11.0,27.0,29.6
Hatchback,25.05,8.4,29.8,60.0,-4.3,11.0
Sedan,62.88,22.8,33.2,3.3,15.0,142.9
Sedan,63.85,14.0,91.8,3.3,-4.2,2044.6
Sedan,59.19,46.7,61.1,11.0,-2.4,96.6
Hatchback,37.75,18.1,46.2,11.0,13.0,81.8
Two-Wheeler,3.3,42.1,74.7,3.3,23.9,20.3
Two-Wheeler,3.13,58.9,83.9,60.0,27.4,1.0
Sedan,43.54,41.5,56.3,60.0,-2.5,13.2
SUV,89.16,29.6,84.1,60.0,47.3,89.3
Two-Wheeler,3.29,16.6,32.1,60.0,-1.2,1.1
Two-Wheeler,3.69,58.1,92.5,3.3,-0.5,45.8
Hatchback,39.96,68.1,97.9,60.0,2.7,31.4
Two-Wheeler,2.64,35.4,88.3,7.2,18.5,15.2
Sedan,47.15,54.6,90.5,60.0,-0.2,40.6
Sedan,58.09,52.5,70.3,3.3,31.1,212.2
Hatchback,35.28,59.1,81.8,11.0,32.2,47.7
Sedan,42.18,34.8,62.2,11.0,43.8,86.1
SUV,72.37,42.7,64.8,60.0,42.7,24.2
Two-Wheeler,2.42,52.8,95.5,7.2,35.6,11.7
SUV,82.91,17.1,40.2,60.0,29.0,22.8
Two-Wheeler,2.31,33.4,42.4,30.0,43.8,1.0
Hatchback,30.37,41.8,84.3,60.0,39.2,16.8
Sedan,46.54,15.7,74.7,11.0,16.2,177.1
Two-Wheeler,2.63,3.7,54.3,30.0,12.2,3.6
SUV,78.65,17.3,47.8,11.0,-2.6,299.2
Sedan,44.57,40.4,81.3,30.0,23.1,39.8
Two-Wheeler,4.23,3.9,55.8,60.0,19.3,2.6
Hatchback,39.88,50.3,67.5,60.0,-1.5,14.1
SUV,75.03,52.5,99.2,30.0,6.3,171.9
SUV,79.61,15.4,26.1,11.0,34.5,54.4
Sedan,45.42,52.9,84.3,30.0,16.1,35.2
SUV,96.84,56.5,99.4,30.0,3.0,218.5
Two-Wheeler,2.86,24.8,76.3,7.2,36.6,14.6
Two-Wheeler,2.88,35.9,50.5,30.0,-2.2,1.5
Hatchback,38.84,63.0,79.7,60.0,34.7,6.6
SUV,80.61,27.3,89.4,3.3,25.6,1181.2
Two-Wheeler,2.78,39.6,56.8,3.3,46.3,14.0
Sedan,43.42,55.8,98.9,30.0,37.5,66.8
Hatchback,32.99,4.5,88.3,30.0,7.4,90.7
Sedan,58.7,39.4,58.6,60.0,38.6,12.7
Sedan,44.75,31.9,59.4,11.0,10.6,83.2
Two-Wheeler,2.79,18.7,91.0,60.0,36.0,2.2
SUV,67.96,52.2,95.3,30.0,20.1,72.0
Sedan,40.9,2.9,19.5,11.0,46.1,65.9
SUV,77.92,66.4,87.2,3.3,37.0,404.2
Two-Wheeler,2.83,49.1,96.8,3.3,36.3,35.4
Sedan,61.76,37.2,68.6,7.2,10.1,215.5
SUV,78.58,53.2,86.4,3.3,2.1,848.1
SUV,73.18,15.6,61.0,7.2,12.8,421.5
SUV,98.43,42.2,90.5,30.0,43.3,143.4
SUV,74.79,48.5,68.5,3.3,1.9,520.3
Two-Wheeler,2.36,64.4,69.6,7.2,7.3,1.4
SUV,97.37,61.7,80.7,60.0,-0.1,43.2
Two-Wheeler,2.29,54.6,60.6,7.2,6.5,1.8
Two-Wheeler,2.17,48.4,67.5,7.2,43.6,4.1
Hatchback,38.47,7.4,89.2,7.2,39.3,325.2
SUV,69.17,65.0,99.6,11.0,13.4,303.7
Sedan,55.07,18.4,25.0,7.2,13.6,41.5
Sedan,52.92,65.3,94.5,3.3,16.9,418.6
Hatchback,33.56,30.4,53.3,60.0,44.7,10.0
Hatchback,38.49,48.2,94.6,7.2,10.9,218.1
SUV,87.27,68.3,85.0,60.0,21.6,18.6
Sedan,57.54,64.4,83.8,30.0,25.1,25.8
SUV,90.13,66.9,99.1,30.0,24.7,108.9
Sedan,56.21,6.6,27.6,11.0,41.0,82.8
SUV,76.3,68.7,91.4,60.0,34.7,21.1
Sedan,58.17,15.6,59.3,11.0,45.4,242.1
SUV,93.04,55.4,97.1,60.0,35.5,57.0
Sedan,40.96,14.1,74.0,11.0,43.9,183.4
Hatchback,31.86,58.0,86.4,30.0,26.1,20.5
Two-Wheeler,3.26,47.7,70.6,7.2,20.9,7.3
Hatchback,28.21,14.5,89.8,3.3,42.7,508.5
Sedan,50.41,39.3,67.1,30.0,19.8,34.4
Sedan,40.53,36.2,46.9,7.2,45.7,68.6
SUV,81.82,23.9,77.7,3.3,32.4,990.0
Two-Wheeler,4.14,5.2,52.4,7.2,45.2,26.4
SUV,89.9,29.8,79.3,60.0,45.2,72.7
SUV,93.55,17.4,30.2,3.3,16.4,265.4
Hatchback,37.71,24.2,37.7,7.2,21.4,47.5
Two-Wheeler,4.24,6.2,64.1,7.2,39.6,23.0
Hatchback,25.63,7.5,54.7,30.0,45.1,40.3
Hatchback,37.2,66.9,76.1,60.0,0.6,6.8
Two-Wheeler,4.14,64.6,79.3,11.0,38.6,4.2
Two-Wheeler,3.14,62.0,95.9,11.0,45.9,13.1
Two-Wheeler,4.07,7.5,88.8,11.0,6.5,29.9
Two-Wheeler,2.07,28.6,53.0,30.0,-1.4,2.0
Two-Wheeler,3.88,29.5,37.5,3.3,6.8,8.8
Sedan,50.95,46.7,98.1,7.2,-1.8,639.5
Hatchback,38.25,39.5,86.2,7.2,19.3,187.8
Sedan,44.12,29.0,99.1,60.0,8.8,51.1
Hatchback,37.54,69.7,90.5,7.2,47.4,135.3
Two-Wheeler,3.48,10.9,67.7,30.0,23.4,4.3
SUV,72.84,9.5,93.5,60.0,34.3,90.5
Hatchback,37.34,13.1,18.2,11.0,24.0,12.6
Hatchback,28.06,52.1,87.6,60.0,3.8,18.3
Hatchback,33.11,10.6,94.9,7.2,36.5,273.2
Two-Wheeler,2.17,57.7,95.6,3.3,22.9,20.9
SUV,92.95,61.4,77.0,11.0,42.7,94.7
SUV,94.8,37.4,45.4,7.2,0.4,130.3
Sedan,64.91,50.8,75.2,3.3,37.8,356.9
Sedan,49.13,26.3,41.0,3.3,28.4,146.2
SUV,86.15,51.1,99.6,7.2,41.9,674.4
Two-Wheeler,3.36,33.5,92.2,3.3,38.2,45.4
SUV,77.58,46.3,85.2,60.0,22.0,32.9
SUV,70.65,28.4,78.1,3.3,11.4,825.0
Hatchback,31.81,23.9,36.9,11.0,24.2,25.3
Sedan,58.56,11.2,62.8,60.0,41.3,39.9
Two-Wheeler,4.04,20.8,72.7,60.0,32.6,2.4
Hatchback,32.97,24.0,66.4,60.0,43.9,18.5
Hatchback,31.52,53.8,98.9,3.3,17.4,418.1
Hatchback,30.46,22.3,76.6,7.2,43.6,177.1
Two-Wheeler,3.34,59.8,97.8,11.0,36.3,10.5
SUV,82.05,30.9,97.7,30.0,24.2,158.9
Two-Wheeler,3.29,27.8,51.5,3.3,46.1,25.5
Two-Wheeler,2.87,46.2,66.2,60.0,18.6,1.0
Hatchback,29.33,21.9,57.7,11.0,-3.8,114.3
SUV,87.08,6.6,45.4,7.2,-2.7,667.9
Sedan,61.3,16.0,65.9,60.0,41.0,38.7
Two-Wheeler,3.05,62.7,71.3,3.3,-0.4,8.6
SUV,78.61,29.2,80.2,7.2,-3.5,711.3
Two-Wheeler,3.28,50.1,83.9,11.0,30.9,6.9
Two-Wheeler,3.54,33.3,69.3,60.0,8.0,1.9
Two-Wheeler,3.45,65.5,86.8,7.2,-3.0,11.7
Hatchback,27.73,35.8,62.6,11.0,17.2,53.8
SUV,73.43,46.9,86.5,60.0,47.0,55.0
Sedan,63.37,66.7,93.7,7.2,15.5,215.0
Two-Wheeler,2.55,58.1,80.9,11.0,-1.9,6.4
SUV,94.95,13.1,45.6,60.0,37.0,36.3
SUV,84.17,23.1,57.6,60.0,10.6,41.4
Hatchback,33.51,47.7,64.0,11.0,42.4,36.4
Two-Wheeler,2.31,30.0,96.4,7.2,38.8,18.5
SUV,66.38,35.4,55.5,11.0,-4.9,160.5
SUV,97.89,33.8,69.2,30.0,24.7,78.4
Hatchback,26.03,47.2,76.5,7.2,26.4,70.4
Sedan,49.46,48.8,76.5,60.0,24.5,17.0
Hatchback,26.37,48.4,67.6,7.2,10.8,57.9
Hatchback,37.51,51.7,80.2,60.0,-3.4,23.3
SUV,90.03,39.2,59.9,3.3,19.2,388.7
Sedan,58.63,4.4,88.3,30.0,33.1,114.4
Hatchback,35.41,43.6,66.0,7.2,3.9,102.3
SUV,77.07,61.0,95.5,30.0,35.4,77.3
SUV,99.38,19.7,27.4,11.0,22.5,46.9
Two-Wheeler,4.35,31.3,87.2,30.0,32.9,5.2
Two-Wheeler,3.81,54.9,62.9,3.3,43.1,7.8
SUV,89.43,56.4,62.2,30.0,29.1,12.6
Sedan,43.39,40.8,84.9,7.2,7.9,244.4
Hatchback,28.63,24.3,91.6,60.0,17.2,24.1
SUV,92.59,52.0,68.8,3.3,27.3,333.1
SUV,93.38,66.4,93.5,7.2,33.2,300.8
Two-Wheeler,3.39,47.8,88.8,3.3,32.7,27.9
Hatchback,37.11,35.7,65.1,11.0,-0.2,118.2
Two-Wheeler,2.89,53.2,99.7,30.0,6.0,5.9
Hatchback,33.38,28.1,74.6,7.2,30.1,141.1
Two-Wheeler,4.28,67.4,80.0,3.3,40.6,11.8
Two-Wheeler,3.21,7.5,51.3,7.2,11.3,14.9
Sedan,43.22,26.0,90.6,11.0,31.0,181.9
Sedan,54.05,21.9,60.0,7.2,27.3,191.2
Two-Wheeler,3.47,10.8,17.6,11.0,-0.3,2.5
Hatchback,27.19,26.0,54.0,60.0,26.5,8.7
Sedan,44.57,34.7,53.0,60.0,16.3,9.3
Hatchback,38.52,41.6,82.5,3.3,16.4,344.2
Two-Wheeler,2.85,52.3,95.9,60.0,24.7,1.7
SUV,66.75,6.9,71.0,7.2,43.8,486.3
SUV,68.98,15.8,88.7,7.2,8.3,615.5
Two-Wheeler,4.5,16.7,96.7,60.0,11.4,5.9
Two-Wheeler,2.1,56.6,79.1,7.2,47.3,7.1
SUV,84.82,56.1,61.9,7.2,28.6,51.2
SUV,68.08,2.6,35.7,7.2,29.3,218.8
Hatchback,32.37,58.0,93.9,3.3,25.8,294.0
Hatchback,32.33,54.5,77.0,7.2,39.6,80.2
Hatchback,38.84,62.4,80.4,11.0,34.3,43.9
Hatchback,39.06,7.4,94.6,11.0,31.1,220.7
Two-Wheeler,3.83,19.0,26.5,3.3,5.7,8.7
SUV,83.52,38.3,68.7,3.3,34.6,520.2
Sedan,64.75,66.2,78.9,60.0,41.6,9.2
SUV,99.61,17.4,67.8,11.0,6.3,438.2
Two-Wheeler,3.59,50.5,71.4,60.0,43.9,1.1
SUV,71.52,20.0,84.1,7.2,12.7,487.6
Sedan,48.18,37.5,98.7,7.2,45.2,562.7
Two-Wheeler,4.46,26.9,45.4,30.0,43.0,2.0
Two-Wheeler,2.6,27.2,61.5,7.2,39.2,8.7
SUV,71.45,51.8,83.9,11.0,2.8,236.7
Sedan,55.37,3.4,61.9,7.2,8.6,388.4
Two-Wheeler,3.4,22.2,46.4,60.0,-1.9,1.6
Hatchback,34.43,60.6,68.3,3.3,42.4,64.2
Two-Wheeler,2.21,2.0,62.1,3.3,9.3,31.2
SUV,79.68,15.4,87.1,30.0,5.9,169.3
Two-Wheeler,4.0,32.3,95.5,30.0,1.4,10.2
Hatchback,37.97,46.1,83.5,30.0,46.0,50.2
Two-Wheeler,3.69,20.3,54.2,11.0,31.5,7.3
Hatchback,33.53,49.2,61.6,60.0,46.4,6.8
Hatchback,28.15,38.9,49.4,30.0,-2.1,12.8
SUV,98.54,52.9,87.9,7.2,35.4,290.9
SUV,85.33,16.2,74.3,60.0,24.3,54.9
Two-Wheeler,3.46,7.1,83.8,7.2,27.1,24.5
SUV,99.56,7.6,53.5,11.0,30.6,303.4
Sedan,64.5,35.0,87.8,30.0,21.4,70.5
Hatchback,31.78,67.6,91.4,11.0,31.2,54.4
Hatchback,30.38,5.4,76.7,3.3,37.2,446.0
Two-Wheeler,4.25,9.2,44.9,11.0,1.3,16.6
Hatchback,30.88,58.9,78.7,11.0,0.8,68.1
SUV,90.32,31.5,50.4,7.2,0.3,313.6
SUV,99.59,37.5,84.3,7.2,25.0,481.5
SUV,78.7,62.0,73.3,7.2,28.3,85.3
Two-Wheeler,4.0,6.8,61.9,60.0,31.4,2.5
Sedan,62.76,46.0,75.2,30.0,35.2,39.6
Two-Wheeler,3.27,43.5,73.8,30.0,17.0,2.3
Sedan,64.43,26.1,74.1,30.0,33.4,75.8
Two-Wheeler,4.33,61.2,80.4,60.0,2.4,1.5
Sedan,41.06,59.0,95.9,11.0,28.5,112.1
Two-Wheeler,4.44,31.7,49.7,7.2,45.9,11.8
Sedan,53.96,41.8,93.5,7.2,24.0,276.7
Sedan,64.31,5.6,68.4,11.0,-0.6,450.2
Hatchback,35.65,58.7,83.3,30.0,37.5,20.7
Sedan,51.14,13.7,63.1,7.2,22.4,234.8
SUV,86.13,31.6,50.7,11.0,45.6,162.7
Hatchback,32.15,27.7,99.8,7.2,33.2,271.8
Two-Wheeler,2.48,65.3,83.7,3.3,-4.2,17.5
Hatchback,29.36,30.9,53.6,30.0,18.4,16.7
Hatchback,37.1,10.7,82.3,11.0,21.8,174.7
Hatchback,30.26,57.1,92.0,11.0,7.2,92.4
Hatchback,25.08,22.2,68.0,3.3,35.2,252.3
SUV,65.12,46.2,61.3,11.0,25.5,59.0
Two-Wheeler,2.75,25.3,42.4,7.2,32.4,4.2
Hatchback,33.74,17.4,47.4,30.0,44.0,27.6
Sedan,56.08,25.3,62.7,3.3,5.9,596.9
SUV,80.2,29.6,95.0,11.0,8.8,481.3
SUV,80.92,53.2,81.6,60.0,13.6,30.1
Hatchback,31.88,46.0,80.1,7.2,22.2,109.2
SUV,83.53,36.4,51.0,30.0,32.7,31.7
Sedan,45.01,65.9,82.8,7.2,31.7,81.9
SUV,76.69,54.4,79.9,11.0,20.5,126.5
Two-Wheeler,4.05,6.1,43.0,60.0,3.2,2.6
Hatchback,36.5,43.8,88.1,7.2,30.5,162.8
Sedan,44.31,17.7,32.3,11.0,41.4,43.9
Hatchback,28.61,19.9,34.3,3.3,32.0,79.9
SUV,95.42,5.7,64.9,11.0,26.2,327.2
Two-Wheeler,3.06,25.0,57.3,7.2,28.9,8.9
Sedan,64.85,31.0,99.4,60.0,20.6,64.7
Sedan,48.41,6.1,27.5,60.0,33.4,11.1
Two-Wheeler,4.08,63.9,97.1,30.0,4.6,5.9
Two-Wheeler,2.61,69.9,93.4,60.0,44.5,1.0
SUV,98.24,21.2,92.9,7.2,4.0,1238.7
Sedan,62.8,33.4,75.3,30.0,12.3,66.8
Sedan,58.37,60.8,70.9,30.0,-1.9,24.0
Hatchback,34.39,18.2,86.6,11.0,18.6,150.6
Two-Wheeler,2.12,26.3,60.6,3.3,17.8,16.7
Two-Wheeler,3.26,21.5,50.9,11.0,24.6,5.8
SUV,80.14,6.3,77.5,3.3,26.1,1153.8
Two-Wheeler,2.22,63.6,78.4,7.2,15.3,3.3
SUV,72.28,56.9,82.2,7.2,8.6,232.4
Two-Wheeler,2.51,35.4,51.7,30.0,14.9,1.0
SUV,85.18,40.7,56.0,3.3,5.5,401.0
Two-Wheeler,3.51,21.0,69.4,11.0,17.2,11.2
Sedan,41.73,10.6,53.0,11.0,11.3,124.5
Hatchback,27.01,6.5,83.8,3.3,40.6,462.9
SUV,95.59,68.3,83.9,60.0,29.9,17.8
Sedan,43.63,48.4,68.6,60.0,26.2,10.2
Two-Wheeler,4.38,23.0,68.4,11.0,40.5,13.9
Hatchback,30.8,54.9,74.3,11.0,8.1,47.9
Hatchback,29.29,69.3,90.0,11.0,47.6,59.0
Two-Wheeler,2.28,49.0,59.5,60.0,2.8,1.0
SUV,87.77,21.7,92.3,30.0,43.9,187.0
Sedan,54.94,28.7,64.0,30.0,2.5,76.2
Two-Wheeler,2.95,15.7,53.0,11.0,3.9,9.7
Hatchback,36.2,48.5,95.1,30.0,4.7,65.0
Hatchback,39.73,26.7,50.6,30.0,-1.9,41.7
Hatchback,26.67,63.0,97.8,7.2,23.7,125.9
Two-Wheeler,2.28,11.1,56.3,11.0,39.7,6.8
Two-Wheeler,2.83,5.8,33.3,30.0,-1.3,3.2
SUV,71.07,29.5,34.7,7.2,-3.5,63.3
Sedan,49.59,68.8,81.0,30.0,34.6,12.8
Two-Wheeler,2.72,17.6,73.9,7.2,-3.4,26.2
Sedan,52.03,28.6,96.6,7.2,3.9,669.3
SUV,74.89,39.0,45.5,30.0,42.8,12.8
Sedan,58.23,6.2,93.1,3.3,1.4,2109.6
SUV,72.24,65.1,90.1,60.0,20.2,18.5
Hatchback,31.33,29.4,73.1,11.0,16.8,88.1
Hatchback,39.7,39.7,52.5,11.0,46.3,43.9
Two-Wheeler,2.76,25.3,30.8,60.0,42.1,1.0
Hatchback,27.8,62.5,79.0,7.2,24.8,41.8
Hatchback,30.82,19.0,41.0,3.3,16.6,129.3
SUV,85.43,5.0,29.8,60.0,18.8,24.1
Hatchback,36.59,40.8,65.1,30.0,4.9,30.2
Sedan,50.26,2.1,38.5,3.3,-4.6,604.7
Hatchback,34.95,62.7,96.4,7.2,38.6,157.8
Hatchback,31.37,29.8,73.3,7.2,15.6,154.1
Two-Wheeler,3.02,61.2,90.0,3.3,11.2,23.9
Sedan,60.97,58.0,86.0,30.0,44.8,51.1
Sedan,45.09,66.1,92.2,30.0,9.4,35.7
Two-Wheeler,3.32,53.8,73.8,3.3,34.2,15.1
Two-Wheeler,4.4,16.2,46.7,60.0,6.9,2.0
Two-Wheeler,3.2,62.3,91.0,3.3,25.0,21.8
Two-Wheeler,3.91,66.1,95.6,3.3,44.7,40.0
SUV,73.31,8.6,34.0,7.2,29.0,161.7
Sedan,43.31,48.5,80.8,60.0,34.3,16.7
SUV,78.72,16.4,45.6,3.3,6.9,655.5
Sedan,43.68,28.4,52.5,60.0,1.1,19.9
Two-Wheeler,2.69,19.7,94.6,30.0,29.3,5.0
Hatchback,39.86,68.4,91.2,3.3,1.6,394.1
Sedan,41.17,10.9,19.4,11.0,1.1,35.8
Two-Wheeler,4.45,68.9,95.1,30.0,-2.4,6.3
Sedan,55.92,12.6,71.7,3.3,8.4,862.7
Hatchback,29.33,69.4,80.3,30.0,0.2,11.9
SUV,94.06,37.1,56.9,11.0,22.8,124.1
Hatchback,26.82,61.4,95.3,7.2,40.1,120.2
Hatchback,28.85,44.2,55.4,30.0,17.2,8.1
Sedan,43.84,45.5,89.8,3.3,18.2,454.7
Sedan,57.39,32.1,76.7,60.0,11.2,32.3
Sedan,50.94,21.3,29.6,3.3,15.0,104.7
Two-Wheeler,4.26,12.8,55.5,3.3,42.2,45.8
Hatchback,36.28,41.2,48.4,11.0,23.9,15.5
Sedan,45.6,53.4,92.0,11.0,5.9,172.1
SUV,80.26,64.4,76.0,60.0,1.7,18.9
Sedan,55.51,9.9,48.0,60.0,11.2,28.6
Sedan,42.14,2.7,60.4,7.2,3.0,325.9
Hatchback,32.8,49.6,63.6,60.0,-3.9,9.5
SUV,70.94,50.6,86.8,11.0,46.0,248.3
Sedan,48.64,67.1,77.3,11.0,5.6,43.3
Sedan,42.07,69.3,84.4,60.0,28.9,7.4
Two-Wheeler,4.3,24.0,81.2,11.0,23.8,14.5
Hatchback,30.87,2.7,80.4,60.0,2.1,42.3
Hatchback,27.82,60.2,75.0,11.0,12.5,33.9
Hatchback,34.9,3.9,71.7,3.3,16.0,527.4
SUV,96.84,25.6,57.6,3.3,4.1,982.2
Sedan,42.69,39.7,85.0,3.3,0.4,703.5
Hatchback,32.34,17.1,33.4,3.3,17.3,113.0
SUV,92.21,42.5,87.4,3.3,12.5,1062.1
Two-Wheeler,3.51,12.3,76.4,60.0,34.4,2.6
Two-Wheeler,3.47,22.8,68.0,11.0,-2.9,17.6
Two-Wheeler,3.71,48.3,63.4,30.0,-2.7,2.2
Two-Wheeler,4.13,48.1,68.5,11.0,22.5,4.9
Two-Wheeler,3.88,44.0,92.6,30.0,11.9,5.2
Hatchback,37.53,23.0,78.0,3.3,32.7,417.5
Sedan,58.85,22.9,51.2,7.2,29.2,161.4
SUV,82.57,58.0,77.9,3.3,13.6,431.6
Hatchback,38.88,17.9,76.5,3.3,30.9,410.3
Two-Wheeler,3.31,63.4,87.7,60.0,46.0,1.3
Hatchback,34.41,62.4,78.8,60.0,29.6,6.2
Sedan,56.46,62.7,81.6,30.0,25.9,25.2
Two-Wheeler,3.07,33.8,86.1,11.0,44.8,12.8
Hatchback,27.89,14.8,24.8,7.2,37.3,27.7
Sedan,61.64,64.3,86.0,11.0,0.2,158.8
SUV,96.56,24.1,97.9,60.0,12.2,112.7
Hatchback,26.95,21.9,67.9,60.0,14.5,14.6
SUV,94.33,15.5,98.7,11.0,33.7,595.3
SUV,68.58,42.2,91.2,3.3,36.6,808.5
Two-Wheeler,4.36,32.8,84.5,30.0,0.1,8.0
Sedan,63.95,53.7,96.3,3.3,13.0,795.2
Two-Wheeler,3.09,68.1,74.2,3.3,44.1,4.7
SUV,71.05,8.7,72.4,3.3,45.7,1420.8
Sedan,50.87,21.0,65.8,11.0,8.0,171.8
Sedan,58.72,54.1,80.0,60.0,17.5,18.5
Two-Wheeler,4.43,47.9,76.8,3.3,28.4,23.2
Hatchback,38.18,8.8,14.3,7.2,43.3,24.2
Two-Wheeler,3.2,29.9,99.3,30.0,12.1,8.1
Sedan,64.09,65.6,79.2,7.2,23.9,86.9
Two-Wheeler,3.56,59.8,69.9,60.0,21.2,1.0
Hatchback,31.48,66.3,93.7,3.3,2.4,327.5
Sedan,43.01,23.0,41.0,11.0,47.4,72.5
Hatchback,32.01,8.1,86.2,3.3,28.9,515.8
Sedan,47.73,29.7,40.6,30.0,7.8,15.7
Two-Wheeler,3.64,17.4,22.9,3.3,5.4,5.9
SUV,72.46,68.4,74.0,3.3,24.9,82.6
Hatchback,30.38,22.7,58.3,60.0,28.3,12.8
Sedan,62.8,30.0,47.1,7.2,47.8,160.5
Hatchback,29.81,17.7,37.4,60.0,35.0,6.1
Two-Wheeler,3.77,51.2,67.8,60.0,14.9,1.0
Two-Wheeler,4.4,47.2,72.8,11.0,11.2,7.4
Sedan,63.12,50.3,66.9,7.2,18.1,107.1
Hatchback,31.68,31.7,37.4,3.3,14.5,43.6
Sedan,48.42,42.7,85.6,7.2,15.8,205.1
Sedan,57.33,32.8,96.2,11.0,23.6,277.8
Hatchback,38.01,54.0,92.8,11.0,-1.7,168.1
Hatchback,30.84,20.9,86.5,11.0,10.3,145.4
SUV,82.85,65.5,96.9,11.0,26.2,214.0
Hatchback,26.64,33.4,50.1,3.3,18.6,104.6
SUV,92.62,66.6,83.2,3.3,11.6,409.4
Sedan,55.86,38.7,87.9,3.3,23.9,540.3
Hatchback,38.31,55.1,98.1,60.0,41.4,24.6
Two-Wheeler,3.03,49.4,57.6,11.0,30.9,1.4
Two-Wheeler,3.18,65.6,99.4,7.2,46.7,24.6
Sedan,44.17,38.0,60.7,60.0,4.1,15.7
Sedan,61.64,69.5,82.6,3.3,2.0,285.5
Sedan,59.55,50.0,90.5,60.0,40.7,33.3
SUV,91.77,39.1,66.4,60.0,47.4,40.7
SUV,69.75,40.0,70.6,30.0,0.7,94.1
SUV,76.38,18.0,60.4,7.2,26.5,326.1
Sedan,56.23,43.4,84.7,7.2,45.7,329.9
Two-Wheeler,3.78,21.1,37.0,60.0,31.8,1.0
Hatchback,35.62,44.7,61.3,11.0,43.4,42.6
SUV,85.85,63.9,89.6,3.3,22.7,509.6
Hatchback,34.86,31.4,85.8,30.0,41.2,50.9
Hatchback,35.47,12.0,87.4,30.0,40.9,68.3
Sedan,45.89,17.7,32.5,30.0,31.4,14.8
Hatchback,28.88,14.9,33.3,11.0,5.9,43.7
Two-Wheeler,4.34,8.4,30.9,60.0,31.1,1.0
Hatchback,39.35,41.9,75.0,7.2,38.6,129.9
Hatchback,38.78,66.5,72.7,30.0,-1.1,9.2
Sedan,56.58,57.9,66.2,3.3,-3.8,174.0
Two-Wheeler,3.34,68.3,92.0,60.0,11.0,1.2
Two-Wheeler,2.83,18.2,53.5,30.0,23.2,2.2
Hatchback,35.96,18.4,58.7,60.0,0.2,28.2
SUV,78.91,16.9,99.0,30.0,-2.9,291.3
Hatchback,33.41,14.7,88.3,30.0,27.3,56.8
SUV,69.21,33.7,87.1,30.0,16.1,82.5
SUV,93.13,59.5,94.1,7.2,29.6,365.2
SUV,78.28,67.4,95.3,60.0,9.2,42.0
Hatchback,28.79,7.6,19.4,60.0,40.9,3.8
Sedan,46.68,42.3,69.4,7.2,2.6,205.1
Hatchback,30.92,43.9,84.8,30.0,29.5,29.3
Hatchback,38.64,12.8,89.7,11.0,18.7,217.7
Two-Wheeler,3.82,14.2,80.8,7.2,2.6,36.4
SUV,95.21,59.4,78.3,3.3,-4.8,653.3
Two-Wheeler,2.37,16.4,41.6,3.3,44.4,14.6
SUV,91.74,54.6,69.5,7.2,4.2,192.9
Hatchback,25.42,32.0,49.7,7.2,35.7,46.0
Sedan,57.06,56.1,79.6,30.0,16.2,33.3
SUV,70.51,17.1,73.4,3.3,36.9,986.9
Two-Wheeler,2.93,46.5,78.5,60.0,3.0,1.5
Two-Wheeler,2.37,29.6,56.3,60.0,34.5,1.0
Hatchback,28.97,22.2,56.9,11.0,10.5,78.7
Two-Wheeler,4.29,32.4,47.1,7.2,10.3,7.2
Two-Wheeler,2.95,66.5,71.5,3.3,46.5,3.8
Sedan,60.64,33.9,45.4,7.2,30.3,66.1
Hatchback,35.72,9.3,17.0,11.0,6.6,24.6
Two-Wheeler,4.3,22.2,63.0,3.3,32.3,34.2
Hatchback,28.8,34.4,60.4,3.3,-0.4,277.1
Two-Wheeler,3.29,66.4,79.4,60.0,8.9,1.0
SUV,76.07,26.5,74.1,3.3,2.5,1206.9
Two-Wheeler,3.32,30.6,80.6,60.0,5.8,2.4
Two-Wheeler,4.31,34.7,70.2,7.2,35.4,14.4
Hatchback,34.14,60.9,80.0,7.2,0.9,117.2
Two-Wheeler,2.38,16.6,40.4,60.0,39.3,1.0
Sedan,63.36,3.4,44.7,7.2,1.2,366.8
Hatchback,39.01,54.8,95.6,3.3,21.9,400.7
Hatchback,26.87,46.9,65.1,3.3,20.2,113.5
SUV,67.72,13.8,30.8,11.0,2.3,117.0
Sedan,56.83,47.8,62.2,3.3,20.1,162.2
SUV,92.23,36.4,97.9,7.2,44.7,775.5
SUV,76.97,28.1,72.9,60.0,21.7,35.5
Two-Wheeler,3.12,58.2,96.8,60.0,33.4,1.6
Hatchback,35.38,12.1,34.2,11.0,14.5,57.6
Two-Wheeler,2.32,33.5,59.4,7.2,47.5,8.2
Hatchback,39.48,62.6,96.8,11.0,37.0,113.1
Sedan,54.96,26.7,68.0,30.0,40.8,59.3
Hatchback,35.65,24.2,57.7,60.0,17.9,13.7
Hatchback,27.72,31.6,42.4,3.3,2.4,102.1
Two-Wheeler,4.26,46.2,68.6,11.0,38.0,5.8
SUV,68.22,16.0,24.2,11.0,-0.5,62.4
Sedan,45.54,18.5,61.0,30.0,12.5,55.0
Two-Wheeler,3.02,64.3,83.4,7.2,41.4,6.3
Hatchback,32.66,52.4,99.9,11.0,-3.4,252.9
Two-Wheeler,3.01,40.9,48.8,30.0,9.9,1.0
Sedan,57.04,63.4,70.3,11.0,18.8,26.1
Sedan,57.65,66.9,86.1,60.0,28.3,14.1
Two-Wheeler,4.31,34.4,97.7,3.3,-4.5,105.1
Hatchback,25.84,11.1,44.0,3.3,2.1,286.7
Hatchback,34.4,5.1,61.7,11.0,25.8,121.5
SUV,87.14,55.1,71.5,3.3,22.0,324.5
Two-Wheeler,3.66,31.1,74.8,30.0,45.6,5.0
SUV,80.85,14.4,92.7,11.0,24.2,423.5
Sedan,53.77,11.9,74.5,60.0,46.3,53.4
Sedan,60.22,34.7,64.1,7.2,24.4,154.5
Sedan,54.48,10.0,49.9,7.2,38.9,216.8
Sedan,63.62,33.8,48.1,3.3,34.8,173.8
Two-Wheeler,3.75,45.3,91.5,30.0,38.6,4.5
Sedan,50.44,43.7,75.5,11.0,10.7,122.2
Two-Wheeler,4.0,11.2,63.3,11.0,44.7,15.0
Hatchback,37.74,16.4,76.2,3.3,19.5,503.9
Hatchback,37.03,42.9,55.1,30.0,4.0,16.1
Hatchback,35.35,16.0,88.9,30.0,13.7,61.1
SUV,86.93,15.6,86.7,30.0,0.6,242.0
SUV,83.92,31.4,46.1,30.0,-0.3,49.2
Two-Wheeler,3.56,23.6,99.9,60.0,47.9,6.1
SUV,71.79,42.0,63.6,7.2,36.3,176.4
Sedan,46.22,34.7,79.4,30.0,47.5,66.7
Sedan,55.14,53.3,83.9,30.0,0.7,72.9
SUV,90.98,44.8,59.7,30.0,0.7,59.6
SUV,84.55,3.3,65.1,30.0,36.3,133.0
Sedan,47.25,13.8,69.0,3.3,1.5,894.6
SUV,94.54,41.7,65.7,60.0,-0.7,46.1
Two-Wheeler,4.02,58.7,80.7,3.3,11.3,21.7
Two-Wheeler,3.45,64.9,78.3,30.0,12.5,1.1
SUV,81.43,57.8,69.8,7.2,22.7,89.8
Sedan,55.95,5.7,25.3,30.0,35.5,25.3
Hatchback,29.53,20.5,60.6,3.3,-3.6,423.8
SUV,90.71,39.3,88.1,3.3,28.4,963.5
SUV,86.79,44.7,67.6,60.0,44.5,28.8
Sedan,46.59,52.4,72.4,7.2,38.6,89.7
SUV,83.23,62.4,85.4,3.3,2.7,633.2
SUV,82.34,67.8,97.0,7.2,27.3,335.1
SUV,73.3,48.0,88.8,7.2,28.1,302.6
Two-Wheeler,4.46,63.8,91.0,11.0,41.0,8.9
Hatchback,36.35,18.8,97.3,30.0,18.0,77.5
Two-Wheeler,3.66,47.2,78.1,3.3,21.6,22.2
Two-Wheeler,2.5,16.0,23.8,30.0,27.0,1.0
Hatchback,30.03,40.4,64.3,60.0,13.9,8.5
Sedan,49.16,12.1,30.7,30.0,22.9,19.4
Sedan,41.05,20.0,76.9,60.0,31.3,27.2
Sedan,45.7,67.2,97.8,7.2,47.0,303.3
SUV,83.29,53.1,67.0,30.0,-3.4,50.4
Hatchback,39.69,4.4,62.6,11.0,5.5,193.5
Two-Wheeler,2.94,52.5,73.2,30.0,0.3,2.5
Two-Wheeler,4.26,49.4,54.9,30.0,38.9,1.0
SUV,93.08,54.4,100.0,3.3,20.6,1309.6
SUV,82.33,13.8,54.9,30.0,3.3,116.7
SUV,73.87,58.2,64.4,60.0,20.9,5.5
SUV,65.88,56.2,95.8,60.0,3.1,57.4
Two-Wheeler,2.59,14.9,67.2,7.2,8.4,17.6
SUV,80.97,61.0,86.3,11.0,9.0,185.5
Hatchback,36.21,47.8,90.8,11.0,36.3,105.7
Sedan,60.62,31.9,45.7,7.2,42.3,93.5
Two-Wheeler,2.48,16.1,43.0,3.3,25.0,12.1
SUV,80.04,34.1,81.1,60.0,-2.0,83.1
Two-Wheeler,2.96,8.3,55.9,30.0,6.5,4.3
Hatchback,26.14,40.1,56.1,3.3,40.6,90.5
Two-Wheeler,3.88,5.5,100.0,11.0,35.7,25.1
Hatchback,27.34,28.8,54.6,11.0,11.3,52.7
SUV,77.81,9.9,18.6,60.0,45.4,13.2
Hatchback,26.36,56.0,75.1,30.0,12.5,13.5
Hatchback,32.26,12.2,27.7,60.0,31.1,5.7
Two-Wheeler,2.48,28.1,84.3,11.0,-3.5,17.6
SUV,88.06,62.1,67.9,60.0,41.5,6.8
Hatchback,31.64,28.4,90.9,3.3,30.1,448.8
Hatchback,29.7,6.6,50.1,60.0,44.8,16.6
Two-Wheeler,4.46,38.7,66.0,3.3,21.2,23.1
SUV,77.73,47.0,57.5,60.0,17.5,9.2
Hatchback,38.94,10.8,55.0,30.0,22.8,39.4
SUV,78.29,2.6,17.7,11.0,20.9,68.4
Sedan,64.69,31.9,72.6,7.2,17.1,256.8
SUV,90.69,32.2,49.2,60.0,33.7,18.3
Sedan,46.39,30.7,94.3,11.0,10.8,247.9
Sedan,47.1,67.9,75.7,11.0,1.5,38.2
Two-Wheeler,2.71,7.2,23.7,30.0,6.8,1.3
SUV,86.69,49.3,56.5,11.0,24.0,38.0
Hatchback,29.78,43.3,73.0,30.0,38.2,22.2
Sedan,47.79,2.9,57.4,11.0,36.5,145.4
SUV,87.67,50.7,58.9,3.3,15.4,173.2
Two-Wheeler,2.92,16.1,63.0,30.0,35.3,3.0
Hatchback,34.76,9.9,98.0,60.0,33.3,44.2
SUV,81.52,3.5,90.4,7.2,-0.7,1291.1
SUV,92.89,65.8,74.2,11.0,-4.2,78.7
Two-Wheeler,2.33,2.3,96.7,7.2,33.9,23.6
Sedan,62.26,64.0,85.6,11.0,44.7,104.9
SUV,78.34,65.7,76.4,11.0,23.8,52.4
Sedan,41.5,23.1,85.5,3.3,4.8,727.8
SUV,83.39,55.6,86.9,60.0,19.4,31.3
Sedan,45.77,27.1,42.6,30.0,25.6,16.3
SUV,81.65,50.5,75.7,60.0,36.0,23.8
Sedan,49.23,50.9,98.5,11.0,4.3,265.1
SUV,99.34,56.2,97.9,3.3,0.7,2185.4
Sedan,41.48,5.7,18.9,11.0,-1.7,56.1
Sedan,52.54,9.1,69.1,7.2,27.2,300.5
SUV,99.47,22.4,93.2,7.2,5.8,1076.9
SUV,86.25,54.1,82.6,60.0,46.6,44.7
Two-Wheeler,2.28,47.6,67.5,3.3,36.7,8.1
Sedan,41.64,69.5,92.8,7.2,0.8,197.5
Hatchback,38.74,11.1,18.5,11.0,3.2,28.8
Two-Wheeler,2.17,37.6,81.9,60.0,-4.8,1.9
Sedan,57.61,65.9,72.9,3.3,2.6,127.0
Two-Wheeler,2.53,15.6,31.7,11.0,8.3,3.0
SUV,97.12,59.2,83.2,11.0,38.7,160.7
Hatchback,39.11,44.1,74.1,30.0,29.7,26.3
Hatchback,28.78,10.0,75.2,7.2,28.6,166.5
SUV,93.41,11.5,21.9,30.0,14.6,25.5
SUV,80.17,65.8,73.4,30.0,45.1,19.8
Sedan,52.31,26.8,81.2,60.0,46.9,50.6
Two-Wheeler,2.62,29.2,72.0,11.0,6.5,9.3
Two-Wheeler,2.06,5.1,24.9,3.3,18.5,9.4
Hatchback,25.4,19.2,28.0,3.3,5.9,63.3
Two-Wheeler,3.65,11.2,53.6,3.3,37.8,30.7
Sedan,55.64,13.8,61.0,7.2,31.7,220.9
Sedan,44.08,61.6,68.3,60.0,18.9,3.8
Hatchback,29.74,54.9,68.5,3.3,28.0,75.3
Sedan,40.37,20.1,32.3,3.3,-0.6,184.1
Hatchback,36.14,9.4,63.3,30.0,33.0,48.2
Two-Wheeler,3.1,55.0,69.2,11.0,4.8,4.1
Two-Wheeler,3.66,37.7,47.5,11.0,47.6,2.8
Two-Wheeler,3.51,2.5,90.9,3.3,26.8,61.9
Two-Wheeler,2.26,30.6,67.9,7.2,3.0,12.7
Hatchback,26.02,18.8,26.6,7.2,43.2,24.0
SUV,86.51,4.9,25.4,60.0,23.2,20.1
SUV,95.59,23.7,88.5,30.0,44.0,176.6
Sedan,47.84,21.4,27.1,11.0,7.2,22.3
Sedan,47.34,4.4,77.4,60.0,32.2,39.4
SUV,91.52,8.3,55.5,60.0,3.9,77.5
Sedan,43.96,58.4,79.7,7.2,41.2,95.0
Hatchback,33.55,14.5,30.5,30.0,10.9,15.2
Hatchback,27.31,7.6,86.6,60.0,14.0,28.2
Hatchback,28.01,4.9,72.3,3.3,-1.4,692.9
Two-Wheeler,2.08,69.5,99.5,30.0,45.2,3.9
Two-Wheeler,3.12,24.7,59.5,30.0,31.9,2.1
SUV,97.78,43.6,95.8,11.0,-3.6,666.1
Sedan,48.46,10.4,23.0,30.0,23.6,12.8
Hatchback,37.45,56.7,90.3,3.3,24.0,280.5
SUV,92.04,46.9,58.9,11.0,13.4,75.1
Sedan,63.29,20.9,79.4,11.0,32.7,225.1
Two-Wheeler,4.22,55.1,92.6,30.0,18.6,4.4
Sedan,51.99,65.1,90.4,11.0,36.9,92.0
Two-Wheeler,4.28,6.6,88.8,30.0,37.6,7.5
Two-Wheeler,4.11,18.6,28.3,3.3,8.3,10.3
Sedan,62.87,46.6,79.2,7.2,41.2,222.5
Sedan,61.92,57.6,63.8,60.0,24.5,4.3
Two-Wheeler,2.23,31.1,96.5,3.3,19.1,36.5
Sedan,45.9,59.3,74.7,7.2,29.4,65.2
Two-Wheeler,3.19,42.1,51.3,3.3,36.7,6.3
Hatchback,35.11,31.9,66.1,30.0,-4.9,50.3
Two-Wheeler,2.57,9.3,66.9,7.2,40.4,13.0
SUV,82.13,59.5,98.5,3.3,19.7,941.7
SUV,78.25,34.4,44.2,7.2,29.3,71.4
Hatchback,34.49,62.3,76.5,30.0,44.6,13.8
SUV,84.42,15.9,21.5,30.0,24.6,11.2
Sedan,41.93,23.1,62.5,60.0,20.9,19.5
SUV,81.96,60.5,74.1,30.0,43.2,29.2
Two-Wheeler,4.02,45.2,72.8,11.0,22.1,6.5
Sedan,43.83,55.5,63.9,7.2,31.5,34.1
Sedan,59.37,60.8,75.5,11.0,8.3,70.6
SUV,89.31,14.5,51.7,60.0,25.7,32.0
SUV,93.4,48.9,90.1,3.3,3.6,1371.0
Two-Wheeler,3.64,63.4,95.4,3.3,8.7,41.3
Two-Wheeler,2.05,47.7,63.0,11.0,38.2,2.0
Hatchback,36.24,57.0,94.5,3.3,0.6,551.6
Two-Wheeler,4.4,33.8,85.5,3.3,8.3,62.6
SUV,86.28,20.5,51.5,11.0,17.0,181.2
SUV,92.06,57.3,90.1,7.2,2.4,505.1
Sedan,45.35,3.5,28.8,7.2,20.7,112.2
Hatchback,30.63,27.6,41.6,3.3,45.2,122.2
SUV,74.56,2.8,80.6,3.3,17.2,1386.9
Two-Wheeler,2.17,57.8,92.0,11.0,5.7,7.7
Two-Wheeler,4.49,50.7,63.3,60.0,5.5,1.0
Hatchback,27.99,2.6,57.6,3.3,27.7,283.9
SUV,97.07,22.7,91.4,3.3,30.9,1532.5
Hatchback,33.94,46.5,94.7,60.0,19.1,23.9
SUV,76.31,60.3,98.3,3.3,24.9,915.4
SUV,95.9,28.6,65.6,7.2,45.9,499.3
Hatchback,31.77,11.8,45.8,30.0,17.9,25.3
Hatchback,38.8,6.9,50.8,30.0,39.0,44.1
Hatchback,36.97,5.4,42.9,7.2,31.4,130.9
Hatchback,30.96,27.9,96.6,60.0,2.8,43.1
SUV,68.39,23.5,66.6,11.0,43.9,207.8
Sedan,56.88,11.9,29.1,11.0,20.4,66.1
Hatchback,26.22,53.4,87.5,7.2,43.1,99.9
Hatchback,32.84,65.8,90.9,30.0,0.9,37.9
Sedan,60.19,69.3,77.7,7.2,-0.7,83.7
Hatchback,35.11,33.7,91.3,30.0,30.1,39.2
Hatchback,30.12,43.5,83.9,7.2,2.1,184.0
Two-Wheeler,3.44,17.6,48.4,60.0,38.3,1.2
SUV,82.8,67.0,93.3,30.0,33.0,60.8
Two-Wheeler,2.64,4.3,35.6,60.0,43.3,1.1
SUV,76.89,42.9,56.4,3.3,26.7,237.5
Hatchback,29.51,31.1,37.0,30.0,29.2,4.0
Sedan,58.19,48.0,72.8,60.0,-1.2,28.7
Sedan,56.45,7.1,17.3,3.3,25.1,122.3
Two-Wheeler,3.75,56.0,79.0,30.0,33.7,2.0
SUV,89.93,22.5,54.0,60.0,28.9,36.8
Sedan,55.84,44.1,49.9,3.3,15.2,66.4
Hatchback,37.78,40.6,67.7,3.3,47.3,320.6
Sedan,64.98,33.2,60.6,60.0,41.0,22.3
Hatchback,34.66,57.1,88.1,11.0,-3.9,118.1
SUV,65.32,22.3,61.5,30.0,28.5,57.0
Sedan,64.83,48.6,61.3,11.0,33.6,55.5
SUV,87.07,37.0,96.9,3.3,25.9,1317.9
Sedan,61.54,23.6,58.3,3.3,21.6,448.8
Hatchback,35.27,50.0,56.1,7.2,15.8,23.5
Hatchback,26.16,19.2,76.8,3.3,2.9,484.7
Two-Wheeler,2.51,19.6,66.5,11.0,32.1,7.3
Hatchback,37.75,58.7,73.5,7.2,33.0,46.6
Hatchback,25.95,2.0,20.6,3.3,1.3,192.2
SUV,90.27,33.1,72.3,11.0,12.8,256.9
SUV,75.85,66.3,83.9,7.2,18.7,126.8
Two-Wheeler,2.92,48.3,84.6,60.0,41.9,1.4
Two-Wheeler,2.27,62.5,76.4,3.3,39.3,6.6
Hatchback,27.67,68.1,74.9,7.2,22.7,17.6
Two-Wheeler,2.74,12.7,33.7,11.0,45.1,5.3
SUV,78.69,43.5,80.4,3.3,-0.0,1079.9
SUV,99.52,36.8,46.8,30.0,41.4,24.9
Sedan,46.12,61.3,75.3,30.0,31.8,14.7
Sedan,44.77,59.1,79.9,7.2,17.1,81.9
Sedan,49.25,4.9,63.9,3.3,4.9,824.5
Two-Wheeler,3.18,15.8,82.1,30.0,47.6,6.4
Sedan,44.9,29.4,39.8,30.0,-0.6,17.8
Hatchback,34.68,65.4,83.1,7.2,1.7,93.9
Sedan,51.58,39.1,94.5,11.0,43.3,235.0
Two-Wheeler,2.42,22.4,80.0,3.3,39.6,29.5
Hatchback,28.59,48.3,66.0,60.0,29.7,5.8
Sedan,62.26,19.8,89.8,30.0,-2.1,187.1
Hatchback,25.42,45.6,58.5,11.0,21.3,20.3
Sedan,55.74,15.5,45.0,3.3,5.7,480.1
SUV,81.85,54.3,62.1,3.3,4.1,206.2
Hatchback,39.42,44.7,50.5,60.0,1.8,3.9
Hatchback,30.25,14.1,33.4,7.2,45.6,76.6
Hatchback,25.37,39.9,57.2,3.3,20.5,84.9
Two-Wheeler,2.4,23.2,77.0,60.0,23.0,1.3
Sedan,60.51,10.2,96.0,11.0,4.6,513.2
Two-Wheeler,3.85,42.7,53.1,7.2,41.3,4.7
Sedan,40.56,36.8,75.5,11.0,5.4,133.2
SUV,95.54,18.9,52.0,11.0,42.9,196.9
Two-Wheeler,2.82,67.4,91.7,11.0,0.4,8.2
Two-Wheeler,2.67,9.4,77.0,30.0,40.9,4.2
SUV,69.76,48.1,53.7,7.2,31.1,41.0
Sedan,58.18,5.8,41.3,7.2,19.2,204.7
SUV,87.67,51.2,63.0,7.2,39.7,113.7
Hatchback,36.65,53.8,59.5,60.0,17.4,2.5
Two-Wheeler,3.65,36.7,62.9,30.0,0.3,3.9
Sedan,47.35,9.9,16.2,30.0,43.1,9.1
Two-Wheeler,2.06,31.0,67.7,60.0,15.9,1.0
Sedan,62.97,53.3,62.8,60.0,8.3,9.2
SUV,92.99,31.7,68.6,60.0,37.3,39.5
Sedan,41.29,64.1,82.7,7.2,4.5,98.6
Hatchback,32.62,64.9,75.4,60.0,35.5,3.9
SUV,78.88,21.1,73.7,11.0,12.1,307.6
Two-Wheeler,4.0,22.2,27.8,60.0,7.6,1.0
SUV,79.14,60.3,74.4,30.0,45.0,38.9
Sedan,65.0,13.2,55.3,11.0,9.0,210.6
Sedan,54.33,9.1,93.9,60.0,2.6,84.6
Sedan,60.66,45.4,69.3,30.0,5.7,48.9
Hatchback,32.85,13.8,71.2,3.3,16.8,423.4
Sedan,52.47,46.7,62.4,11.0,43.9,58.8
SUV,67.01,41.9,67.1,7.2,-2.0,287.9
Sedan,42.67,17.0,43.3,60.0,31.0,12.3
Two-Wheeler,3.16,3.6,24.5,30.0,12.0,1.7
Sedan,56.0,6.2,44.0,30.0,28.7,46.8
Two-Wheeler,3.07,2.6,59.3,11.0,8.9,14.4
SUV,81.75,31.4,62.2,11.0,35.5,143.9
Two-Wheeler,2.23,43.5,51.4,30.0,35.9,1.0
Sedan,53.23,50.1,66.1,30.0,22.9,19.9
Sedan,40.65,53.2,87.6,7.2,3.0,197.5
Two-Wheeler,2.1,27.9,39.2,11.0,47.6,2.3
SUV,81.78,67.7,90.9,11.0,2.0,201.6
Two-Wheeler,4.37,24.6,37.8,30.0,35.2,1.1
Two-Wheeler,3.72,39.1,68.7,3.3,-2.2,40.2
Sedan,55.06,61.6,86.5,11.0,20.8,85.6
Hatchback,34.17,26.1,41.9,3.3,16.1,107.4
Hatchback,27.0,41.8,76.1,3.3,3.2,273.4
Two-Wheeler,2.21,51.3,61.3,30.0,35.2,1.0
SUV,88.45,47.0,65.0,7.2,46.2,233.3
SUV,72.02,6.0,83.9,11.0,12.7,436.8
Hatchback,26.61,44.0,67.5,30.0,39.3,15.0
Hatchback,30.6,4.1,58.9,60.0,1.9,31.9
Sedan,47.18,38.9,80.9,11.0,42.7,150.4
SUV,91.64,41.6,65.9,11.0,-0.4,241.7
Sedan,55.37,36.4,58.9,3.3,45.3,387.6
Two-Wheeler,2.92,44.3,65.0,60.0,44.4,1.0
Sedan,55.92,24.1,90.9,3.3,1.4,1415.0
SUV,75.62,56.8,97.0,3.3,42.9,949.0
Hatchback,33.28,25.8,79.6,7.2,43.2,196.7
Hatchback,31.73,63.7,96.4,11.0,40.6,101.2
Two-Wheeler,4.28,39.6,59.5,3.3,25.2,15.4
Hatchback,30.58,45.9,84.2,11.0,-1.7,128.5
SUV,95.59,46.3,99.7,11.0,34.3,465.4
Two-Wheeler,3.58,35.8,66.4,7.2,38.9,10.4
Two-Wheeler,2.08,61.8,68.2,11.0,18.8,1.0
Hatchback,34.59,60.2,90.3,7.2,18.1,112.6
SUV,82.19,24.7,64.0,30.0,36.7,73.5
Two-Wheeler,4.46,68.0,97.8,60.0,35.0,2.3
Two-Wheeler,2.36,56.9,68.5,11.0,22.2,1.7
Two-Wheeler,2.79,17.9,69.8,30.0,35.1,3.2
Sedan,40.07,49.7,84.5,30.0,16.3,38.6
Sedan,41.76,6.1,48.9,11.0,27.6,117.6
Sedan,54.33,59.3,89.6,11.0,43.3,128.5
Hatchback,34.62,10.7,44.7,60.0,19.6,13.3
Sedan,52.32,17.2,51.4,7.2,9.9,204.4
Two-Wheeler,3.83,10.3,95.1,60.0,3.3,5.9
Hatchback,29.2,13.0,32.0,3.3,10.0,140.9
Hatchback,38.59,55.2,86.5,60.0,26.2,12.0
Hatchback,36.01,6.4,19.2,7.2,26.0,37.0
Hatchback,25.41,21.3,89.4,60.0,24.2,21.0
Sedan,59.72,54.8,94.3,11.0,-3.9,297.7
Two-Wheeler,2.65,31.7,62.9,7.2,16.2,8.3
Sedan,64.53,40.8,70.9,7.2,7.7,241.5
Hatchback,31.23,24.1,42.3,30.0,47.7,19.9
SUV,90.82,63.4,92.3,3.3,14.7,797.8
Sedan,52.19,9.0,38.5,7.2,21.9,157.4
SUV,79.45,38.0,69.2,30.0,32.7,56.1
Two-Wheeler,2.58,44.7,75.9,30.0,-1.1,3.1
Two-Wheeler,3.46,54.5,90.5,11.0,19.2,9.3
Hatchback,39.14,48.9,70.0,7.2,32.3,79.5
SUV,97.02,43.2,95.1,11.0,23.1,362.0
Two-Wheeler,3.41,31.3,78.2,11.0,-1.4,17.8
Hatchback,35.87,2.7,34.6,11.0,25.1,76.9
SUV,66.88,29.5,61.7,3.3,15.1,531.2
SUV,90.04,14.4,23.0,7.2,27.9,77.6
SUV,84.01,44.9,83.4,7.2,27.0,314.1
Sedan,58.54,66.4,81.4,3.3,36.2,202.0
Hatchback,31.07,61.6,82.7,7.2,10.5,66.6
Sedan,41.05,15.6,97.3,7.2,11.5,474.1
Hatchback,25.32,51.9,80.3,60.0,28.1,7.5
Two-Wheeler,2.35,3.8,32.6,3.3,29.7,13.2
Two-Wheeler,3.47,45.2,93.1,7.2,14.1,21.4
Two-Wheeler,3.78,65.3,80.3,7.2,21.2,5.5
Hatchback,32.76,57.2,91.7,11.0,17.0,85.9
Sedan,52.55,68.0,91.3,7.2,9.2,146.7
Two-Wheeler,3.11,48.5,58.9,60.0,47.1,1.0
Two-Wheeler,3.19,52.9,71.8,60.0,22.0,1.0
Hatchback,31.99,68.4,85.4,11.0,3.5,59.5
Sedan,46.32,22.8,47.2,60.0,14.7,16.2
Two-Wheeler,2.47,25.1,59.1,7.2,20.9,7.5
SUV,93.91,19.1,70.8,30.0,4.7,177.2
Hatchback,38.07,43.4,62.6,60.0,2.4,14.3
SUV,88.62,9.2,18.2,7.2,33.5,77.3
SUV,91.06,32.2,86.9,7.2,39.4,574.2
SUV,67.52,10.6,82.4,60.0,33.6,53.7
Hatchback,28.06,25.2,35.6,11.0,-3.2,31.0
Sedan,57.52,28.2,87.0,11.0,15.0,225.0
Two-Wheeler,3.36,51.1,76.2,11.0,45.2,8.5
Sedan,54.45,53.8,79.4,3.3,11.3,360.1
Sedan,55.66,29.7,59.6,30.0,38.0,39.7
Sedan,56.56,30.2,60.9,7.2,1.6,276.5
Hatchback,37.84,55.3,79.6,60.0,38.6,11.5
Sedan,52.41,60.3,93.8,7.2,41.8,236.6
Hatchback,33.78,12.8,61.0,7.2,-1.1,262.9
SUV,89.37,16.6,90.4,11.0,-3.5,702.5
SUV,95.3,37.6,50.9,60.0,0.2,27.6
Two-Wheeler,2.15,32.5,49.0,3.3,37.8,7.0
Sedan,49.74,64.7,99.3,60.0,24.3,32.5
Two-Wheeler,4.3,36.6,53.4,3.3,14.9,15.6
Two-Wheeler,2.52,36.4,88.6,60.0,33.3,1.5
Hatchback,37.22,43.1,73.6,60.0,38.4,13.8
Hatchback,32.57,42.3,98.2,3.3,20.3,480.7
Two-Wheeler,4.33,39.4,58.4,3.3,17.3,18.1
Two-Wheeler,2.86,50.1,88.0,3.3,-4.7,39.0
Sedan,45.79,12.4,75.7,30.0,25.1,66.1
SUV,93.36,8.3,57.7,11.0,9.7,367.0
SUV,87.73,62.4,79.3,30.0,21.8,34.4
SUV,86.65,63.9,88.6,60.0,2.1,45.2
Two-Wheeler,2.42,24.3,75.0,60.0,25.2,1.4
Two-Wheeler,2.37,38.4,95.0,3.3,21.6,31.2
Hatchback,38.29,69.1,92.5,7.2,22.3,95.8
Sedan,48.63,14.7,30.8,11.0,18.8,50.4
Hatchback,32.63,51.6,83.3,7.2,36.0,94.4
Sedan,64.8,13.1,78.6,3.3,25.2,851.7
Two-Wheeler,3.97,5.9,66.8,60.0,21.2,2.6
Two-Wheeler,4.2,24.2,99.9,3.3,38.2,90.9
SUV,94.04,19.1,69.1,11.0,25.9,305.2
Hatchback,36.34,14.7,98.1,11.0,19.9,238.9
Sedan,64.21,41.9,97.8,60.0,25.5,50.8
Two-Wheeler,2.3,51.4,66.6,11.0,17.0,2.3
Two-Wheeler,3.8,23.7,95.9,7.2,-4.6,52.9
SUV,85.46,10.2,88.2,11.0,6.8,589.2
SUV,65.17,44.3,59.6,11.0,35.3,63.2
Sedan,52.5,61.9,78.7,30.0,21.6,20.1
SUV,84.01,35.3,50.5,3.3,28.0,266.8
Sedan,55.71,33.9,94.2,3.3,23.5,781.0
Hatchback,31.36,58.8,80.1,30.0,6.2,19.7
SUV,78.8,40.5,79.1,3.3,14.9,733.6
Two-Wheeler,3.27,39.1,91.1,7.2,-2.2,30.8
Hatchback,38.25,48.6,66.2,3.3,25.8,132.8
SUV,81.73,18.9,34.1,7.2,5.1,162.0
Two-Wheeler,4.46,16.6,85.4,30.0,18.6,8.1
Two-Wheeler,2.98,22.9,54.7,11.0,22.1,5.9
Hatchback,32.76,63.1,80.7,3.3,23.7,115.7
SUV,92.83,4.3,20.0,11.0,-3.6,149.9
Two-Wheeler,4.03,8.5,51.4,3.3,23.8,32.8
Two-Wheeler,3.62,61.1,98.3,3.3,47.1,61.0
SUV,71.89,30.7,49.4,7.2,44.2,143.4
SUV,97.2,22.3,63.4,7.2,19.3,421.7
Hatchback,30.28,10.5,61.1,11.0,30.3,92.1
SUV,81.17,5.0,13.9,30.0,-1.9,28.1
Hatchback,29.83,44.8,92.2,60.0,24.7,17.5
Two-Wheeler,3.27,39.1,53.9,7.2,21.5,4.3
SUV,87.46,37.7,64.0,3.3,15.2,513.0
Two-Wheeler,2.88,33.2,68.0,60.0,29.6,1.0
Hatchback,27.09,2.6,24.9,7.2,-2.6,108.6
Two-Wheeler,2.16,67.3,76.0,7.2,40.4,1.7
SUV,72.77,65.9,77.6,30.0,-3.8,36.5
Hatchback,26.21,57.2,83.4,7.2,44.1,75.0
Hatchback,33.05,7.3,94.6,3.3,29.8,687.6
Hatchback,36.28,65.9,89.1,30.0,30.8,20.7
Hatchback,30.28,47.0,93.9,7.2,30.3,148.0
SUV,87.02,2.9,64.1,30.0,-1.1,215.4
Hatchback,34.69,61.2,82.2,11.0,20.5,46.4
Two-Wheeler,2.68,9.3,86.3,7.2,-2.8,36.9
Two-Wheeler,3.76,51.7,73.9,7.2,16.8,8.7
Hatchback,25.33,51.1,78.9,3.3,47.9,217.7
Sedan,57.19,28.3,41.4,30.0,-1.4,30.4
SUV,74.75,3.5,68.8,7.2,13.8,526.0
SUV,77.73,16.7,43.5,60.0,-2.9,39.5
Hatchback,26.89,24.5,38.5,60.0,-1.9,7.6
Hatchback,25.57,48.6,55.9,60.0,33.5,2.0
Two-Wheeler,3.14,39.3,56.9,7.2,-2.6,9.4
Two-Wheeler,2.52,36.9,45.7,7.2,31.4,1.9
SUV,73.82,48.6,58.9,3.3,36.0,160.3
Hatchback,26.36,63.9,76.1,7.2,28.5,26.9
Two-Wheeler,3.46,22.1,69.9,11.0,38.7,10.4
Sedan,59.57,48.2,73.6,7.2,20.8,138.5
SUV,86.42,59.6,93.7,30.0,43.4,87.6
SUV,78.08,48.7,79.9,7.2,47.5,392.4
Two-Wheeler,4.13,55.7,67.0,11.0,20.6,2.5
Hatchback,25.35,6.2,76.1,30.0,36.0,40.9
Sedan,60.15,69.5,89.2,7.2,26.7,132.7
Hatchback,25.12,16.6,33.5,7.2,30.1,37.6
SUV,97.2,23.4,93.7,60.0,20.4,72.2
Hatchback,26.39,50.5,84.0,30.0,37.7,21.3
SUV,87.6,60.4,92.3,30.0,34.0,77.1
Sedan,61.9,38.4,94.3,60.0,23.5,43.4
SUV,93.12,63.1,88.1,30.0,10.3,71.7
Sedan,56.24,50.1,94.4,3.3,15.9,660.0
SUV,86.99,48.6,60.9,11.0,34.2,63.7
Hatchback,27.13,69.1,80.6,60.0,16.6,4.0
Sedan,57.67,48.0,70.2,11.0,35.6,80.4
Hatchback,34.23,7.3,78.6,30.0,20.2,54.0
Two-Wheeler,2.56,62.3,87.0,3.3,-2.1,24.8
Sedan,52.87,58.2,91.5,30.0,21.7,41.0
Two-Wheeler,3.26,27.1,47.8,3.3,19.4,14.3
SUV,99.99,5.5,85.5,3.3,35.0,1448.3
SUV,86.5,12.5,78.8,7.2,13.6,628.5
SUV,73.79,25.9,61.0,30.0,17.9,66.9
SUV,94.85,54.4,97.4,30.0,13.5,152.7
Hatchback,37.26,57.1,78.4,60.0,20.8,8.2
Two-Wheeler,3.1,23.2,45.5,3.3,2.9,21.9
Hatchback,32.37,58.1,96.8,60.0,3.1,26.9
Hatchback,26.7,30.0,78.6,3.3,20.9,247.3
Sedan,61.72,56.1,72.6,30.0,42.8,26.5
Two-Wheeler,2.26,65.6,80.8,60.0,18.3,1.0
Two-Wheeler,3.39,48.2,77.6,30.0,-3.6,3.5
Hatchback,26.97,17.4,40.2,30.0,23.7,13.3
Two-Wheeler,3.06,55.6,71.6,7.2,8.3,5.9
SUV,99.33,56.8,76.8,7.2,1.3,377.5
Hatchback,31.85,15.3,70.1,30.0,28.9,42.8
Sedan,54.1,40.3,70.3,3.3,46.4,517.0
SUV,87.24,49.0,92.9,11.0,6.7,423.0
Hatchback,25.97,61.2,77.2,3.3,37.2,90.5
Two-Wheeler,2.51,30.9,87.8,30.0,0.2,5.7
SUV,68.58,32.0,56.5,3.3,38.5,328.9
SUV,88.15,66.7,79.1,30.0,36.4,26.4
Two-Wheeler,4.18,57.6,74.6,60.0,2.8,1.2
Two-Wheeler,3.12,30.1,41.6,11.0,29.3,2.2
Two-Wheeler,3.69,67.7,76.5,60.0,31.2,1.0
SUV,86.52,12.6,44.1,30.0,28.5,57.3
SUV,92.21,38.4,78.0,60.0,29.8,42.1
Hatchback,32.46,10.4,96.2,30.0,-4.1,123.7
SUV,82.3,57.6,77.0,60.0,17.8,18.8
SUV,96.52,49.0,78.3,11.0,39.0,193.6
Sedan,43.01,25.8,74.7,7.2,47.0,329.0
SUV,72.08,50.1,78.6,30.0,34.2,48.9
Two-Wheeler,3.32,26.6,71.2,11.0,9.6,10.6
Two-Wheeler,3.24,6.6,45.8,3.3,30.8,25.2
Hatchback,35.87,10.2,37.6,11.0,17.4,66.1
Hatchback,38.4,9.8,39.9,11.0,41.0,74.8
Two-Wheeler,2.43,53.4,93.3,60.0,45.8,1.8
Hatchback,31.05,43.2,52.3,11.0,20.1,16.9
SUV,93.75,33.8,90.9,7.2,-1.9,1025.3
SUV,70.44,56.6,62.4,3.3,15.2,98.9
Sedan,63.7,15.3,41.8,3.3,28.8,341.6
SUV,96.62,26.2,72.8,30.0,13.9,116.6
Two-Wheeler,3.26,5.6,69.7,11.0,21.8,12.0
Hatchback,29.96,20.4,34.5,11.0,6.7,35.5
Sedan,58.44,8.4,47.6,3.3,29.3,438.3
Sedan,62.04,8.1,57.7,3.3,38.6,577.9
SUV,89.7,25.0,35.4,60.0,38.7,9.3
SUV,76.57,40.5,45.6,30.0,17.1,10.3
Hatchback,35.24,9.1,76.8,7.2,18.3,223.2
SUV,93.65,59.0,76.7,11.0,28.5,97.7
Two-Wheeler,3.64,19.4,49.0,11.0,3.8,10.3
Hatchback,38.77,66.1,93.6,60.0,20.1,14.9
SUV,82.88,64.5,87.1,7.2,27.4,168.8
Hatchback,26.26,27.4,95.7,60.0,46.2,35.9
Two-Wheeler,4.13,62.6,77.2,7.2,33.9,5.3
Hatchback,26.22,58.7,88.1,11.0,35.2,50.7
SUV,98.76,44.3,75.9,11.0,24.5,189.4
Two-Wheeler,2.18,20.9,63.9,30.0,3.8,2.9
Hatchback,36.35,33.8,56.5,30.0,39.4,19.0
Hatchback,29.39,68.8,92.3,11.0,46.1,75.9
Two-Wheeler,3.83,33.7,77.3,7.2,19.7,16.4
Sedan,52.19,11.1,71.1,30.0,3.4,109.5
Two-Wheeler,3.05,25.3,91.9,3.3,34.4,42.5
SUV,87.28,67.8,83.9,7.2,39.2,140.9
Two-Wheeler,2.6,4.0,51.7,30.0,27.3,2.4
Two-Wheeler,2.72,60.4,71.3,7.2,-4.7,5.2
SUV,84.6,49.4,80.0,11.0,28.6,189.2
Sedan,57.74,24.0,47.3,11.0,9.6,102.5
Two-Wheeler,4.26,16.0,88.7,3.3,-2.0,111.5
SUV,70.06,69.1,88.7,11.0,37.8,103.0
Sedan,61.18,17.0,51.9,3.3,34.2,401.3
Sedan,63.9,38.6,58.8,30.0,44.8,36.5
Two-Wheeler,3.88,53.1,76.8,30.0,9.1,2.4
Sedan,41.33,18.3,31.9,3.3,-2.5,195.1
SUV,99.98,47.4,97.1,7.2,-1.6,1067.9
Two-Wheeler,3.55,26.6,89.1,30.0,21.5,4.8
SUV,85.57,23.1,33.8,11.0,-4.3,100.0
Two-Wheeler,2.84,58.7,99.7,60.0,17.8,2.2
Hatchback,33.4,58.6,89.2,60.0,14.8,13.9
Hatchback,32.52,8.1,61.0,3.3,38.0,390.5
Two-Wheeler,3.37,15.7,23.3,7.2,-4.9,4.2
Two-Wheeler,3.16,59.7,79.4,7.2,-0.6,11.2
SUV,84.95,46.1,51.1,7.2,23.6,45.3
Hatchback,30.06,64.3,81.5,30.0,13.6,13.4
Two-Wheeler,3.69,40.9,75.6,3.3,2.1,46.6
Sedan,63.83,30.6,93.8,11.0,46.3,390.9
Sedan,58.04,8.5,76.4,60.0,21.1,43.4
Two-Wheeler,3.77,23.7,96.6,7.2,38.5,32.5
SUV,97.16,23.8,86.4,30.0,18.8,134.8
Sedan,57.95,57.0,85.3,3.3,10.6,423.2
SUV,69.48,59.4,82.2,30.0,15.2,44.5
Sedan,62.63,43.1,84.5,3.3,46.6,858.5
Hatchback,32.27,30.6,39.7,3.3,20.0,56.2
SUV,89.33,25.5,69.7,3.3,28.8,842.9
Hatchback,34.83,5.9,22.9,30.0,-2.6,27.3
Two-Wheeler,3.33,37.9,69.9,7.2,16.2,11.7
Hatchback,28.55,45.9,85.4,7.2,7.9,141.2
Two-Wheeler,2.18,39.5,71.5,30.0,31.9,1.5
Two-Wheeler,2.68,4.6,61.1,60.0,15.3,1.7
SUV,77.64,38.7,51.3,60.0,37.0,11.0
Two-Wheeler,3.09,18.3,66.4,7.2,7.0,19.4
Two-Wheeler,2.75,28.0,85.1,3.3,29.4,33.9
Hatchback,31.64,30.3,42.0,30.0,26.0,7.7
Hatchback,37.29,5.9,80.4,7.2,15.7,279.5
Sedan,46.64,59.3,65.9,11.0,30.5,20.2
SUV,91.99,32.7,99.3,7.2,15.0,790.3
SUV,88.09,54.5,76.3,60.0,21.1,23.5
SUV,91.13,68.6,92.8,11.0,32.9,155.5
Two-Wheeler,3.95,68.8,85.2,7.2,35.4,6.1
Hatchback,26.18,9.2,19.2,3.3,-3.7,97.6
SUV,83.98,25.2,58.2,11.0,3.5,263.7
Two-Wheeler,4.2,21.2,45.5,3.3,5.4,25.6
Two-Wheeler,4.49,3.6,53.7,7.2,13.8,23.6
Hatchback,25.45,7.5,70.1,30.0,31.6,35.0
Sedan,60.89,28.0,54.4,30.0,38.5,35.5
SUV,90.22,49.7,95.8,60.0,35.6,61.2
Two-Wheeler,2.94,30.9,54.0,11.0,6.7,5.7
Two-Wheeler,2.46,20.8,75.1,30.0,30.4,2.7
Sedan,52.43,58.9,71.9,3.3,47.9,192.1
SUV,98.62,28.7,67.0,30.0,32.3,91.1
Sedan,63.42,40.8,57.7,30.0,1.9,37.4
Two-Wheeler,4.15,11.3,97.5,7.2,36.3,36.2
Two-Wheeler,2.11,50.9,72.8,30.0,1.6,1.8
Sedan,55.06,12.6,28.2,7.2,18.7,81.2
Hatchback,26.18,37.5,63.3,30.0,12.2,17.8
Two-Wheeler,2.48,28.3,59.1,11.0,23.0,4.7
SUV,76.0,56.0,68.0,7.2,29.7,93.5
SUV,74.34,4.3,35.5,30.0,-4.8,102.9
SUV,86.04,55.8,69.9,11.0,14.7,98.0
SUV,80.93,16.4,91.8,30.0,-1.7,261.5
SUV,82.07,67.7,88.9,7.2,30.6,185.9
Hatchback,31.66,3.2,89.9,30.0,24.8,66.4
SUV,91.36,46.4,98.1,30.0,37.1,135.6
SUV,78.83,14.4,38.6,7.2,3.6,296.0
Two-Wheeler,3.9,6.7,68.4,7.2,46.9,35.4
Two-Wheeler,3.56,48.5,67.1,7.2,16.2,7.2
SUV,99.54,36.6,51.2,11.0,37.3,109.0
Two-Wheeler,2.58,32.6,95.0,3.3,41.9,43.0
SUV,70.06,40.6,88.2,30.0,7.5,106.5
Two-Wheeler,4.3,68.2,84.6,11.0,19.8,4.5
Hatchback,33.14,44.7,56.0,3.3,38.9,80.6
Hatchback,33.32,23.0,54.9,60.0,45.6,16.6
SUV,91.55,57.4,97.0,11.0,31.7,300.4
SUV,81.07,8.4,92.6,3.3,46.9,2288.6
Sedan,47.4,28.4,59.4,3.3,32.3,278.0
Hatchback,39.48,64.4,95.6,3.3,18.1,360.3
Sedan,56.34,19.9,54.9,11.0,45.9,194.7
SUV,66.45,42.3,74.7,7.2,-1.5,346.5
SUV,87.61,57.0,66.0,3.3,35.0,157.6
Sedan,51.24,50.7,87.3,11.0,26.1,127.1
Sedan,60.35,23.3,94.1,7.2,10.3,522.0
Sedan,44.22,35.5,56.0,30.0,7.7,24.0
SUV,85.76,50.2,87.8,7.2,6.1,486.9
Hatchback,38.74,64.6,88.1,60.0,24.6,11.1
Sedan,41.16,12.9,40.1,30.0,29.1,24.7
Two-Wheeler,2.24,62.9,89.6,3.3,17.3,15.9
Sedan,55.52,2.5,37.2,30.0,35.6,36.6
Two-Wheeler,3.12,54.6,83.7,7.2,13.7,8.9
Two-Wheeler,3.57,36.2,48.8,11.0,23.9,2.6
Two-Wheeler,2.4,65.0,94.0,3.3,-3.8,30.0
Hatchback,32.06,11.8,94.6,11.0,22.6,166.2
SUV,98.7,9.4,47.3,60.0,22.8,41.6
SUV,81.85,54.1,77.5,60.0,15.4,24.5
Sedan,55.91,5.8,38.6,7.2,30.8,147.6
Two-Wheeler,3.15,6.4,18.2,11.0,26.8,2.3
SUV,86.85,35.5,66.2,30.0,11.9,74.8
Two-Wheeler,3.45,41.4,48.8,3.3,18.0,5.1
Hatchback,36.52,36.6,87.0,3.3,9.4,521.0
Sedan,55.67,48.5,84.2,7.2,23.1,179.5
SUV,90.82,51.4,85.7,30.0,43.3,85.6
SUV,99.34,56.0,84.1,3.3,27.2,592.8
SUV,78.27,66.5,88.6,11.0,3.4,177.3
Hatchback,34.5,20.0,71.4,30.0,38.3,40.5
Two-Wheeler,2.52,39.6,80.2,11.0,38.0,6.3
Two-Wheeler,3.39,14.9,72.0,60.0,32.4,2.2
Hatchback,26.46,60.1,96.6,60.0,28.3,14.3
Sedan,48.63,14.3,44.6,7.2,3.8,217.7
Two-Wheeler,3.86,22.5,71.8,3.3,31.8,38.9
Two-Wheeler,3.8,43.9,55.6,60.0,-3.9,1.0
Sedan,54.97,69.4,97.1,60.0,44.8,34.7
Two-Wheeler,3.5,33.9,41.7,60.0,43.9,1.0
Two-Wheeler,3.78,24.6,67.9,3.3,47.8,51.0
Hatchback,25.84,41.4,49.1,3.3,-4.7,71.0
Two-Wheeler,4.14,27.4,64.8,3.3,35.2,28.6
Hatchback,29.03,68.4,79.0,7.2,31.3,28.1
Two-Wheeler,3.91,14.3,25.7,11.0,28.9,2.6
Sedan,54.27,14.5,42.5,60.0,26.6,16.5
Sedan,41.49,48.9,79.5,7.2,35.0,117.6
Two-Wheeler,3.08,57.2,76.9,7.2,19.6,5.8
Hatchback,28.17,56.9,96.8,3.3,34.3,308.7
Two-Wheeler,2.31,8.3,29.5,30.0,27.0,1.0
Two-Wheeler,3.36,64.0,86.1,3.3,22.4,16.8
Two-Wheeler,2.61,24.5,61.5,3.3,43.9,22.2
Two-Wheeler,2.8,16.6,55.5,7.2,34.6,9.0
Sedan,59.21,28.7,35.0,3.3,47.5,126.3
Two-Wheeler,3.71,45.4,99.3,7.2,4.6,34.4
Hatchback,26.13,57.8,70.8,30.0,35.7,7.4
Sedan,42.01,9.1,18.2,30.0,30.0,8.4
SUV,96.11,23.6,40.3,7.2,30.5,156.3
Two-Wheeler,3.11,65.5,77.4,30.0,20.8,1.0
Hatchback,28.07,6.8,61.3,30.0,25.2,33.2
SUV,73.27,68.1,92.2,30.0,27.1,48.7
Sedan,49.02,60.9,97.3,3.3,5.1,707.1
Two-Wheeler,3.74,61.5,74.0,7.2,2.2,7.6
SUV,84.87,48.2,96.2,30.0,1.1,209.0
Hatchback,38.99,53.6,92.2,3.3,41.4,450.6
Two-Wheeler,2.87,27.9,68.2,30.0,26.7,2.4
Hatchback,28.4,26.6,90.5,30.0,32.8,37.7
Hatchback,37.48,19.0,92.7,7.2,18.3,292.0
Two-Wheeler,2.38,18.1,66.0,7.2,31.5,9.2
Sedan,43.79,65.7,88.3,30.0,12.6,27.2
Two-Wheeler,4.02,21.5,72.4,11.0,33.7,13.4
SUV,86.76,26.7,58.5,3.3,17.6,636.8
Sedan,46.1,59.8,94.2,11.0,-0.1,219.9
Two-Wheeler,3.67,42.9,58.7,11.0,24.2,3.4
Sedan,46.99,51.7,89.3,3.3,1.5,661.1
Hatchback,33.56,7.8,81.5,3.3,30.9,461.8
Sedan,53.77,22.8,58.9,7.2,-0.3,349.2
SUV,86.67,56.7,99.2,3.3,31.3,1029.5
Hatchback,37.03,17.4,65.4,7.2,15.0,203.2
SUV,92.23,17.7,91.8,11.0,11.6,503.7
Two-Wheeler,2.08,46.7,60.8,7.2,34.2,2.6
Two-Wheeler,3.66,31.1,41.7,11.0,17.8,2.6
Two-Wheeler,3.56,36.8,94.7,7.2,35.1,20.3
Hatchback,32.19,64.5,82.1,60.0,10.3,7.8
SUV,79.38,45.1,93.4,60.0,-3.5,90.5
Sedan,63.26,11.4,70.2,7.2,35.2,353.6
Sedan,50.12,4.1,68.8,60.0,-4.8,68.2
Sedan,61.94,47.4,97.1,11.0,23.7,223.3
Sedan,46.34,63.6,99.5,3.3,-3.0,965.8
Two-Wheeler,3.29,33.2,98.9,7.2,13.8,28.0
Two-Wheeler,2.04,55.7,87.9,30.0,43.2,1.9
SUV,90.69,69.1,95.9,11.0,25.8,212.2
SUV,95.69,7.7,90.1,7.2,28.4,804.6
SUV,75.73,67.9,88.9,11.0,31.3,112.0
Two-Wheeler,2.21,18.9,71.3,11.0,35.4,6.9
Sedan,57.04,4.8,52.7,30.0,41.5,74.0
Sedan,53.79,50.9,95.2,30.0,42.1,78.6
SUV,71.23,50.9,89.1,11.0,2.9,261.4
Hatchback,33.13,60.2,96.6,30.0,4.5,54.3
SUV,97.2,13.2,62.0,3.3,-0.1,1885.1
SUV,73.16,48.3,75.2,11.0,20.9,129.2
Hatchback,39.89,59.0,69.8,7.2,13.7,43.8
Two-Wheeler,2.66,21.0,80.5,30.0,36.1,3.2
Hatchback,36.16,42.2,92.5,11.0,32.5,100.5
SUV,75.25,42.2,98.7,30.0,45.2,164.5
SUV,72.95,54.5,82.2,7.2,42.0,222.8
SUV,81.96,41.8,90.2,30.0,39.8,105.9
SUV,99.31,54.1,67.1,60.0,10.7,20.2
Two-Wheeler,3.04,63.4,92.7,60.0,13.8,1.3
Hatchback,30.02,39.9,46.5,11.0,28.0,12.2
Sedan,48.6,64.0,90.6,7.2,-4.3,233.7
Two-Wheeler,2.59,54.2,62.8,3.3,12.6,5.3
Hatchback,30.82,34.8,48.0,30.0,43.1,11.9
Two-Wheeler,4.08,69.7,88.3,30.0,41.0,2.1
Two-Wheeler,2.44,40.6,88.3,11.0,30.6,7.0
Two-Wheeler,2.26,22.9,67.0,3.3,6.4,29.2
SUV,91.44,26.5,39.9,60.0,3.0,22.7
Two-Wheeler,2.06,56.9,71.8,7.2,40.6,3.1
Hatchback,28.79,45.6,97.5,11.0,34.9,113.2
Sedan,54.08,33.1,49.4,60.0,23.6,8.6
Two-Wheeler,4.38,13.5,20.3,7.2,21.9,2.6
Hatchback,31.5,30.0,64.5,30.0,1.4,40.3
Hatchback,36.46,62.2,76.1,11.0,3.3,50.6
Sedan,51.33,43.6,70.4,7.2,8.5,151.0
Two-Wheeler,3.85,60.2,71.8,60.0,40.1,1.0
Sedan,40.96,25.5,97.7,60.0,23.5,40.2
Sedan,51.18,28.1,86.4,7.2,2.9,476.5
Hatchback,37.96,57.4,66.4,60.0,25.8,3.5
SUV,85.22,63.3,74.0,60.0,38.8,11.5
Hatchback,37.34,15.5,33.5,11.0,-2.3,69.3
SUV,97.49,54.3,84.5,30.0,21.9,64.3
SUV,93.2,26.2,52.9,11.0,42.3,189.7
Hatchback,34.82,26.7,84.0,30.0,36.6,46.0
SUV,69.15,41.4,74.3,7.2,28.8,218.0
Sedan,60.56,42.0,71.0,30.0,47.8,66.1
Sedan,45.55,15.2,93.9,30.0,44.2,105.7
SUV,90.52,22.3,43.2,60.0,29.5,18.7
Hatchback,37.33,36.6,89.8,30.0,30.8,41.5
Hatchback,34.79,68.3,76.4,11.0,3.9,26.0
SUV,82.49,28.9,97.4,60.0,9.8,92.2
Sedan,52.98,5.7,46.6,11.0,25.9,137.0
Sedan,42.79,64.3,80.3,7.2,21.1,65.0
Two-Wheeler,3.42,18.7,69.9,3.3,1.2,58.6
Hatchback,39.71,62.9,89.2,60.0,2.7,21.9
Sedan,61.0,54.0,68.1,3.3,7.5,207.8
Hatchback,28.77,59.6,91.7,60.0,37.5,12.2
Two-Wheeler,2.55,65.5,86.8,7.2,30.5,5.1
SUV,89.66,60.4,73.5,7.2,3.6,186.2
Hatchback,35.31,50.3,57.8,60.0,16.1,3.2
Two-Wheeler,2.86,68.7,92.7,30.0,2.6,3.1
Hatchback,28.74,68.0,99.6,3.3,10.2,344.5
Two-Wheeler,3.26,34.8,66.8,7.2,-0.8,17.2
Two-Wheeler,2.54,44.5,57.3,11.0,14.0,2.2
Hatchback,38.69,21.6,27.4,11.0,21.8,14.3
SUV,65.62,41.9,67.4,3.3,12.1,418.0
Hatchback,28.48,36.7,99.6,30.0,-2.4,95.6
SUV,79.8,56.9,87.5,30.0,32.8,58.1
Sedan,44.18,7.4,49.6,11.0,0.2,203.3
Sedan,61.92,14.6,31.7,60.0,13.2,13.6
Hatchback,28.59,54.9,96.9,30.0,-3.0,60.3
Two-Wheeler,3.38,4.5,54.5,3.3,17.6,32.5
Hatchback,26.63,7.0,24.3,3.3,26.1,96.2
Two-Wheeler,3.63,43.8,57.8,11.0,45.1,5.1
Sedan,46.22,40.8,95.6,3.3,25.8,602.4
Hatchback,31.0,65.3,93.2,7.2,37.4,100.5
Sedan,59.59,10.1,37.3,7.2,38.6,158.2
SUV,75.33,8.3,88.3,11.0,4.6,591.5
Hatchback,32.16,57.3,62.5,11.0,14.2,10.9
Two-Wheeler,4.3,27.8,72.8,3.3,-4.5,66.4
SUV,76.75,65.8,91.8,7.2,29.2,237.2
SUV,67.13,54.3,60.2,3.3,36.3,84.2
Sedan,56.01,35.6,51.8,7.2,37.7,91.4
Two-Wheeler,3.74,30.5,57.7,7.2,24.7,9.5
Hatchback,38.43,27.3,45.5,3.3,1.9,234.2
Hatchback,35.63,3.4,88.9,3.3,43.3,743.2
Two-Wheeler,2.1,67.1,90.0,3.3,45.5,17.1
Sedan,63.71,19.1,30.9,60.0,9.9,11.2
Hatchback,39.64,55.4,63.8,30.0,43.8,9.1
SUV,72.95,37.7,86.8,60.0,0.1,68.6
Sedan,52.74,44.1,52.9,11.0,1.7,49.8
Hatchback,31.74,42.8,54.8,3.3,34.5,80.9
Hatchback,27.52,27.1,76.7,3.3,-0.5,440.3
Two-Wheeler,3.3,13.8,68.5,60.0,13.9,2.3
Two-Wheeler,2.59,64.5,93.2,60.0,3.2,1.6
Hatchback,25.15,54.9,73.8,3.3,43.8,109.8
Two-Wheeler,3.86,59.4,70.7,30.0,5.8,1.4
Hatchback,34.56,6.8,70.7,7.2,4.9,313.5
Two-Wheeler,3.47,12.2,39.2,30.0,-2.8,3.5
SUV,81.28,69.8,93.1,7.2,15.8,223.5
Sedan,49.06,6.3,76.5,7.2,5.7,517.6
Two-Wheeler,4.05,60.5,84.5,7.2,44.1,10.7
Hatchback,38.94,37.4,69.0,30.0,-3.5,49.4
SUV,81.0,56.0,81.0,3.3,36.4,402.1
Sedan,41.99,16.0,92.9,60.0,8.9,53.4
Hatchback,39.05,19.4,85.3,11.0,16.7,190.2
Hatchback,33.11,9.5,30.9,11.0,43.2,52.6
Sedan,48.85,38.7,45.9,30.0,2.6,13.5
Two-Wheeler,3.23,65.3,89.7,7.2,3.8,11.7
SUV,81.64,59.2,84.1,11.0,35.6,138.5
Two-Wheeler,3.07,54.2,89.2,30.0,13.0,2.6
Sedan,54.94,43.9,97.9,60.0,6.8,57.2
SUV,73.39,43.4,54.4,3.3,2.9,234.9
Sedan,63.98,48.3,83.8,11.0,14.6,152.8
SUV,66.36,52.3,72.8,30.0,20.2,31.2
SUV,88.38,21.0,36.8,7.2,14.1,172.5
Two-Wheeler,4.41,4.5,11.2,11.0,42.5,1.9
Hatchback,36.73,14.3,68.9,7.2,-2.6,337.2
Sedan,51.23,26.7,53.0,11.0,9.0,97.7
SUV,73.32,33.1,54.1,7.2,9.4,183.4
Hatchback,38.3,14.5,21.3,3.3,36.2,50.6
Two-Wheeler,3.33,39.9,66.1,7.2,40.1,7.8
Sedan,45.55,35.1,49.4,7.2,10.0,75.5
Two-Wheeler,2.45,36.6,77.5,7.2,27.4,8.2
Two-Wheeler,2.39,31.7,67.3,3.3,5.9,23.1
SUV,84.0,34.4,81.1,3.3,28.4,796.8
Hatchback,27.28,44.9,81.0,30.0,7.5,28.6
Sedan,55.51,26.8,99.9,3.3,28.7,1066.4
Sedan,40.36,44.6,95.8,7.2,34.5,225.4
Two-Wheeler,4.19,10.1,75.4,3.3,8.0,73.8
Sedan,44.25,4.7,56.7,3.3,18.8,493.0
Hatchback,37.09,10.4,85.8,3.3,12.1,661.4
Sedan,55.14,40.5,67.3,30.0,20.4,32.4
Sedan,58.32,47.7,68.6,3.3,37.0,246.7
Sedan,64.5,20.1,47.2,11.0,-4.5,197.7
SUV,87.02,14.9,74.2,60.0,3.7,90.7
SUV,76.07,48.2,53.5,60.0,10.9,5.8
Sedan,44.26,23.9,40.5,60.0,20.3,8.3
SUV,80.1,34.2,58.0,3.3,46.2,593.9
Hatchback,32.91,28.2,78.2,30.0,3.1,64.3
Hatchback,36.16,67.2,98.4,60.0,5.7,27.3
Hatchback,31.51,38.1,75.1,30.0,22.5,26.8
Sedan,60.59,66.8,90.6,30.0,45.2,53.0
Two-Wheeler,2.71,37.3,94.5,30.0,1.7,6.2
Sedan,57.94,66.5,92.1,60.0,47.3,31.6
Hatchback,34.0,63.0,92.6,30.0,26.7,27.9
Two-Wheeler,4.39,30.9,41.7,3.3,15.1,10.6
Two-Wheeler,3.5,5.1,16.6,60.0,16.6,1.0
Sedan,64.61,3.0,58.3,7.2,46.8,539.1
SUV,76.18,56.4,97.3,11.0,17.6,289.0
SUV,88.62,22.9,35.5,3.3,27.7,227.7
SUV,90.81,34.3,62.5,11.0,34.3,167.7
Hatchback,34.3,36.6,78.2,11.0,16.2,94.7
SUV,89.95,68.7,87.0,30.0,45.4,60.1
Sedan,54.15,40.8,93.2,60.0,45.6,57.8
Sedan,59.43,26.4,40.8,3.3,7.2,228.6
Sedan,41.84,36.5,42.5,30.0,32.0,5.0
SUV,97.3,62.2,78.6,7.2,6.0,221.7
Hatchback,31.38,35.9,49.5,60.0,7.1,6.4
SUV,75.37,49.6,85.8,60.0,17.4,36.6
